CDR3a,CDR3b,HLA,Epitope,label
CWGTYNQGGKLIF,CASSGASHEQYF,HLA-A*24:02,RYPLTFGWCF,1
CLVGDMDQAGTALIF,CASSLGQTNYGYTF,HLA-C*08:02,GADGVGKSA,1
CLVGDRDQAGTALIF,CASSFGQSSTYGYTF,HLA-C*08:02,GADGVGKSA,1
CLVGDMDQAGTALIF,CASSLGRASNQPQHF,HLA-C*08:02,GADGVGKSA,1
CLVGDMDQAGTALIF,CASSLGEGRVDGYTF,HLA-C*08:02,GADGVGKSA,1
CASSRWGGSEKLVF,CASSDSRTGGTDTQYF,HLA-A*24:02,KYTKAFLV,1
CALRVMNRDDKIIF,CASSTKEGGTGEQFF,HLA-A*02:01,GILGFVFTL,1
CAVEAREYGNKLVF,CASSSEASGENF,HLA-A*02:01,GILGFVFTL,1
CAVRPTSGGSYIPTF,CASSYVGAAGELFF,HLA-A*02:01,SLLMWITQC,1
CATVGTASKLTF,CASSLWLNEQFF,HLA-A*02:01,NLVPMVATV,1
CARNTGNQFYF,CASSPKTGASYGYTF,HLA-A*02:01,NLVPMVATV,1
CVVGYGQFYF,CASSFVSFDEQFF,HLA-A*02:01,NLVPMVATV,1
CAASRKGSNYKLTF,CASSADSYGANVLTF,HLA-A*02:01,NLVPMVATV,1
CAVRWGGKLSF,CSVDPGHTGEKLFF,HLA-A*02:01,NLVPMVATV,1
CAEIPNYGGSQGNLIF,CASSLVGGRHGYTF,HLA-A*02:01,NLVPMVATV,1
CAESSASKIIF,CASSHDPTWGPGNTIYF,HLA-A*02:01,NLVPMVATV,1
CAVRDRWSGGYQKVTF,CASSFGQGSSPLHF,HLA-A*02:01,NLVPMVATV,1
CAVRVSGGYNKLIF,CASSLETVNTEAFF,HLA-A*02:01,NLVPMVATV,1
CAVTLNNNAGNMLTF,CASSSFYDSNEKLFF,HLA-A*02:01,NLVPMVATV,1
CALSPRTQGGSEKLVF,CASSLASPGHFTGELFF,HLA-A*02:01,NLVPMVATV,1
CAFNRDDKIIF,CASRRQGTVYEQYF,HLA-A*02:01,NLVPMVATV,1
CAGTNTGGFKTIF,CASRIELPGAGELFF,HLA-A*02:01,NLVPMVATV,1
CAVYGNNRLAF,CSARDHGGDYGYTF,HLA-A*02:01,NLVPMVATV,1
CAVRDRDNYGQNFVF,CASSLEVTGLNTEAFF,HLA-A*02:01,NLVPMVATV,1
CAVMDSSYKLIF,CASSDSGEAGELFF,HLA-A*02:01,NLVPMVATV,1
CAVLDSNYQLIW,CASSEDSGGYNEQFF,HLA-A*02:01,NLVPMVATV,1
CAVTDSNYQLIW,CSARDMASGRNEQYF,HLA-A*02:01,NLVPMVATV,1
CAVWGNTGKLIF,CASSPGGGMNTEAFF,HLA-A*02:01,NLVPMVATV,1
CVVSIAGNNRKLIW,CASSPASGSLFF,HLA-A*02:01,NLVPMVATV,1
CVVHAGNMLTF,CASSEGLGGALYGYTF,HLA-A*02:01,NLVPMVATV,1
CVVNEGPGAGSYQLTF,CASSPDYDQETQYF,HLA-A*02:01,NLVPMVATV,1
CVAPTNFGNEKLTF,CASTHGTSGEDTQYF,HLA-A*02:01,NLVPMVATV,1
CAVLTLNARLMF,CASLPTGTNTGELFF,HLA-A*02:01,NLVPMVATV,1
CAASDQTGANNLFF,CASSLQGASGYTF,HLA-A*02:01,NLVPMVATV,1
CAAILADYKLSF,CASSIVAGGYNEQFF,HLA-A*02:01,NLVPMVATV,1
CAASFIHNQGGKLIF,CASSRDRTGRANYGYTF,HLA-A*02:01,NLVPMVATV,1
CAASYNTNAGKSTF,CASSPRTSFETQYF,HLA-A*02:01,NLVPMVATV,1
CAATPPPSYDKVIF,CASSPGTFRYTF,HLA-A*02:01,NLVPMVATV,1
CAADTLLNAGGTSYGKLTF,CASSGRGFLNYGYTF,HLA-A*02:01,NLVPMVATV,1
CAAPYSGGSNYKLTF,CASSLVGTGELFF,HLA-A*02:01,NLVPMVATV,1
CAESPAGTALIF,CASSHGAAAGETEAFF,HLA-A*02:01,NLVPMVATV,1
CAMREGHTNAGKSTF,CASSQVAGGAGGPREYNEQFF,HLA-A*02:01,NLVPMVATV,1
CAMREDSIGNTPLVF,CASSVGLGFTDTQYF,HLA-A*02:01,NLVPMVATV,1
CAMREGGNYQLIW,CASSEARQGLDTEAFF,HLA-A*02:01,NLVPMVATV,1
CAMRVFLNSGGSNYKLTF,CASSLFAGAETQYF,HLA-A*02:01,NLVPMVATV,1
CAMRELLNSGGSNYKLTF,CASRKLAGPTDTQYF,HLA-A*02:01,NLVPMVATV,1
CAMRESGETSGSRLTF,CATSATGLRNQPQHF,HLA-A*02:01,NLVPMVATV,1
CATDPQFYF,CASSLESWGRAYNEQFF,HLA-A*02:01,NLVPMVATV,1
CALIPVYNQGGKLIF,CASSNFLGQGDEKLFF,HLA-A*02:01,NLVPMVATV,1
CALSEFRGNTPLVF,CASSEPIGTGGNQPQHF,HLA-A*02:01,NLVPMVATV,1
CALGYSSASKIIF,CASRQENSGNTIYF,HLA-A*02:01,NLVPMVATV,1
CALITALNNAGNMLTF,CASSSQGWGRVYSEQFF,HLA-A*02:01,NLVPMVATV,1
CALSETLTSGTYKYIF,CASSVEVGTGDNEQFF,HLA-A*02:01,NLVPMVATV,1
CALSETHLGGSQGNLIF,CASSIQKAGYNEQFF,HLA-A*02:01,NLVPMVATV,1
CAVTYNNNDMRF,CAAGTRTDTQYF,HLA-A*02:01,NLVPMVATV,1
CAVNQAGTALIF,CASSVDSGSTNEQFF,HLA-A*02:01,NLVPMVATV,1
CAVGLDRGSTLGRLYF,CASSLSGVPHNNEQFF,HLA-A*02:01,NLVPMVATV,1
CAVRSTFNFNKFYF,CASSQTRTSGRVDPDTQYF,HLA-A*02:01,NLVPMVATV,1
CAVRGDNYGQNFVF,CASRRPGGDTEAFF,HLA-A*02:01,NLVPMVATV,1
CAVIGSAGKSTF,CASSLNSGLYNEQFF,HLA-A*02:01,NLVPMVATV,1
CAVWRAGNMLTF,CASSLNGRADTQYF,HLA-A*02:01,NLVPMVATV,1
CAVLNSNSGYALNF,CASSRQESYGYTF,HLA-A*02:01,NLVPMVATV,1
CAVSLYNNNDMRF,CAISEQEDQPQHF,HLA-A*02:01,NLVPMVATV,1
CAVRLIQGAQKLVF,CASSVEGQGDTEAFF,HLA-A*02:01,NLVPMVATV,1
CAVHTQGGSEKLVF,CASTPYRRGPHLYGYTF,HLA-A*02:01,NLVPMVATV,1
CAASRGSGAGSYQLTF,CASSLVVMGTGFTDTQYF,HLA-A*02:01,NLVPMVATV,1
CALNQAGTALIF,CASSLAQQGLAEAFF,HLA-A*02:01,NLVPMVATV,1
CTRGYARYNFNKFYF,CASSPSDYGYTF,HLA-A*02:01,NLVPMVATV,1
CIAGGSQGNLIF,CAISEYPPTGRKADTQYF,HLA-A*02:01,NLVPMVATV,1
CIVSDIQGAQKLVF,CASSQVGTVYGYTF,HLA-A*02:01,NLVPMVATV,1
CIAVSQGGSEKLVF,CSAADRGLGETQYF,HLA-A*02:01,NLVPMVATV,1
CIVRVGYTGFQKLVF,CASRGTGGGSGQPQHF,HLA-A*02:01,NLVPMVATV,1
CSGTPGLPRDDKIIF,CASSYDRGPREGYTF,HLA-A*02:01,NLVPMVATV,1
CAGGHGGSQGNLIF,CASSTRSTGELFF,HLA-A*02:01,NLVPMVATV,1
CAAENQGGKLIF,CASSLRGQGFYEQFF,HLA-A*02:01,NLVPMVATV,1
CAASFAGNTPLVF,CSGDRSSDTQYF,HLA-A*02:01,NLVPMVATV,1
CAAEDNTDKLIF,CASSPSWGEVNTEAFF,HLA-A*02:01,NLVPMVATV,1
CAASGTQTGANNLFF,CASSPGYGSSGNTIYF,HLA-A*02:01,NLVPMVATV,1
CAASGLNNNAGNMLTF,CASSPGQLQETQYF,HLA-A*02:01,NLVPMVATV,1
CAAPTGFGNEKLTF,CASSSGLAGVETGELFF,HLA-A*02:01,NLVPMVATV,1
CAAYTGNQFYF,CASSLQVWNEQFF,HLA-A*02:01,NLVPMVATV,1
CAAKGGSEKLVF,CASSLQGIGAKNIQYF,HLA-A*02:01,NLVPMVATV,1
CAVRERNAGNNRKLIW,CASSSGGLSEQYF,HLA-A*02:01,NLVPMVATV,1
CAVRERNAGNNRKLIW,CSARGADTQYF,HLA-A*02:01,NLVPMVATV,1
CAVRDRNNAGNMLTF,CASSSGGLSEQYF,HLA-A*02:01,NLVPMVATV,1
CAGQRAYSGAGSYQLTF,CASSLELAAWETQYF,HLA-A*02:01,NLVPMVATV,1
CAFMIHAGGTSYGKLTF,CASSTGSYGYTF,HLA-A*02:01,NLVPMVATV,1
CAFMKPKGGSNYKLTF,CASSLAGFTGELFF,HLA-A*02:01,NLVPMVATV,1
CAYISNNDMRF,CAISVSGTRVYNEQFF,HLA-A*02:01,NLVPMVATV,1
CAWAQGGSEKLVF,CASSLGQGNSPLHF,HLA-A*02:01,NLVPMVATV,1
CAVPLYGGATNKLIF,CASSVGTLYSGANVLTF,HLA-A*02:01,NLVPMVATV,1
CLVGSPVPFSGGYNKLIF,CASSLDRPSGMAAETQYF,HLA-A*02:01,NLVPMVATV,1
CLVGSSEGFQKLVF,CASSINRDLLNGYTF,HLA-A*02:01,NLVPMVATV,1
CAVRSNFGNEKLTF,CASSYWDRTTSGNTIYF,HLA-A*02:01,NLVPMVATV,1
CAEKLAGTALIF,CASSHTSGNGDTQYF,HLA-A*02:01,NLVPMVATV,1
CADGLRTGFQKLVF,CASSLAEKANTGELFF,HLA-A*02:01,NLVPMVATV,1
CALSGYSTLTF,CSILGSNAGPQETQYF,HLA-A*02:01,NLVPMVATV,1
CALGGNNRLAF,CAIDRVGTGELFF,HLA-A*02:01,NLVPMVATV,1
CAVNAGNNRKLIW,CASTGSVSTDTQYF,HLA-A*02:01,NLVPMVATV,1
CAVGNAITSSSDKLIF,CASSISAGVGVGQETQYF,HLA-A*02:01,NLVPMVATV,1
CAVRMGGGAGYSTLTF,CATSDSAGYNEQFF,HLA-A*02:01,NLVPMVATV,1
CAVTSYARLMF,CASSVTGTEADEQFF,HLA-A*02:01,NLVPMVATV,1
CAVTDNNNNDMRF,CASSDRLENNEKLFF,HLA-A*02:01,NLVPMVATV,1
CAVSEGSNFGNEKLTF,CASTRESTDTQYF,HLA-A*02:01,NLVPMVATV,1
CAVSGANDYKLSF,CASSLGGTGWTEAFF,HLA-A*02:01,NLVPMVATV,1
CAVRGAGYALNF,CASSFKDTNTGELFF,HLA-A*02:01,NLVPMVATV,1
CAVRDPVGNQFYF,CASSDPGVDRNTEAFF,HLA-A*02:01,NLVPMVATV,1
CAVTTGNAGNMLTF,CASSHGTGYNQPQHF,HLA-A*02:01,NLVPMVATV,1
CAVSDYGGSQGNLIF,CASSLEIQGSGAFF,HLA-A*02:01,NLVPMVATV,1
CAVGPGYSSASKIIF,CASSDGIGQGASGYTF,HLA-A*02:01,NLVPMVATV,1
CAVKGSQGNLIF,CASSARGGGNNEQFF,HLA-A*02:01,NLVPMVATV,1
CAAYSPAGGGADGLTF,CASSYSGTNQPQHF,HLA-A*02:01,NLVPMVATV,1
CAETNFGNEKLTF,CASSPVGGDYGYTF,HLA-A*02:01,NLVPMVATV,1
CAESGGSNYKLTF,CASSLDLYGYTF,HLA-A*02:01,NLVPMVATV,1
CAVKTGRRALTF,CASSFQGIRVEAFF,HLA-A*02:01,NLVPMVATV,1
CATDARAGGTSYGKLTF,CASSFGQRDRGYWRNTEAFF,HLA-A*02:01,NLVPMVATV,1
CALSEHTTDSWGKFQF,CASSIVAGAGAGELFF,HLA-A*02:01,NLVPMVATV,1
CALSEAPGGSYIPTF,CATSDLLAGGKTGELFF,HLA-A*02:01,NLVPMVATV,1
CAVQAGNNNDMRF,CASSATGSNTGELFF,HLA-A*02:01,NLVPMVATV,1
CAVITDSWGKFQF,CASSMGTVYLNTEAFF,HLA-A*02:01,NLVPMVATV,1
CAEDSGNTPLVF,CASSLLGVSYYNEQFF,HLA-A*02:01,NLVPMVATV,1
CAVTLIGFGNVLHC,CASSTRGGGDAKNIQYF,HLA-A*02:01,NLVPMVATV,1
CAFNDYKLSF,CAWVPGTGGRAAFF,HLA-A*02:01,NLVPMVATV,1
CAGKSLFGTNAGKSTF,CASSRGQGPGQETQYF,HLA-A*02:01,NLVPMVATV,1
CIVRPRWDSNYQLIW,CASSQAPSMEPNEQFF,HLA-A*02:01,NLVPMVATV,1
CATRQGNTPLVF,CASSHQTGELFF,HLA-A*02:01,NLVPMVATV,1
CAAYTGNQFYF,CASSPKTGASYGYTF,HLA-A*02:01,NLVPMVATV,1
CAVRDTPGGYQKVTF,CASSYTVQPYNEQFF,HLA-A*02:01,NLVPMVATV,1
CAVRGSFYNQGGKLIF,CATSDLRRTDTQYF,HLA-A*02:01,NLVPMVATV,1
CAVRDYGQNFVF,CASSRDSNSNQPQHF,HLA-A*02:01,NLVPMVATV,1
CAGFLYNNNDMRF,CASSHERDRDTGELFF,HLA-A*02:01,NLVPMVATV,1
CAGRHGGTSYGKLTF,CASSLAYILGLGDEQFF,HLA-A*02:01,NLVPMVATV,1
CAVTHRFHTASKLTF,CASSDALQETQYF,HLA-A*02:01,NLVPMVATV,1
CAFMNHTGTASKLTF,CASSLASRVGSPLHF,HLA-A*02:01,NLVPMVATV,1
CAYIIIQGAQKLVF,CASSLSAVHGYTF,HLA-A*02:01,NLVPMVATV,1
CAVCMDSSYKLIF,CASSLAGDYEQYF,HLA-A*02:01,NLVPMVATV,1
CAVDIHPNDYKLSF,CASSELAGGGDTQYF,HLA-A*02:01,NLVPMVATV,1
CAVDRLDTDKLIF,CASSQQETYEQYF,HLA-A*02:01,NLVPMVATV,1
CAVDISNAGNMLTF,CSVVDYGYTF,HLA-A*02:01,NLVPMVATV,1
CAVRATGTASKLTF,CSVAGQGDDHTDTQYF,HLA-A*02:01,NLVPMVATV,1
CAESKRDGGATNKLIF,CASSPSREGYTF,HLA-A*02:01,NLVPMVATV,1
CALVTGYSTLTF,CASSSGTSGSGSYNEQFF,HLA-A*02:01,NLVPMVATV,1
CAVKAHLGGATNKLIF,CASSIVGGMNTEAFF,HLA-A*02:01,NLVPMVATV,1
CAVPPQGGSEKLVF,CASFSPRVYEQYF,HLA-A*02:01,NLVPMVATV,1
CALRMIGGGSNYKLTF,CSVEEGSRAQYF,HLA-A*02:01,NLVPMVATV,1
CAESEGADGLTF,CSASEGYTF,HLA-A*02:01,RLPGVLPRA,1
CAMRGSNYKLTF,CASSGVGGQDEQYF,HLA-A*02:01,NLVPMVATV,1
CAMSGDTDKLIF,CSARREFGTSGGSSYNEQFF,HLA-A*02:01,NLVPMVATV,1
CAVGGTQARLMF,CASSPGTYEAFF,HLA-A*02:01,NLVPMVATV,1
CAGHGSSNTGKLIF,CASSSLPGAAEAFF,HLA-A*02:01,NLVPMVATV,1
CAVRLNFGNEKLTF,CAWSVWQMSSGANVLTF,HLA-A*02:01,NLVPMVATV,1
CAVVRQDSNYQLIW,CASSGHYEQYF,HLA-A*02:01,NLVPMVATV,1
CAAVFFNKFYF,CASSFLNGGGTEAFF,HLA-A*02:01,NLVPMVATV,1
CVVNGGDSSYKLIF,CASSPQGVSPGTIYF,HLA-A*02:01,GLCTLVAML,1
CAASGGGSQGNLIF,CASSIFGTSLQFF,HLA-A*02:01,GILGFVFTL,1
CAERIGGGSQGNLIF,CASSIRADNEQFF,HLA-A*02:01,GILGFVFTL,1
CAGSGNGGSQGNLIF,CASSGRASTEAFF,HLA-A*02:01,GILGFVFTL,1
CAVNMGGGSQGNLIF,CASSTRASNEQFF,HLA-A*02:01,GILGFVFTL,1
CATDPLGVGGSQGNLIF,CASSYYSRQPQHF,HLA-A*02:01,GILGFVFTL,1
CAARSKEDQNFVF,CASSFLSTDTQYF,HLA-A*02:01,GILGFVFTL,1
CAVSGSQGNLIF,CASSPRSGIEAFF,HLA-A*02:01,GILGFVFTL,1
CAGAGGGSQGNLIF,CASSLRSADTQYF,HLA-A*02:01,GILGFVFTL,1
CASQKGGDGSDGQKLLF,CASSIYSRAYGYTF,HLA-A*02:01,GILGFVFTL,1
CATGSSNTGKLIF,CASSSRAGWDEQFF,HLA-A*02:01,GILGFVFTL,1
CAENLGGGSQGNLIF,CASSPRSGGEQFF,HLA-A*02:01,GILGFVFTL,1
CAYKGGGATNKLIF,CASSAGQGLPYEQYF,HLA-A*02:01,GILGFVFTL,1
CASFDTDKLIF,CASSIRSAETQYF,HLA-A*02:01,GILGFVFTL,1
CAFMKHEGMDSNYQLIW,CASSIHWGNTEAFF,HLA-A*02:01,GILGFVFTL,1
CAVGSWDSGGSNYKLTF,CASSMFHSGNTIYF,HLA-A*02:01,GILGFVFTL,1
CAVRTVRDDKIIF,CASSTHHNNEQFF,HLA-A*02:01,GILGFVFTL,1
CDGSLDQTGANNLFF,CASSTRAFYEQYF,HLA-A*02:01,GILGFVFTL,1
CALSEGGKLIF,CASRDLREGDYGYTF,HLA-A*02:01,GILGFVFTL,1
CAMRGNPGGTSYGKLTF,CASSWYSNQPQHF,HLA-A*02:01,GILGFVFTL,1
CAGAGSQGNLIF,CASSIRSQTEQFF,HLA-A*02:01,GILGFVFTL,1
CAGVHGSGNTGKLIF,CASSIRSAWAQHF,HLA-A*02:01,GILGFVFTL,1
CALSEAGTGGSYIPTF,CASSMFGGQPQHF,HLA-A*02:01,GILGFVFTL,1
CAVRKDYKLSF,CASSPQDRARGNEQFF,HLA-A*02:01,GILGFVFTL,1
CAVFSGSARQLTF,CASSFDHSNEQFF,HLA-A*02:01,GILGFVFTL,1
CAYSPSAGGTSYGKLTF,CASSIGLFGYTF,HLA-A*02:01,GILGFVFTL,1
CALSEALDSSYKLIF,CASRSAGTGYSHAFSGNTIYF,HLA-A*02:01,LLNKHIDAY,1
CAVTAYNQGGKLIF,CATSRGPLASFLVDSYNEQFF,HLA-A*02:01,LLFLVLIML,1
CAAGDQGAQKLVF,CASSPFQGLAGVGLGTDTQYF,HLA-B*07:02,SIIAYTMSL,1
CAARVRGFGNVLHC,CASSLYSATGELFF,HLA-A*11:01,IVTDFSVIK,1
CAARDDKIIF,CASSFRPGGHEQYF,HLA-A*03:01,KLGGALQAK,1
CAAARMDSSYKLIF,CATSRDLRVTEAFF,HLA-B*08:01,RAKFKQLL,1
CAAARMDSSYKLIF,CASEGRTTTNEKLFF,HLA-B*08:01,RAKFKQLL,1
CAVSPSSNTGKLIF,CASSLGLAAAYNEQFF,HLA-A*03:01,KLGGALQAK,1
CILRFGNEKLTF,CAWSVGGSGGYEQYF,HLA-A*03:01,KLGGALQAK,1
CLVGDMRSGAGSYQLTF,CASSFTGQGVNYEQYF,HLA-B*08:01,RAKFKQLL,1
CALSEAEDSSYKLIF,CAISGGNWGTGTYEQYF,HLA-A*03:01,KLGGALQAK,1
CLVGDLTGGGNKLTF,CASSLAGSLISTDTQYF,HLA-A*11:01,AVFDRKSDAK,1
CAARVRGFGNVLHC,CASSIRAAYEQYF,HLA-A*11:01,AVFDRKSDAK,1
CALKERNTGKLIF,CASSPLRLGWNEQFF,HLA-A*03:01,KLGGALQAK,1
CAVSNTGKLIF,CASSQSGTREYEQYF,HLA-B*08:01,RAKFKQLL,1
CVLPGLTGGGNKLTF,CASSNRQGHSEAFF,HLA-A*03:01,KLGGALQAK,1
CAVSGGADGLTF,CASSLGYTGDYEQYF,HLA-A*02:01,ELAGIGILTV,1
CAARVRGFGNVLHC,CASSIRSTGELFF,HLA-A*11:01,AVFDRKSDAK,1
CAVSDQGGSTLGRLYF,CASSFSAHDEQYF,HLA-A*03:01,KLGGALQAK,1
CAERAGTASKLTF,CASSDPYNQTLSYEQYF,HLA-A*11:01,AVFDRKSDAK,1
CAMRAI,CASSPDRSRPWAFF,HLA-B*08:01,RAKFKQLL,1
CAASFMDSNYQLIW,CASSFRQILGDPKETQYF,HLA-A*03:01,KLGGALQAK,1
CALSDYTGANSKLTF,CAISESNFDSETQETQYF,HLA-A*11:01,AVFDRKSDAK,1
CALGDSGAGSYQLTF,CASSAYPGLQEDGYTF,HLA-A*03:01,KLGGALQAK,1
CALTPRDDMRF,CASSYGLNQPQHF,HLA-A*02:01,ELAGIGILTV,1
CASKGNNNARLMF,CASPWTGSGPYEQYF,HLA-A*03:01,KLGGALQAK,1
CILRAMDSNYQLIW,CASSLSLPSGYTF,HLA-A*03:01,KLGGALQAK,1
CAMSSTYTGTASKLTF,CASSQGHLSSYEQYF,HLA-A*03:01,KLGGALQAK,1
CAATNSNSGYALNF,CASSLFRVGRLYNEQFF,HLA-A*11:01,IVTDFSVIK,1
CAGTSGYSTLTF,CASSQTRGGYLISGNTIYF,HLA-A*03:01,RLRAEAQVK,1
CAEMEGGSYIPTF,CASSPWDSSSEQYF,HLA-B*08:01,RAKFKQLL,1
CAVNNNYGQNFVF,CASSYSLHSNQPQHF,HLA-A*03:01,KLGGALQAK,1
CANMDSNYQLIW,CASSFRDRAF,HLA-A*03:01,KLGGALQAK,1
CAGHTGNQFYF,CASSIGAGEGYNEQFF,HLA-A*11:01,IVTDFSVIK,1
CAATDSWGKLQF,CASRAQGATNEKLFF,HLA-A*03:01,KLGGALQAK,1
CAANRGPTDKLIF,CASIMGEKNLGQETQYF,HLA-A*02:01,RTLNAWVKV,1
CATGLYYGNNRLAF,CASSFSRPFLAHPNTGELFF,HLA-A*11:01,AVFDRKSDAK,1
CAVRGTYNTDKLIF,CASRPRIQGYGTEAFF,HLA-A*03:01,KLGGALQAK,1
CALRSGNNARLMF,CATINTENEQFF,HLA-B*08:01,RAKFKQLL,1
CAMGSGDFGNEKLTF,CASSGRQGEETQYF,HLA-A*03:01,KLGGALQAK,1
CALGDTGRRALTF,CASSTRDTFTDTQYF,HLA-A*11:01,IVTDFSVIK,1
CAARVRGFGNVLHC,CASSTRSAYEQYF,HLA-A*11:01,AVFDRKSDAK,1
CAVRGGKLIF,CASSWTSGGSDTQYF,HLA-A*03:01,KLGGALQAK,1
CAGHTGNQFYF,CASSSGTAAYEQYF,HLA-A*11:01,IVTDFSVIK,1
CAESITGKLIF,CAIMTDSSGNTIYF,HLA-A*11:01,IVTDFSVIK,1
CALANTGGTSYGKLTF,CASTIIPGLAGPREETQYF,HLA-A*03:01,KLGGALQAK,1
CAASEQGGKLIF,CASSSGFGQPQHF,HLA-A*02:01,ELAGIGILTV,1
CAGHTGNQFYF,CASSLTFNTEAFF,HLA-A*11:01,IVTDFSVIK,1
CALSEGYSGGSNYKLTF,CASSYRNDNEQFF,HLA-A*03:01,KLGGALQAK,1
CAVPAGGNTPLVF,CASVSGNTEAFF,HLA-A*11:01,IVTDFSVIK,1
CAFTAGGADGLTF,CASSYGLHGSYEQYF,HLA-A*03:01,KLGGALQAK,1
CAGVSPNSGGSNYKLTF,CASDTLDSAGGAGELFF,HLA-A*11:01,AVFDRKSDAK,1
CAESLWDDKIIF,CASSVEGVGTSTDTQYF,HLA-B*08:01,RAKFKQLL,1
CILREFYNDMRF,CASSPPDRGRGETQYF,HLA-B*08:01,RAKFKQLL,1
CADSGGGADGLTF,CASSSPLTSGIYEQYF,HLA-B*08:01,RAKFKQLL,1
CAVRSSGGSYIPTF,CATSGGLSPSSYNEQFF,HLA-A*03:01,KLGGALQAK,1
CAASAGNQFYF,CASRDIGGHGYTF,HLA-A*03:01,KLGGALQAK,1
CAVTGAGSYQLTF,CASSDSSNYGYTF,HLA-A*03:01,KLGGALQAK,1
CAEIYAGGTSYGKLTF,CASSPTDPRVYSNQPQHF,HLA-A*03:01,KLGGALQAK,1
CAVTPQGNKLVF,CASIGEAGSNTGELFF,HLA-A*03:01,KLGGALQAK,1
CLLGDICSGGSNYKLTF,CASSYLRGEKLFF,HLA-A*03:01,KLGGALQAK,1
CAARVRGFGNVLHC,CASSMSTGRSYEQYF,HLA-A*11:01,AVFDRKSDAK,1
CAENMGGGSQGNLIF,CASSTRATYEQYF,HLA-A*02:01,GILGFVFTL,1
CAGHTGNQFYF,CASSVRSSYEQYF,HLA-A*11:01,IVTDFSVIK,1
CALNPGANSKLTF,CASSLGGKRNQPQHF,HLA-A*03:01,KLGGALQAK,1
CAVRDRVVYNNNDMRF,CASSPGNGGATLGYTF,HLA-A*03:01,KLGGALQAK,1
CAGPIAGGSQGNLIF,CVPTGVHLGNTIYF,HLA-A*02:01,GILGFVFTL,1
CANMDSNYQLIW,CASSFRDRAF,HLA-A*03:01,RLRAEAQVK,1
CAVSAASGGSYIPTF,CASGGTMLFLDGYTF,HLA-A*03:01,KLGGALQAK,1
CAVSSSGGSYIPTF,CASSLTRAHGYTF,HLA-A*03:01,KLGGALQAK,1
CAARVRGFGNVLHC,CASSFRDPNEKLFF,HLA-A*11:01,AVFDRKSDAK,1
CAVGPNNNDMRF,CASRGVTGPRSYEQYF,HLA-A*03:01,KLGGALQAK,1
CAGHTGNQFYF,CASSLTGASGQETQYF,HLA-A*11:01,IVTDFSVIK,1
CAMRLISNFGNEKLTF,CASSLPGGLQETQYF,HLA-A*03:01,KLGGALQAK,1
CAVGSNDYKLSF,CASSPSRAYDYEQYF,HLA-A*11:01,IVTDFSVIK,1
CALNLGGSQGNLIF,CASPWSWDAEAFF,HLA-A*02:01,FLASKIGRLV,1
CAGTHKAAGNKLTF,CASFGRVNQETQYF,HLA-B*08:01,RAKFKQLL,1
CAASETSYDKVIF,CASSLDGWLSTEAFF,HLA-A*03:01,KLGGALQAK,1
CAGAGGGSQGNLIF,CASSIRSSDEQFF,HLA-A*11:01,IVTDFSVIK,1
CAEDNNARLMF,CARDRGNGYTF,HLA-A*02:01,GLCTLVAML,1
CAMREGYGGKSTF,CASSPRQGHNEQFF,HLA-A*02:01,IMDQVPFSV,1
CALPSGGYQKVTF,CASRDGELFF,HLA-A*02:01,GILGFVFTL,1
CAGHTGNQFYF,CASSFILIGGVYNEQFF,HLA-A*11:01,IVTDFSVIK,1
CAASGYDYKLSF,CASSLRLAGVGETQYF,HLA-A*03:01,KLGGALQAK,1
CGTYGNQFYF,CASSPGPGELFF,HLA-B*08:01,RAKFKQLL,1
CAAKEGYSTLTF,CASSIVQRGGNEQFF,HLA-A*03:01,KLGGALQAK,1
CAAIGNDYKLSF,CASSFSAGVANEQFF,HLA-A*03:01,KLGGALQAK,1
CAGNNAGNMLTF,CASTSWGPQETQYF,HLA-A*03:01,KLGGALQAK,1
CAIPGNAGGTSYGKLTF,CASSSYRGRRTGELFF,HLA-A*03:01,RLRAEAQVK,1
CAETQDSNYQLIW,CASTDRTYEQYF,HLA-B*08:01,RAKFKQLL,1
CAYRKGETSYDKVIF,CAYQGTIRRTAGGNQPQHF,HLA-A*03:01,KLGGALQAK,1
CAGHTGNQFYF,CASSFAGSGYEQYF,HLA-A*11:01,IVTDFSVIK,1
CAVGWSGATNKLIF,CASSDGGSNSGANVLTF,HLA-A*03:01,KLGGALQAK,1
CAGHTGNQFYF,CASSSLTGQGYTEAFF,HLA-A*11:01,IVTDFSVIK,1
CAVPLPNAGKSTF,CASSQRASNEKLFF,HLA-B*08:01,RAKFKQLL,1
CAMSPGGYNKLIF,CASGLVSPGEDFGYTF,HLA-A*03:01,KLGGALQAK,1
CARGGGFKTIF,CASSLGLGDRGREYGYTF,HLA-A*11:01,IVTDFSVIK,1
CAVTYSGAGSYQLTF,CASSQARGDTEAFF,HLA-A*02:01,ELAGIGILTV,1
CVVRSTGFQKLVF,CASSVEGVGTSTDTQYF,HLA-B*08:01,RAKFKQLL,1
CATERIPYGNKLVF,CASSPDDSPPIYGYTF,HLA-A*11:01,IVTDFSVIK,1
CAVRDSNYQLIW,CASSLWGNTARRGF,HLA-A*03:01,KLGGALQAK,1
CAVHNNAGNMLTF,CASSLTASGIKSYNEQFF,HLA-A*03:01,KLGGALQAK,1
CADSGGGADGLTF,CASSGPGPSYEQYF,HLA-B*08:01,RAKFKQLL,1
CAFRDSGYALNF,CASSKQGLGTQYF,HLA-A*03:01,KLGGALQAK,1
CAMRDGGFGNEKLTF,CASSRPDPQVETQYF,HLA-A*03:01,KLGGALQAK,1
CILPYSGAGSYQLTF,CASSLEFGGVTEAFF,HLA-A*11:01,AVFDRKSDAK,1
CAVRVGSGGYNKLIF,CASSPRTDAERAKNIQYF,HLA-B*08:01,RAKFKQLL,1
CVVNGGQAGTALIF,CASSFDPSRGEQYF,HLA-A*11:01,IVTDFSVIK,1
CAMKSTNAGKSTF,CASSYSILAGDNEQFF,HLA-A*03:01,KLGGALQAK,1
CAVRDRGYKLSF,CASSHPDRERGTQYF,HLA-A*11:01,IVTDFSVIK,1
CAARVRGFGNVLHC,CAIRLAEKYEQYF,HLA-A*11:01,AVFDRKSDAK,1
CACDTSGTYKYIF,CASSFQPDERGDETQYF,HLA-A*03:01,KLGGALQAK,1
CATDHGDTGGFKTIF,CASSFLAGGYNEQFF,HLA-B*08:01,RAKFKQLL,1
CAENSMNRDDKIIF,CASGLVLKGQEIYGYTF,HLA-A*03:01,KLGGALQAK,1
CASPRMDSSYKLIF,CARRKRGAGEKLFF,HLA-A*03:01,KLGGALQAK,1
CLANTGGFKTIF,CASSLVAAEEAFF,HLA-A*11:01,IVTDFSVIK,1
CAAMETSYDKVIF,CASSLTGTYEQYF,HLA-B*08:01,RAKFKQLL,1
CILRETSYDKVIF,CASALLSSYNSPLHF,HLA-A*02:01,GILGFVFTL,1
CAGHTGNQFYF,CASSIRSAYEQYF,HLA-A*11:01,IVTDFSVIK,1
CAAENSGYSTLTF,CASSPGNGGATLGYTF,HLA-B*08:01,RAKFKQLL,1
CASGGSQGNLIF,CASSVRSSYEQYF,HLA-A*11:01,AVFDRKSDAK,1
CAVIADTGGFKTIF,CASKLETTNTEAFF,HLA-A*03:01,KLGGALQAK,1
CAVSAGFGNVLHC,CASTSGSEQYF,HLA-A*03:01,KLGGALQAK,1
CAMTRDDKIIF,CASSIDFLRQRLSNQPQHF,HLA-A*03:01,KLGGALQAK,1
CAGPFGNYGQNFVF,CASIGIRGYGYTF,HLA-A*11:01,IVTDFSVIK,1
CAGHTGNQFYF,CASSLWTSSYEQYF,HLA-A*11:01,IVTDFSVIK,1
CAASDTDKLIF,CAPPHSGANVLTF,HLA-A*03:01,KLGGALQAK,1
CAENTGANSKLTF,CASSPPPGPKPRVETDTQYF,HLA-A*03:01,KLGGALQAK,1
CAGHTGNQFYF,CASSYSITHEIYGYTF,HLA-A*11:01,IVTDFSVIK,1
CAAKEGYSTLTF,CASSSTGGGEKDQPQHF,HLA-A*02:01,LLFGYPVYV,1
CLVGDMRSGAGSYQLTF,CASISGFVGGDHQETQYF,HLA-A*02:01,ELAGIGILTV,1
CAMREGGSGGYNKLIF,CASSLTSNTGELFF,HLA-A*11:01,IVTDFSVIK,1
CAASGSISNFGNEKLTF,CASSLGVGLRNTDTQYF,HLA-A*03:01,KLGGALQAK,1
CAFWGNNRLAF,CASSLGSGGPLTGELFF,HLA-A*03:01,KLGGALQAK,1
CAVVWGNTPLVF,CASSYSRFPYEQYF,HLA-A*03:01,KLGGALQAK,1
CALDAGGFKTIF,CASSIRSTDTQYF,HLA-A*03:01,KLGGALQAK,1
CALSEANTGGFKTIF,CASSFLDRGPNTEAFF,HLA-A*11:01,AVFDRKSDAK,1
CLLGFLIKAAGNKLTF,CASSQGTSGGRTRKETQYF,HLA-A*03:01,KLGGALQAK,1
CAVNAWDDKIIF,CASSPGQRYSYEQYF,HLA-A*03:01,KLGGALQAK,1
CAATNDYKLSF,CASSLGSSLQETQYF,HLA-B*08:01,RAKFKQLL,1
CAFPWGAGSYQLTF,CASRWPSTNEKLFF,HLA-A*11:01,AVFDRKSDAK,1
CAVALSGYSTLTF,CASIANRRDSSYEQYF,HLA-A*11:01,IVTDFSVIK,1
CAASETSYDKVIF,CAWRAGGPGELFF,HLA-B*08:01,RAKFKQLL,1
CAASEGAPDKLIF,CASSLLGVSAQETQYF,HLA-A*11:01,IVTDFSVIK,1
CAASETSYDKVIF,CASSQGAYGYTF,HLA-B*08:01,RAKFKQLL,1
CAVTPIFGNEKLTF,CASSLGVAGTNTGELFF,HLA-A*02:01,LLFGYPVYV,1
CAVVKFNARLMF,CASSLEGGPYEQYF,HLA-A*03:01,KLGGALQAK,1
CAVMSYNFNKFYF,CASSLSSAYEQYF,HLA-A*03:01,KLGGALQAK,1
CADSGGGADGLTF,CASSPDIAGVPKNIQYF,HLA-B*08:01,RAKFKQLL,1
CAGHTGNQFYF,CASSTRSGTEAFF,HLA-A*11:01,IVTDFSVIK,1
CAEKNNFNKFYF,CATSVRREYTYEQYF,HLA-B*08:01,RAKFKQLL,1
CAAENSGYSTLTF,CASSPGNGGATLGYTF,HLA-A*03:01,KLGGALQAK,1
CAASETSYDKVIF,CASSSGTFYEQYF,HLA-B*08:01,RAKFKQLL,1
CAALSPNFGNEKLTF,CASSIRSSYEQYF,HLA-A*02:01,LLDFVRFMGV,1
CADSGGGADGLTF,CASSLSGDAEAFF,HLA-B*08:01,RAKFKQLL,1
CAVESAGGTSYGKLTF,CASSLGEVNVLTF,HLA-B*08:01,RAKFKQLL,1
CAVGAAKTSYDKVIF,CASSSSSGGNTDTQYF,HLA-A*03:01,KLGGALQAK,1
CAVRETGANNLFF,CASRRLAGEGQETQYF,HLA-A*02:01,GILGFVFTL,1
CAVRQNFVF,CASSQEVSYVPQNYEQYF,HLA-A*02:01,ELAGIGILTV,1
CADSGGGADGLTF,CAISVKVKGGADTQYF,HLA-B*08:01,RAKFKQLL,1
CAESIWTSNYQLIW,CASSDRGFDTQYF,HLA-A*11:01,AVFDRKSDAK,1
CAGHTGNQFYF,CASSLSWRDRSYEQYF,HLA-A*11:01,IVTDFSVIK,1
CAMRELNYGGSQGNLIF,CASRPDPNTEAFF,HLA-B*08:01,RAKFKQLL,1
CAFSDFGNEKLTF,CASSLYSNQPQHF,HLA-A*11:01,IVTDFSVIK,1
CILRDRGGSNYKLTF,CASTSYEQYF,HLA-A*02:01,FLASKIGRLV,1
CAFSTIMNYGGSQGNLIF,CASSFRRGTAGGPDKNIQYF,HLA-A*11:01,AVFDRKSDAK,1
CAGHTGNQFYF,CASSARAGITQYF,HLA-A*11:01,IVTDFSVIK,1
CAVGAVYGNKLVF,CAAPQEVAGDRETQYF,HLA-A*03:01,KLGGALQAK,1
CAAAETSYDKVIF,CAISDRNYGYTF,HLA-B*08:01,RAKFKQLL,1
CAGALGSSNTGKLIF,CASSSRSAYEQYF,HLA-A*11:01,IVTDFSVIK,1
CALSEAPHDGGYNKLIF,CASSLEGQSSYEQYF,HLA-A*03:01,KLGGALQAK,1
CAESMNARLMF,CASSISRQTNSPLHF,HLA-A*03:01,KLGGALQAK,1
CAINTGNQFYF,CASSLKDRQYEQYF,HLA-A*03:01,KLGGALQAK,1
CAVNGDSSYKLIF,CASIAAGTGNEQFF,HLA-A*03:01,KLGGALQAK,1
CAVEDNYGQNFVF,CASSFGGGAYNEQFF,HLA-A*03:01,KLGGALQAK,1
CAVHGYGQNFVF,CASSEGDSNYEQYF,HLA-A*03:01,KLGGALQAK,1
CAMREPNYGQNFVF,CASSVGQATNEKLFF,HLA-B*08:01,RAKFKQLL,1
CAGHTGNQFYF,CAWSVLNGELFF,HLA-A*11:01,IVTDFSVIK,1
CAEIPITGGGNKLTF,CAISEGQDFGNTIYF,HLA-B*08:01,RAKFKQLL,1
CAASNDYKLSF,CASSPRTAMNTEAFF,HLA-A*03:01,KLGGALQAK,1
CAVSPNSGGYQKVTF,CASSKADNSYEQYF,HLA-A*03:01,KLGGALQAK,1
CATNGDSGYSTLTF,CASSSQGGFDGYTF,HLA-A*11:01,IVTDFSVIK,1
CALTGYSTLTF,CASSLSISNIQYF,HLA-A*02:01,FLYALALLL,1
CAMRESHSGAGSYQLTF,CASSLRGGFGAGELFF,HLA-B*08:01,RAKFKQLL,1
CAVRRPDNYGQNFVF,CASSPRTSGGVETQYF,HLA-A*02:01,YLNDHLEPWI,1
CAGHTGNQFYF,CASYDRGNPEAFF,HLA-A*11:01,IVTDFSVIK,1
CADSGGGADGLTF,CASSPRGTGGYGYTF,HLA-B*08:01,RAKFKQLL,1
CAVDSYFNNNDMRF,CASSVMPTSTDTQYF,HLA-A*02:01,GILGFVFTL,1
CAVVDDKIIF,CATSDLPGALFCGYTF,HLA-A*03:01,KLGGALQAK,1
CAYRSAEWTGGGADGLTF,CASSEWVGVETQYF,HLA-A*11:01,IVTDFSVIK,1
CAERGQAGTALIF,CASSSRQPNQETQYF,HLA-A*11:01,IVTDFSVIK,1
CPLPTNAGKSTF,CASSTGTGGINEQFF,HLA-A*03:01,KLGGALQAK,1
CLVGDSPDSGAGSYQLTF,CAISESATVSYGYTF,HLA-A*02:01,ELAGIGILTV,1
CAESILTGGGNKLTF,CASSHRDDSGYEQYF,HLA-A*03:01,KLGGALQAK,1
CAVTSGGYNKLIF,CASSLGKGDDTEAFF,HLA-A*11:01,IVTDFSVIK,1
CALSEDAGNMLTF,CASSFTWDTTMREGPETQYF,HLA-A*11:01,IVTDFSVIK,1
CAESMDTGFQKLVF,CASSNYGETQYF,HLA-A*03:01,KLGGALQAK,1
CAGAPFF,CASSQEGLPSSYEQYF,HLA-A*03:01,KLGGALQAK,1
CAGHTGNQFYF,CASSTGAWGYTF,HLA-A*11:01,IVTDFSVIK,1
CAVNEYGDYKLSF,CAWSVPGLINTGELFF,HLA-A*03:01,RLRAEAQVK,1
CAASGRSGNTGKLIF,CASSQDGSGQGIYEQYF,HLA-A*02:01,GILGFVFTL,1
CAGHTGNQFYF,CASSIAHAGGLAKNIQYF,HLA-A*11:01,IVTDFSVIK,1
CILRDLPISNFGNEKLTF,CASSPKGVGYEQYF,HLA-B*08:01,RAKFKQLL,1
CAAMEISNFGNEKLTF,CASSRIQPDRGYNSPLHF,HLA-A*11:01,IVTDFSVIK,1
CILRDRYGGGGGGTSYGKLTF,CASIGPSNYGYTF,HLA-A*03:01,KLGGALQAK,1
CAVPRATNTGNQFYF,CASSLGTGAYEQYF,HLA-A*11:01,IVTDFSVIK,1
CAGHTGNQFYF,CASSYLTGGGRKDIQYF,HLA-A*11:01,IVTDFSVIK,1
CAEIILTGGGNKLTF,CASSYSWLADNEQFF,HLA-A*11:01,IVTDFSVIK,1
CLVGASALITPTSSSL,CAIPGLPPETQYF,HLA-A*11:01,IVTDFSVIK,1
CAVMDSNYQLIW,CASSEAVPGQNTGELFF,HLA-A*03:01,KLGGALQAK,1
CALTPLTQGGSEKLVF,CASSSRGIYEQYF,HLA-A*03:01,KLGGALQAK,1
CAERRGTSYDKVIF,CASSGGEQYF,HLA-A*03:01,KLGGALQAK,1
CAVAVGVSGGGADGLTF,CASSQGAYGYTF,HLA-B*08:01,RAKFKQLL,1
CAVRDAHNNAGNMLTF,CASSFSQGAAEAFF,HLA-B*08:01,RAKFKQLL,1
CGTEYPNDYKLSF,CASSYSATSGAYNEQFF,HLA-A*02:01,GLCTLVAML,1
CALSVLYDKIIF,CATSDPWGANEQFF,HLA-A*03:01,KLGGALQAK,1
CALSEPNSGGGADGLTF,CASSSGVGNEQFF,HLA-A*02:01,GLCTLVAML,1
CAASETSYDKVIF,CASSYQAGGYNEQFF,HLA-A*03:01,KLGGALQAK,1
CAFMKGAGGTSYGKLTF,CAISESDAGLYNEQFF,HLA-A*02:01,GILGFVFTL,1
CAVNELTGGFKTIF,CASRAGLAGATQQFF,HLA-A*03:01,KLGGALQAK,1
CAETHSGGSNYKLTF,CASSIVTSYNEQFF,HLA-B*08:01,RAKFKQLL,1
CAESEGPTYTDKLIF,CASSQDSYEQFF,HLA-B*08:01,RAKFKQLL,1
CIQSQGGSEKLVF,CASSSLGQFNSPLHF,HLA-B*08:01,RAKFKQLL,1
CAALGAGGTSYGKLTF,CATSDRGQGFNQPQHF,HLA-A*03:01,KLGGALQAK,1
CAGHTGNQFYF,CASSIGVHGYTF,HLA-A*11:01,IVTDFSVIK,1
CALGRDDKIIF,CASSDSDPGPSTDTQYF,HLA-A*03:01,KLGGALQAK,1
CATDGRTGGFKTIF,CASSNGLETQYF,HLA-A*03:01,KLGGALQAK,1
CAMRPYNFNKFYF,CASRVRDHEQYF,HLA-B*08:01,RAKFKQLL,1
CADSGGGADGLTF,CASSSVAVQETQYF,HLA-B*08:01,RAKFKQLL,1
CILMETSYDKVIF,CAISGTGSPYEQYF,HLA-B*08:01,RAKFKQLL,1
CAVMDSNYQLIW,CASSEAVPGQNTGELFF,HLA-A*11:01,AVFDRKSDAK,1
CAENLGYARLMF,CASGRDRGLSYGYTF,HLA-A*03:01,KLGGALQAK,1
CAATDNNARLMF,CASSFNGQGDTEAFF,HLA-A*03:01,KLGGALQAK,1
CGTEYPNDYKLSF,CASSYLDEQFF,HLA-A*02:01,GLCTLVAML,1
CIAPEPTLGRLYF,CASGQELAGTDTQYF,HLA-A*11:01,IVTDFSVIK,1
CAASETSYDKVIF,CASISWREGNDEQFF,HLA-B*08:01,RAKFKQLL,1
CALRPAVGNQGGKLIF,CASSPNGGAPSYEQYF,HLA-A*11:01,IVTDFSVIK,1
CAFMKGAGGTSYGKLTF,CASSLVTYNEQFF,HLA-A*02:01,GILGFVFTL,1
CAFMKHVSSGGSNYKLTF,CAWKRSGNTIYF,HLA-A*03:01,KLGGALQAK,1
CAVEYGNKLVF,CASSIDLEAYYGYTF,HLA-A*03:01,KLGGALQAK,1
CAENGGGGADGLTF,CSVGSGDHGEQFF,HLA-A*02:01,GLCTLVAML,1
CAYRPWSSGATNKLIF,CASSSPGQGETQYF,HLA-A*03:01,KLGGALQAK,1
CALFGNEKLTF,CASSYSVLGTGELFF,HLA-A*03:01,KLGGALQAK,1
CAVNDNYGQNFVF,CASSDDRGGANVLTF,HLA-B*08:01,RAKFKQLL,1
CAVRGGGYSTLTF,CASSTTGGDQPQHF,HLA-A*11:01,AVFDRKSDAK,1
CADLNQAGTALIF,CASSQTGLQPQHF,HLA-B*08:01,RAKFKQLL,1
CALSDILTGGGNKLTF,CASSSRDSIAGETQYF,HLA-A*03:01,KLGGALQAK,1
CAGMDSNYQLIW,CSASQAYRGDTGELFF,HLA-B*08:01,RAKFKQLL,1
CAVNQGGGSQGNLIF,CASSIRSSEPQHF,HLA-B*08:01,RAKFKQLL,1
CADSGGGADGLTF,CASSLLSGYSYEQYF,HLA-B*08:01,RAKFKQLL,1
CATAGDNTNAGKSTF,CASSFFGWYQETQYF,HLA-A*03:01,KLGGALQAK,1
CAASGTSNSGYALNF,CAWILSKYF,HLA-A*02:01,GILGFVFTL,1
CVVTETSYDKVIF,CASSFGSGFYEQYF,HLA-B*08:01,RAKFKQLL,1
CAGNRDDKIIF,CASSYGLGDIQYF,HLA-B*08:01,RAKFKQLL,1
CAVVGEGGYQKVTF,CASSYNSYEQYF,HLA-B*08:01,RAKFKQLL,1
CAMREGQGGGFKTIF,CASSSPQGRELFF,HLA-A*11:01,AVFDRKSDAK,1
CAASETSYDKVIF,CASSTRGGYEQYF,HLA-B*08:01,RAKFKQLL,1
CAVSDGGQKLLF,CASISDRGRGWTEAFF,HLA-A*03:01,KLGGALQAK,1
CADSGGGADGLTF,CASSGRSTGELFF,HLA-B*08:01,RAKFKQLL,1
CADSGGGADGLTF,CASSTSTGSEAFF,HLA-B*08:01,RAKFKQLL,1
CASGGSQGNLIF,CASSIRSAFEQFF,HLA-A*02:01,GILGFVFTL,1
CAMKKYNFNKFYF,CASSLTTPVYAGELFF,HLA-B*08:01,RAKFKQLL,1
CAFMKGAGGTSYGKLTF,CASSIGVHGYTF,HLA-A*11:01,IVTDFSVIK,1
CAGHTGNQFYF,CASSYAPNQPQHF,HLA-A*11:01,IVTDFSVIK,1
CALSPRYNQGGKLIF,CASSSHGMFGGLAGGVGYF,HLA-A*03:01,KLGGALQAK,1
CAASRFSGGGADGLTF,CASSHSGGSYNEQFF,HLA-A*03:01,KLGGALQAK,1
CAVRRERRDDKIIF,CAIGPGGSGTQYF,HLA-A*11:01,AVFDRKSDAK,1
CIVRVDLNAGNNRKLIW,CASSPTPVQGGNYGYTF,HLA-B*08:01,RAKFKQLL,1
CAEDSGNLIF,CASSESSGGTDTQYF,HLA-A*02:01,GLCTLVAML,1
CATDRGTASKLTF,CAWSWGGAYEQYF,HLA-A*03:01,KLGGALQAK,1
CADSGGGADGLTF,CASSSGTGTQETQYF,HLA-B*08:01,RAKFKQLL,1
CAASETSYDKVIF,CASSIQGEGHNEQFF,HLA-B*08:01,RAKFKQLL,1
CAMSANQFYF,CASSPGTSGGVSYEQYF,HLA-A*03:01,KLGGALQAK,1
CADSGGGADGLTF,CASSVEVRGGDNEQFF,HLA-B*08:01,RAKFKQLL,1
CADSGGGADGLTF,CASSIDGGNQPQHF,HLA-B*08:01,RAKFKQLL,1
CADSGGGADGLTF,CAWGDSYEQYF,HLA-B*08:01,RAKFKQLL,1
CAGNSGNTGKLIF,CASSTRGGYEQYF,HLA-A*02:01,GILGFVFTL,1
CAASWDQAGTALIF,CASSWYTAGDTQYF,HLA-A*03:01,KLGGALQAK,1
CVVNRGHYKLSF,CAISGDREGQYF,HLA-A*02:01,GILGFVFTL,1
CAVRASNYQLIW,CASSPDRGLMYEQYF,HLA-B*08:01,RAKFKQLL,1
CAATLDSSYKLIF,CASSIATGVYEQYF,HLA-B*08:01,RAKFKQLL,1
CAGTGNTGKLIF,CASSLAGNTDTQYF,HLA-B*08:01,RAKFKQLL,1
CVVSDYSSASKIIF,CASSLNSGLDGYTF,HLA-A*11:01,AVFDRKSDAK,1
CADSGGGADGLTF,CASSTRSGDTQYF,HLA-B*08:01,RAKFKQLL,1
CAVNGYSGAGSYQLTF,CASSYGPSWGYTF,HLA-A*02:01,ELAGIGILTV,1
CATDAGSSYKLIF,CAWSQGREQYF,HLA-B*08:01,RAKFKQLL,1
CALNTRGKLIF,CSATWEGASGGETQYF,HLA-B*08:01,RAKFKQLL,1
CAATNNAGNMLTF,CASSGSSRTPNTEAFF,HLA-A*02:01,GLCTLVAML,1
CAVDFRDNYGQNFVF,CALAYYGYTF,HLA-A*11:01,IVTDFSVIK,1
CADSGGGADGLTF,CASSPGLADYEQYF,HLA-B*08:01,RAKFKQLL,1
CAFNERDNYGQNFVF,CASSRDSSANEQFF,HLA-A*03:01,RLRAEAQVK,1
CADSGGGADGLTF,CASSLSRDRESGANQPQHF,HLA-B*08:01,RAKFKQLL,1
CAARPYGQNFVF,CASSVRTWDVSNTEAFF,HLA-A*03:01,KLGGALQAK,1
CILRDLNAGGTSYGKLTF,CASSSTGPRWDEQFF,HLA-A*03:01,KLGGALQAK,1
CAVRDSNYQLIW,CASSVVVVLTSGGADTQYF,HLA-A*03:01,KLGGALQAK,1
CAESTSGGKLIF,CASSPEGSYNEQFF,HLA-A*02:01,GLCTLVAML,1
CAEDLQKLVF,CASSEALDPTGSSPLHF,HLA-A*02:01,GLCTLVAML,1
CAVSGGDSNYQLIW,CASRERTDNYGYTF,HLA-A*03:01,KLGGALQAK,1
CAASETSYDKVIF,CASSIDQGQSEEGNQPQHF,HLA-B*08:01,RAKFKQLL,1
CAEDFNARLMF,CASSFRGPGTEAFF,HLA-A*02:01,GLCTLVAML,1
CAEMEGGSYIPTF,CASSPRGPGAGEKLFF,HLA-B*08:01,RAKFKQLL,1
CAVSSFTNAGKSTF,CASTTGNTGELFF,HLA-A*03:01,KLGGALQAK,1
CAVGALANFGNEKLTF,CAWSWGGAYEQYF,HLA-A*11:01,AVFDRKSDAK,1
CADSGGGADGLTF,CASSLAVLGETQYF,HLA-B*08:01,RAKFKQLL,1
CGTEFGPNSGNTPLVF,CASRWTVYSNQPQHF,HLA-A*03:01,KLGGALQAK,1
CAGAGSQGNLIF,CASGLVTHEAFF,HLA-A*02:01,GILGFVFTL,1
CILREFYNDMRF,CASRGGQISYEQYF,HLA-B*08:01,RAKFKQLL,1
CILRETSYDKVIF,CASGRLSYNEQFF,HLA-A*11:01,IVTDFSVIK,1
CAVSDPGGYSTLTF,CAGGFYGYTF,HLA-B*08:01,FLRGRAYGL,1
CAVRAAREGKLIF,CASSEEVGGNTEAFF,HLA-A*03:01,KLGGALQAK,1
CATDAATGRRALTF,CASSLTGDGQPQHF,HLA-A*02:01,GLCTLVAML,1
CAMREGQGGGFKTIF,CASSSPQGRELFF,HLA-A*03:01,KLGGALQAK,1
CATDLSSNYQLIW,CASSYGPTEAFF,HLA-A*03:01,KLGGALQAK,1
CGADSASGTYKYIF,CASSPEYNEQFF,HLA-B*08:01,RAKFKQLL,1
CVVTETSYDKVIF,CAWSVGQGTDGELFF,HLA-B*08:01,RAKFKQLL,1
CAVEGPTDSWGKFQF,CASSLPKFGFSYYNEQFF,HLA-A*03:01,KLGGALQAK,1
CADSGGGADGLTF,CASSWTGIGNSPLHF,HLA-B*08:01,RAKFKQLL,1
CVVNMDNARLMF,CASSLFRVGRLYNEQFF,HLA-B*08:01,RAKFKQLL,1
CAAARMDSSYKLIF,CASSLGRTTEAFF,HLA-B*08:01,RAKFKQLL,1
CAALNDYKLSF,CASTSHGGANNEQFF,HLA-A*02:01,GILGFVFTL,1
CAAARMDSSYKLIF,CSVWGTSGSSYNEQFF,HLA-B*08:01,RAKFKQLL,1
CAASAAGNNRKLIW,CASSSTGGKTQPQHF,HLA-A*03:01,KLGGALQAK,1
CAASGSQGAQKLVF,CASKAGSSYNEQFF,HLA-A*11:01,IVTDFSVIK,1
CAASEGGFKTIF,CASSLVGNTEAFF,HLA-B*08:01,RAKFKQLL,1
CAEMEGGSYIPTF,CASSSGGGGLDGYTF,HLA-B*08:01,RAKFKQLL,1
CLVDPYSSASKIIF,CASSEVLSPEQYF,HLA-B*08:01,RAKFKQLL,1
CAETHSGGSNYKLTF,CSADNRGRYNEQFF,HLA-B*08:01,RAKFKQLL,1
CAAKEGYSTLTF,CASSLYWGRSTDTQYF,HLA-A*03:01,KLGGALQAK,1
CAVSPWGGYNKLIF,CASRQAVTVNTEAFF,HLA-A*03:01,KLGGALQAK,1
CAVNQAGTALIF,CASSLKVVWTGYEQYF,HLA-A*03:01,KLGGALQAK,1
CAYSDSNYQLIW,CASSQTLLAGGFYEQYF,HLA-B*08:01,FLRGRAYGL,1
CAVRGTGNQFYF,CASSLLDRPSTYEQYF,HLA-A*03:01,KLGGALQAK,1
CATGSNDYKLSF,CASHSGNTIYF,HLA-B*08:01,RAKFKQLL,1
CAVEDLKTGANNLFF,CASNLRGSNQPQHF,HLA-B*08:01,RAKFKQLL,1
CAVRDSRGSYIPTF,CASSYSQGGEGVDEQFF,HLA-B*08:01,RAKFKQLL,1
CAVTPGGGADGLTF,CASSDAGGHTDTQYF,HLA-A*03:01,KLGGALQAK,1
CAASETSYDKVIF,CASSLSGTGSVYEQYF,HLA-B*08:01,RAKFKQLL,1
CAAKEGYSTLTF,CASSHHSSGGLDTQYF,HLA-A*03:01,KLGGALQAK,1
CAAKEGGSEKLVF,CASCLGENTEAFF,HLA-B*08:01,RAKFKQLL,1
CAVGARFRLNYGGSQGNLIF,CASSIAETGGTEAFF,HLA-B*08:01,RAKFKQLL,1
CARGGGFKTIF,CASSEDPPNEKLFF,HLA-A*11:01,AVFDRKSDAK,1
CAVSASGTYKYIF,CASRASMSSYNEQFF,HLA-B*08:01,RAKFKQLL,1
CADSGGGADGLTF,CASSESFSNQPQHF,HLA-B*08:01,RAKFKQLL,1
CAETHSGGSNYKLTF,CASSVVPGQGIADEQFF,HLA-B*08:01,RAKFKQLL,1
CAVNAYPHNYGQNFVF,CASSFEGSDYGYTF,HLA-B*08:01,RAKFKQLL,1
CAVLGTQGGSEKLVF,CASSMVAALGEQFF,HLA-B*08:01,RAKFKQLL,1
CAETHSGGSNYKLTF,CASSQEVPHLAGGPSNTDTQYF,HLA-B*08:01,RAKFKQLL,1
CAVRASGSRLTF,CASSIERIQQAFF,HLA-A*11:01,AVFDRKSDAK,1
CAAKQGAQKLVF,CASSSDGDGWTEAFF,HLA-A*11:01,AVFDRKSDAK,1
CAMREGGNYGQNFVF,CASSRTAAYEQYF,HLA-A*03:01,KLGGALQAK,1
CAASTDSWGKLQF,CAISAYSRNTEAFF,HLA-A*02:01,GILGFVFTL,1
CALSEAQLGSGYALNF,CAWSVGQGTDGELFF,HLA-B*08:01,RAKFKQLL,1
CADSGGGADGLTF,CASSYVTGLAAYEQYF,HLA-B*08:01,RAKFKQLL,1
CADSGGGADGLTF,CASSLKGTDTQYF,HLA-B*08:01,RAKFKQLL,1
CGTDKGGGSQGNLIF,CAISEDIAGDYQETQYF,HLA-A*02:01,GILGFVFTL,1
CAGHTGNQFYF,CASSIGWGELSYEQYF,HLA-A*11:01,IVTDFSVIK,1
CAVNARTGFQKLVF,CASSRASGAIPEDEQFF,HLA-B*08:01,RAKFKQLL,1
CALTPGAAGNKLTF,CASSIRQGNYEQYF,HLA-A*03:01,KLGGALQAK,1
CAAASNFGNEKLTF,CATTPGDSNQPQHF,HLA-A*02:01,GLCTLVAML,1
CAATETSYDKVIF,CASTGLAGQETQYF,HLA-B*08:01,RAKFKQLL,1
CAVRGNNARLMF,CASSSGQGLNEKLFF,HLA-A*03:01,KLGGALQAK,1
CVVNEGGGADGLTF,CASSLLWAEYNEQFF,HLA-A*03:01,KLGGALQAK,1
CAEMEGGSYIPTF,CASSEAVPGQNTGELFF,HLA-B*08:01,RAKFKQLL,1
CGTEYPNDYKLSF,CASGLWGSQHF,HLA-A*02:01,GLCTLVAML,1
CAVSGSGGSYIPTF,CASSGQGYNEQFF,HLA-B*08:01,RAKFKQLL,1
CIRKSTGNQFYF,CASSLELSGAWETQYF,HLA-B*08:01,RAKFKQLL,1
CAAPPSKRGNNRLAF,CASSLPRGGSYF,HLA-A*02:01,GILGFVFTL,1
CADSGGGADGLTF,CASSLGTSGIDEQFF,HLA-A*03:01,KLGGALQAK,1
CAVTDGGSQGNLIF,CAWETGSNEQFF,HLA-A*02:01,GILGFVFTL,1
CGTEYPNDYKLSF,CASSRQGAGDTEAFF,HLA-A*02:01,GLCTLVAML,1
CIVREGSQGNLIF,CASSETGGWGYTF,HLA-A*03:01,KLGGALQAK,1
CAATAAGTYKYIF,CASSLLLPDTQYF,HLA-A*03:01,KLGGALQAK,1
CAVSAWF,CARGLGTDTQYF,HLA-A*03:01,KLGGALQAK,1
CAAKEGYSTLTF,CASSFFSNQPQHF,HLA-A*03:01,KLGGALQAK,1
CVGYTNAGKSTF,CASSLLHGNTEAFF,HLA-B*08:01,RAKFKQLL,1
CAAPVGQKVTF,CATSPGLADYEQYF,HLA-A*03:01,KLGGALQAK,1
CILREFYNDMRF,CASSARDTSYEQYF,HLA-B*08:01,RAKFKQLL,1
CAGQTSDSWGKLQF,CARRALGQGGNQPQHF,HLA-A*03:01,KLGGALQAK,1
CAGNSNSGYALNF,CASSPIGSGELFF,HLA-A*03:01,KLGGALQAK,1
CAESEGPTYTDKLIF,CASSERTGEFAETQYF,HLA-B*08:01,RAKFKQLL,1
CAFLLTDSNYQLIW,CASIPALGPPSSYEQYF,HLA-B*08:01,RAKFKQLL,1
CAASASGDSNYQLIW,CASSLVGVGTQYF,HLA-A*03:01,KLGGALQAK,1
CAVVAGYALNF,CASSARSSYEQYF,HLA-A*03:01,KLGGALQAK,1
CAVLDSNYQLIW,CASSFYEQYF,HLA-A*03:01,KLGGALQAK,1
CAEDLQKLVF,CSASPGDYEQYF,HLA-A*02:01,GLCTLVAML,1
CAPEGYSSASKIIF,CASSELDGDRDTQYF,HLA-A*03:01,KLGGALQAK,1
CALTLYGGSQGNLIF,CASSLPAVAAYNEQFF,HLA-A*11:01,IVTDFSVIK,1
CAMREGWANSKLTF,CASSQDIYSNQPQHF,HLA-A*03:01,KLGGALQAK,1
CAENSSLAGKSTF,CASSHSGGSHNEQFF,HLA-B*08:01,RAKFKQLL,1
CAVRDGAGGSYIPTF,CASSSGTPNQPQHF,HLA-B*08:01,RAKFKQLL,1
CAGAGSQGNLIF,CASSVRSSYEQYF,HLA-A*11:01,AVFDRKSDAK,1
CAIGGDGGSQGNLIF,CASSPRSGNTIYF,HLA-B*08:01,RAKFKQLL,1
CADSGGGADGLTF,CASQGAHYGQYF,HLA-B*08:01,RAKFKQLL,1
CAETHSGGSNYKLTF,CASSRDSGNEQFF,HLA-B*08:01,RAKFKQLL,1
CADSGGGADGLTF,CASSYSTRLADYNEQFF,HLA-B*08:01,RAKFKQLL,1
CALEGNTPLVF,CASSLQGYNEQFF,HLA-A*11:01,AVFDRKSDAK,1
CAYRSAESGSEKLVF,CASSPVPDGANVLTF,HLA-A*03:01,KLGGALQAK,1
CAENIQGGFKTIF,CASSPGGYEQYF,HLA-A*03:01,KLGGALQAK,1
CAYRSFGNNDMRF,CASSETSGGAYEQYF,HLA-A*11:01,AVFDRKSDAK,1
CAMRVNSGTYKYIF,CASSLLRVGTGELFF,HLA-A*02:01,GLCTLVAML,1
CAAKEGYSTLTF,CASSPPSGAYEQYF,HLA-A*03:01,KLGGALQAK,1
CAMSESGGSNYKLTF,CATSRVGADTQYF,HLA-B*08:01,RAKFKQLL,1
CAVRDSAGTALIF,CASVLGGGINEQFF,HLA-A*03:01,KLGGALQAK,1
CALSGNNNARLMF,CASRAPGLALDTQYF,HLA-B*08:01,RAKFKQLL,1
CAENGGDSSYKLIF,CASSQDLAGGPDTQYF,HLA-A*03:01,KLGGALQAK,1
CAASETSYDKVIF,CAGGGRVGEAFF,HLA-B*08:01,RAKFKQLL,1
CADSGGGADGLTF,CASRLTNGTYQNQPQHF,HLA-B*08:01,RAKFKQLL,1
CAAGTQGAQKLVF,CASSMTGEGTGELFF,HLA-B*08:01,RAKFKQLL,1
CAAPETSYDKVIF,CASSPGTSETGELFF,HLA-A*02:01,GILGFVFTL,1
CAVSDSNYQLIW,CASLGPGDTGELFF,HLA-A*03:01,KLGGALQAK,1
CVVRPGGDSWGKLQF,CASSFDSKAFF,HLA-A*11:01,IVTDFSVIK,1
CAESEGPTYTDKLIF,CAIKAPGTGGYEQYF,HLA-B*08:01,RAKFKQLL,1
CAASVGSGAGSYQLTF,CASSLWDRDSVQETQYF,HLA-B*08:01,RAKFKQLL,1
CAGEGNNNDMRF,CAGEWDGSYGYTF,HLA-B*08:01,RAKFKQLL,1
CAMRSTGNQFYF,CASSQDPSRTYEQYF,HLA-A*11:01,IVTDFSVIK,1
CAVNVMAKGYSGGGADGLTF,CASSLWQGAYEQYF,HLA-A*03:01,KLGGALQAK,1
CAAMETSYDKVIF,CASSPPGQGHEQYF,HLA-B*08:01,RAKFKQLL,1
CAAWGGNTPLVF,CASSLPGRERNGYTF,HLA-B*08:01,RAKFKQLL,1
CADSGGGADGLTF,CASRTGNLNTEAFF,HLA-B*08:01,RAKFKQLL,1
CAAPYSSASKIIF,CASSIAAGGQNIQYF,HLA-A*11:01,AVFDRKSDAK,1
CAVMDSSYKLIF,CASSDAGGHTDTQYF,HLA-A*02:01,GILGFVFTL,1
CPLPTNAGKSTF,CASRFAQGSGANVLTF,HLA-B*08:01,RAKFKQLL,1
CAESEGPTYTDKLIF,CASSRETGSGNTIYF,HLA-B*08:01,RAKFKQLL,1
CAASNTGKLIF,CASSPLSTDTQYF,HLA-B*08:01,RAKFKQLL,1
CAMSGDGGSQGNLIF,CASSIRAAYEQYF,HLA-A*11:01,IVTDFSVIK,1
CAMREGQAGQKLLF,CASSVNPGLRGGTDTQYF,HLA-B*08:01,RAKFKQLL,1
CAASNTGKLIF,CASSLVAGQNNSPLHF,HLA-B*08:01,RAKFKQLL,1
CIVRVVVYRDDKIIF,CASRVTAEWVDNQPQHF,HLA-A*03:01,KLGGALQAK,1
CAESEGPTYTDKLIF,CASSQTTGADEQFF,HLA-B*08:01,RAKFKQLL,1
CAMREETGANNLFF,CASSLGGQNYGYTF,HLA-B*08:01,RAKFKQLL,1
CAASETSYDKVIF,CASSPGQGDYEQYF,HLA-B*08:01,RAKFKQLL,1
CADSGGGADGLTF,CASSLMSSGGEEFF,HLA-B*08:01,RAKFKQLL,1
CILLLGGGSQGNLIF,CASSIIWRANTEAFF,HLA-B*08:01,RAKFKQLL,1
CIVRTAGNNRKLIW,CASSMGGLQPQHF,HLA-B*08:01,RAKFKQLL,1
CADSGGGADGLTF,CASRGQGLNIQYF,HLA-B*08:01,RAKFKQLL,1
CAEDNNARLMF,CAWSHPSPLHF,HLA-A*11:01,AVFDRKSDAK,1
CTSVLRCPGSSNTGKLIF,CASSIRTSGIGKNNEQFF,HLA-A*03:01,KLGGALQAK,1
CAVRGYNAGNMLTF,CAIGRQGSSYEQYF,HLA-B*08:01,RAKFKQLL,1
CAVRDQSGGYQKVTF,CASSSNLFQGLVNEQFF,HLA-A*02:01,GLCTLVAML,1
CAASPTGMDSNYQLIW,CASSIHTANQPQHF,HLA-B*08:01,RAKFKQLL,1
CGTRYISFTGGGNKLTF,CASTLDGGGTFSYNEQFF,HLA-B*08:01,RAKFKQLL,1
CAAARMDSSYKLIF,CASSYQAGGYNEQFF,HLA-B*08:01,RAKFKQLL,1
CAESEGPTYTDKLIF,CASSKAADRARPDTQYF,HLA-B*08:01,RAKFKQLL,1
CAENRGTALIF,CASSLSAAGNTEAFF,HLA-B*08:01,RAKFKQLL,1
CAETQDSNYQLIW,CASSEWGQGRIDTQYF,HLA-B*08:01,RAKFKQLL,1
CAASETSYDKVIF,CASSIGDFGGTEAFF,HLA-B*08:01,RAKFKQLL,1
CAESTSGGKLIF,CSVGSGDHGEQFF,HLA-A*02:01,GLCTLVAML,1
CAGRELEAGGTSYGKLTF,CASRVLTGSNSPLHF,HLA-B*08:01,RAKFKQLL,1
CAASAAGNQFYF,CASSYHRAGRDQPQHF,HLA-A*03:01,KLGGALQAK,1
CVVNMDNARLMF,CASSVGLSSYNEQFF,HLA-B*08:01,RAKFKQLL,1
CAVPSGGGADGLTF,CASSIGTGGLYF,HLA-A*03:01,KLGGALQAK,1
CALVRGGGQNFVF,CASSYLSGMSTDTQYF,HLA-A*03:01,KLGGALQAK,1
CGTEYPNDYKLSF,CASSLSGGSYNEQFF,HLA-A*02:01,GLCTLVAML,1
CILRDVDSGAGSYQLTF,CASSDGFSGANVLTF,HLA-A*03:01,KLGGALQAK,1
CAEMETSYDKVIF,CASSPTRGANEKLFF,HLA-B*08:01,RAKFKQLL,1
CAVSAASGGSYIPTF,CASSVPEAFF,HLA-B*08:01,RAKFKQLL,1
CATDASGGSNYKLTF,CAWSVGQGTDGELFF,HLA-B*08:01,RAKFKQLL,1
CVVESMEYGNKLVF,CASSVTTQYF,HLA-B*08:01,RAKFKQLL,1
CAVGTARLMF,CASSYGTEQYF,HLA-B*08:01,RAKFKQLL,1
CAESEGPTYTDKLIF,CASSLGILAGGLSDSYNEQFF,HLA-B*08:01,RAKFKQLL,1
CAALNNAGNMLTF,CASSIALASEQFF,HLA-B*08:01,RAKFKQLL,1
CILRPYSSASKIIF,CASSPVSQGANSGNTIYF,HLA-B*08:01,RAKFKQLL,1
CAETQDSNYQLIW,CASSLGPYEQYF,HLA-B*08:01,RAKFKQLL,1
CAARVRGFGNVLHC,CASSIRSTDTQYF,HLA-A*11:01,AVFDRKSDAK,1
CAASGSSNAGNMLTF,CASRAGREAFF,HLA-A*11:01,IVTDFSVIK,1
CVVNKRARLMF,CASSLRGGTEAFF,HLA-B*08:01,RAKFKQLL,1
CVVNMDNARLMF,CASSGTGYNEQFF,HLA-B*08:01,RAKFKQLL,1
CAEKEYADGLTF,CASSPGLAGNEQFF,HLA-A*02:01,GLCTLVAML,1
CGTVLEGGSQGNLIF,CASSQRSTDTQYF,HLA-B*08:01,RAKFKQLL,1
CAMSPGAGGTSYGKLTF,CASSYGAGVYNEQFF,HLA-B*08:01,RAKFKQLL,1
CGTLSPKAAGNKLTF,CASSRGHEQFF,HLA-A*03:01,KLGGALQAK,1
CAASEVPQLTF,CATSDEGAWGQGCYEQYF,HLA-B*08:01,RAKFKQLL,1
CILSTGANSKLTF,CASSFTPETQYF,HLA-A*03:01,KLGGALQAK,1
CAVTRDDKIIF,CASRETGSGYNEQFF,HLA-A*03:01,KLGGALQAK,1
CAGPGTGANNLFF,CASSPQGVEQFF,HLA-B*08:01,RAKFKQLL,1
CALSEARDQFYF,CASSVSAGTDTQYF,HLA-B*08:01,RAKFKQLL,1
CAGLNNNDMRF,CASGFGGDRPDRRAEAFF,HLA-A*02:01,GLCTLVAML,1
CADSGGGADGLTF,CASSIRSTDTQYF,HLA-B*08:01,RAKFKQLL,1
CADSGGGADGLTF,CASSIRSGATQYF,HLA-B*08:01,RAKFKQLL,1
CAVRVGDMRF,CASSSDRDEYSLDQPQHF,HLA-A*11:01,AVFDRKSDAK,1
CALRETSYDKVIF,CASSTGVYGYTF,HLA-B*08:01,RAKFKQLL,1
CAARVRGFGNVLHC,CASSPPGGGNTGELFF,HLA-A*11:01,AVFDRKSDAK,1
CIVMDDFQKLVF,CASSFEGRVDEKLFF,HLA-B*08:01,RAKFKQLL,1
CAEDNNARLMF,CSARDINRGSYEQYF,HLA-A*02:01,GLCTLVAML,1
CAVRDSNYQLIW,CASGPGQGTDTQYF,HLA-A*03:01,KLGGALQAK,1
CAAARMDSSYKLIF,CASSVEGGYGGTPDNEQFF,HLA-B*08:01,RAKFKQLL,1
CAVDTPNTGNQFYF,CASSIYRGLNEKLFF,HLA-B*08:01,RAKFKQLL,1
CAERPPNQETSGSRLTF,CASRPPGGQGSLF,HLA-A*03:01,KLGGALQAK,1
CADSGGGADGLTF,CASSGTILRDRDLRSGANVLTF,HLA-B*08:01,RAKFKQLL,1
CAETQDSNYQLIW,CASSVKEGLYGYTF,HLA-B*08:01,RAKFKQLL,1
CALSEASSGGYQKVTF,CASSSIARVIQYF,HLA-B*08:01,RAKFKQLL,1
CAMKSTNAGKSTF,CASSYSTYGQGRENTEAFF,HLA-A*03:01,RLRAEAQVK,1
CAAIAAGGATNKLIF,CASSFGTLSNQPQHF,HLA-A*03:01,KLGGALQAK,1
CAEDNNARLMF,CISAPAVSPNTEAFF,HLA-A*02:01,GLCTLVAML,1
CAASIKLNSGYALNF,CASTSHGGANNEQFF,HLA-A*02:01,GILGFVFTL,1
CATDSAGGTSYGKLTF,CASSFSGATHNEQFF,HLA-A*03:01,KLGGALQAK,1
CAVGDNFNKFYF,CASGGLAGEGGELFF,HLA-A*11:01,AVFDRKSDAK,1
CAVRDSAGTALIF,CASSLGTGGSYEQYF,HLA-A*11:01,IVTDFSVIK,1
CAAARMDSSYKLIF,CASSLAGRGNQPQHF,HLA-B*08:01,RAKFKQLL,1
CAVRGGNNRLAF,CASSYLGGETQYF,HLA-A*03:01,KLGGALQAK,1
CAVTRNSGYSTLTF,CASSVLGGAYEQYF,HLA-B*08:01,RAKFKQLL,1
CAVGRTNTGNQFYF,CASSRTNEQFF,HLA-A*03:01,KLGGALQAK,1
CAERKDDYKLSF,CGSDRADTEAFF,HLA-A*11:01,IVTDFSVIK,1
CPLPTNAGKSTF,CASSQTRRARPDTQYF,HLA-A*03:01,KLGGALQAK,1
CAASRNAGNNRKLIW,CASSHNRDQYF,HLA-A*03:01,KLGGALQAK,1
CAENSKGHDNDMRF,CASSYTGTNEQYF,HLA-B*08:01,RAKFKQLL,1
CALERGKLIF,CASSLGIIVGVSLNEQFF,HLA-A*11:01,AVFDRKSDAK,1
CADSGGGADGLTF,CASSFPGTGSYEQYF,HLA-A*02:01,GLCTLVAML,1
CAASYSGAGSYQLTF,CASSHKGRTDTQYF,HLA-A*03:01,KLGGALQAK,1
CAEVF,CASSLGGGNNEQFF,HLA-A*11:01,IVTDFSVIK,1
CADSGGGADGLTF,CASSSGGSYEQYF,HLA-B*08:01,RAKFKQLL,1
CAVQGRGVGSGNTGKLIF,CASSVPRETQYF,HLA-A*03:01,KLGGALQAK,1
CPLPTNAGKSTF,CSARGGATGTNTGELFF,HLA-A*03:01,KLGGALQAK,1
CADSGGGADGLTF,CASSFKGRGSGNTIYF,HLA-B*08:01,RAKFKQLL,1
CAMREPNSGNTPLVF,CASSLDGSPREAFF,HLA-B*08:01,RAKFKQLL,1
CAGAETSYDKVIF,CASSYQAGGYNEQFF,HLA-B*08:01,RAKFKQLL,1
CAYRSPFGGNEKLTF,CQQQVPRQGVWLATWYTEAFF,HLA-A*03:01,KLGGALQAK,1
CAVDTDKLIF,CASSDRPGPDTQYF,HLA-B*08:01,RAKFKQLL,1
CAEDNNARLMF,CASSAGASEAFF,HLA-A*02:01,GLCTLVAML,1
CPLPTNAGKSTF,CASSLSDPGNYGYTF,HLA-B*08:01,RAKFKQLL,1
CILWVAAGNKLTF,CASSSSDTQYF,HLA-A*11:01,AVFDRKSDAK,1
CAATETSYDKVIF,CASGLLGGSTGELFF,HLA-B*08:01,RAKFKQLL,1
CVVTETSYDKVIF,CASSFGGSGANVLTF,HLA-B*08:01,RAKFKQLL,1
CVVTETSYDKVIF,CASSITLWGGMNTEAFF,HLA-B*08:01,RAKFKQLL,1
CADSGGGADGLTF,CASSDSLGADTQYF,HLA-B*08:01,RAKFKQLL,1
CAMRDRTGANSKLTF,CASSYSVLRTSGPRGGQYF,HLA-B*08:01,RAKFKQLL,1
CILWVAAGNKLTF,CASSPMTGRFDNEQFF,HLA-A*03:01,KLGGALQAK,1
CAASETSYDKVIF,CAWSVGQGTDGELFF,HLA-B*08:01,RAKFKQLL,1
CAVALYGGSQGNLIF,CASSSGVGGGEVVNTEAFF,HLA-B*08:01,RAKFKQLL,1
CALRPPNSGYSTLTF,CASSARADSYNEQFF,HLA-A*03:01,KLGGALQAK,1
CAASETSYDKVIF,CAWSGGTTEAFF,HLA-B*08:01,RAKFKQLL,1
CVVNGGDSSYKLIF,CASSEGQVSPGELFF,HLA-B*08:01,RAKFKQLL,1
CAASETSYDKVIF,CAETGEVRTYEQYF,HLA-B*08:01,RAKFKQLL,1
CAESEGPTYTDKLIF,CASRTSGSSYNEQFF,HLA-B*08:01,RAKFKQLL,1
CADSGGGADGLTF,CASSLDGQGPLYGYTF,HLA-B*08:01,RAKFKQLL,1
CILWVAAGNKLTF,CASSFSAEQFF,HLA-A*02:01,SLFNTVATLY,1
CASMDSNYQLIW,CASSPEGVNTGELFF,HLA-A*11:01,IVTDFSVIK,1
CAVRDSNYQLIW,CATRAGQPYEQYF,HLA-A*03:01,KLGGALQAK,1
CAVGAAGGYQKVTF,CASSDSRGTEAFF,HLA-A*03:01,KLGGALQAK,1
CALHRGTSYGKLTF,CAISQPRSNSPLHF,HLA-B*08:01,RAKFKQLL,1
CAVRGATNKLIF,CASSDPGTHHTYGYTF,HLA-A*03:01,KLGGALQAK,1
CVVNWPGDMRF,CASKSERGTYEQYF,HLA-B*35:01,IPSINVHHY,1
CIVRVATLIYNQGGKLIF,CASSLGAGDTLEQYF,HLA-B*08:01,RAKFKQLL,1
CALSENGRSQGNLIF,CASSPHFQVDTGELFF,HLA-A*03:01,KLGGALQAK,1
CADSGGGADGLTF,CASSLRDGSEAFF,HLA-A*02:01,GLCTLVAML,1
CATDGGGGSQGNLIF,CASSGLAGLNEQFF,HLA-B*08:01,RAKFKQLL,1
CAVNQGAQKLVF,CASSLGGHGNTIYF,HLA-A*03:01,KLGGALQAK,1
CAVNPANARLMF,CASIIQGMGQPQHF,HLA-A*02:01,ELAGIGILTV,1
CAESLWDDKIIF,CALAYYGYTF,HLA-B*08:01,RAKFKQLL,1
CAEDFNARLMF,CASRPGGHEGEKLFF,HLA-A*02:01,GLCTLVAML,1
CAAKEGYSTLTF,CASSFDGINSPLHF,HLA-B*08:01,RAKFKQLL,1
CAYPFPYNFNKFYF,CASSEPTSYNEQFF,HLA-B*08:01,FLRGRAYGL,1
CAESEGPTYTDKLIF,CASSRRAGLSSYNEQFF,HLA-B*08:01,RAKFKQLL,1
CALTGGYQKVTF,CASSLEGQGVETQYF,HLA-A*03:01,KLGGALQAK,1
CVVNAADTGNQFYF,CASSLIPNQYV,HLA-A*03:01,KLGGALQAK,1
CIPQFYNARLMF,CASSVGTGLLTGELFF,HLA-A*11:01,AVFDRKSDAK,1
CAVNSRYQKVTF,CASSLFFDNQPQHF,HLA-A*03:01,KLGGALQAK,1
CAFIGDAGGTSYGKLTF,CASSFFPGSTDTQYF,HLA-A*03:01,KLGGALQAK,1
CAFITHF,CASGHRRGASYEQYV,HLA-A*03:01,KLGGALQAK,1
CAVLGGGADGLTF,CAISEVTVQPQHF,HLA-A*03:01,KLGGALQAK,1
CAFSNSGYALNF,CASSQGQGIGSGYGYTF,HLA-A*03:01,KLGGALQAK,1
CATGGNKVIF,CAWTAGSGANVLTF,HLA-A*03:01,KLGGALQAK,1
CAERRVTTGGFKTIF,CASSPPSRNTEAFF,HLA-A*03:01,KLGGALQAK,1
CATDAPAAGNKLTF,CASSSQFVMGVADTQYF,HLA-A*03:01,KLGGALQAK,1
CAIGPGNMLTF,CASSYLGGEGLAFF,HLA-A*03:01,KLGGALQAK,1
CAVSDSNYQLIW,CAWTQESGRGNEQFF,HLA-A*03:01,KLGGALQAK,1
CALTLI,CASSPRQGKPYNEQFF,HLA-A*11:01,AVFDRKSDAK,1
CAFIGDAGGTSYGKLTF,CASSQDFPQDTEAFF,HLA-A*03:01,KLGGALQAK,1
CAVHPYNNNDMRF,CATAGVYGAGELFF,HLA-A*03:01,KLGGALQAK,1
CAIGPGNMLTF,CASSQAGDQPQHF,HLA-A*03:01,KLGGALQAK,1
CAEGGGGADGLTF,CASSQDLDTQYF,HLA-A*03:01,KLGGALQAK,1
CATDASGGFKTIF,CASSLGSGSTNYGYTF,HLA-A*03:01,KLGGALQAK,1
CARAQENTGNQFYF,CASSEAVGSEAFF,HLA-A*03:01,KLGGALQAK,1
CAVAHNTDKLIF,CASSLKDRGNETQYF,HLA-A*03:01,KLGGALQAK,1
CAIGPGNMLTF,CAISEGVYTGELFF,HLA-A*03:01,KLGGALQAK,1
CAENQLGYQKVTF,CASSIGSNEQFF,HLA-A*03:01,KLGGALQAK,1
CATDGAGGTSYGKLTF,CASPEGPYQAEQFF,HLA-A*03:01,KLGGALQAK,1
CIVRLYQGGKLIF,CAISHLGESGNTIYF,HLA-A*03:01,KLGGALQAK,1
CAFIGDAGGTSYGKLTF,CASSLGGGGEQYV,HLA-A*03:01,KLGGALQAK,1
CAENIHRLKTSYDKVIF,CARPPSSSYEQYV,HLA-A*03:01,KLGGALQAK,1
CAVEGRDDKIIF,CASSAYLGAIYGYTF,HLA-A*03:01,KLGGALQAK,1
CATVDMNRDDKIIF,CASSAWTLAGYGYTF,HLA-A*03:01,KLGGALQAK,1
CAVNARESSASKIIF,CASSLGQEYSYGYTF,HLA-A*03:01,KLGGALQAK,1
CVVRAGGYNKLIF,CASSLTSGAGGLQYF,HLA-A*03:01,KLGGALQAK,1
CAYRSMSYSGAGSYQLTF,CASSPSISGRTDTQYF,HLA-A*03:01,KLGGALQAK,1
CVGRKGSARQLTF,CASSLEQGTNTEAFF,HLA-A*03:01,KLGGALQAK,1
CAIGPGNMLTF,CASSQDRVGYEQYF,HLA-A*03:01,KLGGALQAK,1
CAGVSSNDYKLSF,CASSYRDREGYEQYF,HLA-A*03:01,KLGGALQAK,1
CLVGIRLTGGGNKLTF,CASSFNRGLGQPQHF,HLA-A*03:01,KLGGALQAK,1
CAASNGGSQGNLIF,CASSWTSGADTDTQYF,HLA-A*03:01,KLGGALQAK,1
CAMRTTGNQFYF,CASSLVAGPTDTQYF,HLA-A*03:01,KLGGALQAK,1
CATPDNNNDMRF,CASRHRSSYNEQFF,HLA-A*03:01,KLGGALQAK,1
CAAPNTGFQKLVF,CASSLEASHETQYF,HLA-A*03:01,KLGGALQAK,1
CAYNLGGKLIF,CASSFLVNTEAFF,HLA-A*03:01,KLGGALQAK,1
CALSEAPNSNSGYALNF,CASIPLGDDNSPLHF,HLA-A*03:01,KLGGALQAK,1
CAIGPGNMLTF,CASSPGSGTGLLSEAFF,HLA-A*03:01,KLGGALQAK,1
CAVRDGGMGSNTGKLIF,CAWISGVGSPLHF,HLA-A*03:01,KLGGALQAK,1
CAARYGNKLVF,CASTPGQGEADTQYF,HLA-A*03:01,KLGGALQAK,1
CATVPFNQKLLF,CASSSEPNQPQHF,HLA-A*03:01,KLGGALQAK,1
CAVREYSWGKLQF,CASSASLAGRYYEQYV,HLA-A*03:01,KLGGALQAK,1
CAEGTATGNQFYF,CASRQALQETQYF,HLA-A*03:01,KLGGALQAK,1
CAASRETSYDKVIF,CASSQSYEQYV,HLA-A*03:01,KLGGALQAK,1
CAVNYDYKLSF,CASSSYGTYGYTF,HLA-A*03:01,KLGGALQAK,1
CAGAAEYGNKLVF,CATSDLIGDRHQPQHF,HLA-A*11:01,AVFDRKSDAK,1
CATDAEDNTDKLIF,CASSQDTGGDTGELFF,HLA-A*11:01,AVFDRKSDAK,1
CAVRDFAGKSTF,CASMWDTLNNEQFF,HLA-A*03:01,KLGGALQAK,1
CAVTDDYKLSF,CASSKEGGTEAMETQYF,HLA-A*03:01,KLGGALQAK,1
CAVIQINDYKLSF,CASSLLLRQETQYF,HLA-A*03:01,KLGGALQAK,1
CAMRGPFSSNTGKLIF,CATSDTGTGMETQYF,HLA-A*03:01,KLGGALQAK,1
CAVRDRTF,CASSELAGITGELFF,HLA-A*03:01,KLGGALQAK,1
CAGSSPPVDYQFYF,CASSLAGNSPLHF,HLA-A*03:01,KLGGALQAK,1
CAMRDPQGGRRALTF,CASSAGTPFIGYTF,HLA-A*03:01,KLGGALQAK,1
CAIGPGNMLTF,CASSLDFFGGGNQETQYF,HLA-A*03:01,KLGGALQAK,1
CALGTAGNNRKLIW,CASSQGQGLWETQYF,HLA-A*11:01,AVFDRKSDAK,1
CAVNFPMNTGFQKLVF,CASSLLAKGSGANVLTF,HLA-A*03:01,KLGGALQAK,1
CAIGPGNMLTF,CASIGLSGAGELFF,HLA-A*03:01,KLGGALQAK,1
CAAYSGGYNKLIF,CASSLTTSGINTGELFF,HLA-A*03:01,KLGGALQAK,1
CALSDRSGGSNYKLTF,CARDSYFFIGNQPQHF,HLA-A*03:01,KLGGALQAK,1
CIVRGLYSTLTF,CASGLVPDETGSSPLHF,HLA-A*03:01,KLGGALQAK,1
CALSDPHRDDKIIF,CASSGARKNTEAFF,HLA-A*03:01,KLGGALQAK,1
CAASVDNYGQNFVF,CASSSGLVNSGTQYF,HLA-A*03:01,KLGGALQAK,1
CAGAGYWGQNFVF,CASSAMTGADTGELFF,HLA-A*03:01,KLGGALQAK,1
CAIGPGNMLTF,CASSNYRDFLGSTDTQYF,HLA-A*03:01,KLGGALQAK,1
CAAMGGNTGGFKTIF,CASSIVRTTDTQYF,HLA-A*03:01,KLGGALQAK,1
CAVVMDSNYQLIW,CATHMRAGANYGYTF,HLA-A*03:01,KLGGALQAK,1
CAVGAQGSYIPTF,CAPQATKNTEAFF,HLA-A*03:01,KLGGALQAK,1
CLVGDPVGTYKYIF,CASSPRNANRGYEQFF,HLA-A*03:01,KLGGALQAK,1
CAASGDYGQNFVF,CASPQDMNTEAFF,HLA-A*03:01,KLGGALQAK,1
CAASDRSGNTGKLIF,CASSDDRGPTEAFF,HLA-A*03:01,KLGGALQAK,1
CAFIGDAGGTSYGKLTF,CASSLVGDAQETQYF,HLA-A*03:01,KLGGALQAK,1
CAVKVYNAGNMLTF,CASSLVAGGPQETQYF,HLA-A*03:01,KLGGALQAK,1
CAIGPGNMLTF,CASSSRDVDRAGANVLTF,HLA-A*03:01,KLGGALQAK,1
CAMRGPISGGYNKLIF,CASSLWTGDQPQHF,HLA-A*03:01,KLGGALQAK,1
CAASVFMNRDDKIIF,CASSQEPLVDEQFF,HLA-A*03:01,KLGGALQAK,1
CAGAGSGYGQNFVF,CASSLSGGSGNTIYF,HLA-A*03:01,KLGGALQAK,1
CAGGQGAQKLVF,CASSLSMEGKETQYF,HLA-A*03:01,KLGGALQAK,1
CLVGEDALNF,CASSYTRDRVGYEQYV,HLA-A*03:01,KLGGALQAK,1
CASSGGISNFGNEKLTF,CASSPPTGPYEQYV,HLA-A*03:01,KLGGALQAK,1
CAVRDVGGKLIF,CASSIGRYEQFF,HLA-A*03:01,KLGGALQAK,1
CATDGEDAGGTSYGKLTF,CASSMIGTGHQPQHF,HLA-A*03:01,KLGGALQAK,1
CAVIEAGGTSYGKLTF,CASSIGGRELFF,HLA-A*03:01,KLGGALQAK,1
CALSEAPSGNTPLVF,CSIKTTATNEKLFF,HLA-A*03:01,KLGGALQAK,1
CAVEDSSYKLIF,CASILNPRDEGNTEAFF,HLA-A*03:01,KLGGALQAK,1
CAMREGANARLMF,CALTRGNTGELFF,HLA-A*03:01,KLGGALQAK,1
CAVIQINDYKLSF,CASSTARRGSAFDEQFF,HLA-A*11:01,AVFDRKSDAK,1
CALTQGDSNYQLIW,CASSYASGSTDTQYF,HLA-A*11:01,AVFDRKSDAK,1
CALSMEYGNKLVF,CASRSGERGGGDTQYF,HLA-A*03:01,KLGGALQAK,1
CARMDSNYQLIW,CASSYSGQGSQPQHF,HLA-A*03:01,KLGGALQAK,1
CAMREDYSSASKIIF,CASMGGWHEQYV,HLA-A*03:01,KLGGALQAK,1
CALSGKGGSNYKLTF,CASSEETLAGGPISSYNEQFF,HLA-A*03:01,KLGGALQAK,1
CAMRGYTGGFKTIF,CASPARPGSNTQYF,HLA-A*03:01,KLGGALQAK,1
CAYRPLRIIQGAQKLVF,CASRGGQDHQPQHF,HLA-A*03:01,KLGGALQAK,1
CALNSAGSYQLTF,CASSHGHEQYF,HLA-A*03:01,KLGGALQAK,1
CAVSDSGSARQLTF,CALQTGTPEAFF,HLA-A*03:01,KLGGALQAK,1
CAVNPGAGSYQLTF,CAITGENTGELFF,HLA-A*03:01,KLGGALQAK,1
CAVQGPWSDGQKLLF,CARNSTGDQPQHF,HLA-A*03:01,KLGGALQAK,1
CAVGYNTDKLIF,CASSPTGIVEQYV,HLA-A*03:01,KLGGALQAK,1
CAEITSGGSYIPTF,CASSGGARGYTF,HLA-A*03:01,KLGGALQAK,1
CALTANTNAGKSTF,CASSHRDRDTEAFF,HLA-A*03:01,KLGGALQAK,1
CAVRDRIGNYGQNFVF,CASSPEGVRSNQPQHF,HLA-A*03:01,KLGGALQAK,1
CAYPGHRDDKIIF,CASSVAGVLGNTIYF,HLA-A*03:01,KLGGALQAK,1
CAIGPGNMLTF,CASSLPGSENTEAFF,HLA-A*03:01,KLGGALQAK,1
CAVDGGFKTIF,CASSPPGQGAYGYTF,HLA-A*03:01,KLGGALQAK,1
CATDETGANNLFF,CASSQGAGNTEAFF,HLA-A*03:01,KLGGALQAK,1
CAIGPGNMLTF,CASSPGLRNEQYF,HLA-A*03:01,KLGGALQAK,1
CNAGNMLTF,CASSIVNSGANVLTF,HLA-A*03:01,KLGGALQAK,1
CAVRDPPTTSGTYKYIF,CASSWTGTNEKLFF,HLA-A*03:01,KLGGALQAK,1
CAGAYGSASKIIF,CASSFARSRLNYGYTF,HLA-A*03:01,KLGGALQAK,1
CAMREYTNFGNEKLTF,CASSPGLAGNNEQFF,HLA-A*11:01,IVTDFSVIK,1
CAVNPTGNQFYF,CASSPGTGGRGQPQHF,HLA-A*03:01,KLGGALQAK,1
CILRARNQAGTALIF,CASSIDLGQGLGNTIYF,HLA-A*03:01,KLGGALQAK,1
CAFIGDAGGTSYGKLTF,CASSPNQPQHF,HLA-A*11:01,AVFDRKSDAK,1
CAMRDYKAAGNKLTF,CASSEGLSDRDTQYF,HLA-A*03:01,KLGGALQAK,1
CALSVNAGGTSYGKLTF,CASSVDRGNQPQHF,HLA-A*03:01,KLGGALQAK,1
CATVSGGTSYGKLTF,CASSFWRGRAFF,HLA-A*03:01,KLGGALQAK,1
CAASGNNAGNMLTF,CAGARREVAYEQYV,HLA-A*03:01,KLGGALQAK,1
CVVRSGGYNKLIF,CASSQELAGGDTQYF,HLA-A*03:01,KLGGALQAK,1
CALSDLISDGQKLLF,CASSLGLGLSGANVLTF,HLA-A*03:01,KLGGALQAK,1
CAVRLGTNAGKSTF,CASSQDAGQGRSYEQYF,HLA-A*03:01,KLGGALQAK,1
CAVRPAGGSYIPTF,CAISEGRTGPGTPQHF,HLA-A*03:01,KLGGALQAK,1
CAGALTGGGSQGNLIF,CASSLASVFLSETQYF,HLA-A*03:01,KLGGALQAK,1
CAFIGDAGGTSYGKLTF,CASSGTGYDEQYV,HLA-A*03:01,KLGGALQAK,1
CAVRPTDSWGKFQF,CASSGTGAGTQYF,HLA-A*03:01,KLGGALQAK,1
CAVRDGSSGNTPLVF,CASSKGGAGELFF,HLA-A*03:01,KLGGALQAK,1
CAVNIVNDYKLSF,CASSGSVDTQYF,HLA-A*03:01,KLGGALQAK,1
CAFIGDAGGTSYGKLTF,CASSLGGTGAFRTEAFF,HLA-A*03:01,KLGGALQAK,1
CAVGHRGNYQLIW,CASSLRIAYYGYTF,HLA-A*03:01,KLGGALQAK,1
CAEKFRSGTYKYIF,CASSPNIGDSLRETQYF,HLA-A*03:01,KLGGALQAK,1
CLVGDQGGGNKLTF,CASSDRVNEQFF,HLA-A*03:01,KLGGALQAK,1
CAVSETGTASKLTF,CASSDRLAGSTGELFF,HLA-A*03:01,KLGGALQAK,1
CNSNDYKLSF,CASSIDSEAVSYEQYF,HLA-A*03:01,KLGGALQAK,1
CATLAGNQFYF,CASSPPSGRDDEKLFF,HLA-A*11:01,AVFDRKSDAK,1
CAMRGPFSSNTGKLIF,CASSLGASSTDTQYF,HLA-A*03:01,KLGGALQAK,1
CAIGPGNMLTF,CASSLGTAILNTIYF,HLA-A*03:01,KLGGALQAK,1
CAAGTSYGKLTF,CASGTSGSTGELFF,HLA-A*03:01,KLGGALQAK,1
CVAGEEYGNKLVF,CASFEVRDRGTGELFF,HLA-A*03:01,KLGGALQAK,1
CAIGPGNMLTF,CASSPTGYSNQPQHF,HLA-A*03:01,KLGGALQAK,1
CAVRDGGMGSNTGKLIF,CASSYGQSYEQYV,HLA-A*03:01,KLGGALQAK,1
CAMREGLRAGNQFYF,CASSWRTSVLETYNEQFF,HLA-A*03:01,KLGGALQAK,1
CAASWEGSNFGNEKLTF,CASSPGTLTEAFF,HLA-A*03:01,KLGGALQAK,1
CAVLAAGNKLTF,CASSLTRIGTGNYGYTF,HLA-A*03:01,KLGGALQAK,1
CVGRKGSARQLTF,CASSFFSGGASDTQYF,HLA-A*03:01,KLGGALQAK,1
CAESRRSSYKLIF,CASSLAATEAFF,HLA-A*03:01,KLGGALQAK,1
CVVKQKNDMRF,CASSPGGPYNEQFF,HLA-A*03:01,KLGGALQAK,1
CVVSDRGGTDKLIF,CASSLTGDNTEAFF,HLA-A*03:01,KLGGALQAK,1
CAASSGGSNYKLTF,CASSLWLGFIYGYTF,HLA-A*03:01,KLGGALQAK,1
CAATDPDNYGQNFVF,CASSSAGTGLFNEQFF,HLA-A*03:01,KLGGALQAK,1
CAVMGSRGSARQLTF,CASSRSDSSYEQYF,HLA-A*03:01,KLGGALQAK,1
CAMIRGNAGNMLTF,CATSTSGTSRETQYF,HLA-A*03:01,KLGGALQAK,1
CAMRGPFSSNTGKLIF,CASSFGEKLFF,HLA-A*03:01,KLGGALQAK,1
CGADRTDSWGKLQF,CASSPTRVKPQHF,HLA-A*03:01,KLGGALQAK,1
CAETGYNTDKLIF,CASSGGNEKLFF,HLA-A*03:01,KLGGALQAK,1
CAGADGTASKLTF,CASSDSYSGNTIYF,HLA-A*03:01,KLGGALQAK,1
CAGMEYGNKLVF,CASSFGAHNYGYTF,HLA-A*03:01,KLGGALQAK,1
CAMRGPISGGYNKLIF,CASSLYRIPSQPQHF,HLA-A*03:01,KLGGALQAK,1
CAMRIQGSNYKLTF,CAWSSGSYYNEQFF,HLA-A*03:01,KLGGALQAK,1
CAMRFQGAQKLVF,CASSSTGAVNSPLHF,HLA-A*03:01,KLGGALQAK,1
CAIGPGNMLTF,CASSYGFTDTQYF,HLA-A*03:01,KLGGALQAK,1
CAVRIQGGKLIF,CASSIGPPNQPQHF,HLA-A*03:01,KLGGALQAK,1
CAMRGPISGGYNKLIF,CASSYSAAYEQYF,HLA-A*03:01,KLGGALQAK,1
CAMRRPSGGYNKLIF,CASGLVVLGFTGELFF,HLA-A*03:01,KLGGALQAK,1
CAIGPGNMLTF,CASSGGGVVDTQYF,HLA-A*03:01,KLGGALQAK,1
CAIGPGNMLTF,CASTVTSANYNEQFF,HLA-A*02:01,IMDQVPFSV,1
CAVNGGYNKLIF,CASSGGTGPSEAFF,HLA-A*03:01,KLGGALQAK,1
CAGAEVRGSTLGRLYF,CALMTRLAGSYYNEQFF,HLA-A*03:01,KLGGALQAK,1
CAATVFNQFYF,CASSFVGVGMNTEAFF,HLA-A*03:01,KLGGALQAK,1
CAVRDGGMGSNTGKLIF,CASSLPASSYEQYF,HLA-A*03:01,KLGGALQAK,1
CAIGPGNMLTF,CASTRGQGTPYYGYTF,HLA-A*03:01,KLGGALQAK,1
CAMRDPQGGRRALTF,CASSLGELNTEAFF,HLA-A*03:01,KLGGALQAK,1
CAGGDNYGQNFVF,CASSIFLGTLQETQYF,HLA-A*03:01,KLGGALQAK,1
CAMSRLEGDKLIF,CASSLGPGTYEQYF,HLA-A*03:01,KLGGALQAK,1
CAVGYGGATNKLIF,CAISGGWGEPSTDTQYF,HLA-A*03:01,KLGGALQAK,1
CAMRVSGGTSYGKLTF,CASSIGTEGYTF,HLA-A*03:01,KLGGALQAK,1
CVGRKGSARQLTF,CASSYGAQGWDGYTF,HLA-A*03:01,KLGGALQAK,1
CAASVSPTFLHGGSNYKLTF,CASSGTSDGRYEQYF,HLA-A*03:01,KLGGALQAK,1
CAIKTSYDKVIF,CASSERVGEWNTEAFF,HLA-A*03:01,KLGGALQAK,1
CAMSIQGAQKLVF,CASSFGVLELFF,HLA-A*11:01,AVFDRKSDAK,1
CLVGDLKLIF,CAISGQDRPGELFF,HLA-A*03:01,KLGGALQAK,1
CAASSSTGANNLFF,CASTAVPNTEAFF,HLA-A*03:01,KLGGALQAK,1
CAIGPGNMLTF,CASSQGRDSEETQYF,HLA-A*03:01,KLGGALQAK,1
CAVEHSSASKIIF,CASSQLASFGNSYEQYF,HLA-A*03:01,KLGGALQAK,1
CAVSYQGGSEKLVF,CASSLESGVGNIQYF,HLA-A*03:01,KLGGALQAK,1
CAVPPSGYSTLTF,CASSGGGVNTEAFF,HLA-A*03:01,KLGGALQAK,1
CAVRRSNFGNEKLTF,CASGELRTGIGTQYF,HLA-A*03:01,KLGGALQAK,1
CALSDTTGGGNKLTF,CASSLWGGAKNIQYF,HLA-A*03:01,KLGGALQAK,1
CVVFWTNAGKSTF,CAIRSF,HLA-A*03:01,KLGGALQAK,1
CAVRDRETGANNLFF,CASSYEGQYNSPLHF,HLA-A*03:01,KLGGALQAK,1
CAIGPGNMLTF,CASKAGSQETQYF,HLA-A*03:01,KLGGALQAK,1
CAVNGGYNKLIF,CASSLGQGAHTEAFF,HLA-A*03:01,KLGGALQAK,1
CATELGTTDSWGKFQF,CATSERGWIGSGPDTDTQYF,HLA-A*03:01,KLGGALQAK,1
CLVAYNKLIF,CASSDRDTDTQYF,HLA-A*03:01,KLGGALQAK,1
CAGVANFNKFYF,CAISEGTGIMENGYTF,HLA-A*11:01,AVFDRKSDAK,1
CGTSGANNLFF,CASSGDRDFEKLFF,HLA-A*03:01,KLGGALQAK,1
CAVSSNTGNQFYF,CAWRPGTGPAGELFF,HLA-A*03:01,KLGGALQAK,1
CAIGPGNMLTF,CASAARIGGQGSNQPQHF,HLA-A*03:01,KLGGALQAK,1
CAVQAGTYKYIF,CASSRPEEVSYNEQFF,HLA-A*03:01,KLGGALQAK,1
CAYDNFNKFYF,CASSVSEPYGYTF,HLA-A*03:01,KLGGALQAK,1
CAIGPGNMLTF,CASNGADTQYF,HLA-A*03:01,KLGGALQAK,1
CAGPPGAGSYQLTF,CASSKAILDRATNTGELFF,HLA-A*03:01,KLGGALQAK,1
CAENRVKEELGEIPVWSRDP,CASSFRANRGLSYEQYF,HLA-A*03:01,KLGGALQAK,1
CAGFPGTASKLTF,CASRSSYNEQFF,HLA-A*03:01,KLGGALQAK,1
CATAPYNQGGKLIF,CASSESTDTQYF,HLA-A*03:01,KLGGALQAK,1
CAASVGGNTPLVF,CASSYPGHEQYF,HLA-A*03:01,KLGGALQAK,1
CATVTDDMRF,CASLPGQLTRGSYEQYV,HLA-A*03:01,KLGGALQAK,1
CAGQRYSTLTF,CASNSDTVTDNNQPQHF,HLA-A*03:01,KLGGALQAK,1
CAVRRWYRDDKIIF,CASRDRAYEQYV,HLA-A*03:01,KLGGALQAK,1
CAEKTSYDKVIF,CASSIGGNTEAFF,HLA-A*11:01,AVFDRKSDAK,1
CAQTGANNLFF,CASSYSRGKAFF,HLA-A*03:01,KLGGALQAK,1
CAGLLPGGGADGLTF,CASSAWTLAGYGYTF,HLA-A*03:01,RLRAEAQVK,1
CAGQPQGGSEKLVF,CASSILGTGEAFF,HLA-A*03:01,KLGGALQAK,1
CAMRDPQGGRRALTF,CASSGFWGGQGNTGELFF,HLA-A*03:01,KLGGALQAK,1
CAVRDGGMGSNTGKLIF,CAWTGTSGIPVDTQYF,HLA-A*03:01,KLGGALQAK,1
CAEWPPGTYKYIF,CASSYLAGPSEQYV,HLA-A*03:01,KLGGALQAK,1
CALSADTGFQKLVF,CASSLGGKWTLIYNEQFF,HLA-A*03:01,KLGGALQAK,1
CAESIRNTGKLIF,CASSLLGAVPEAFF,HLA-A*03:01,KLGGALQAK,1
CAGYGGATNKLIF,CASSLGVSGDETQYF,HLA-A*03:01,KLGGALQAK,1
CAIGPGNMLTF,CASSFRGVNTEAFF,HLA-A*03:01,KLGGALQAK,1
CAIGPGNMLTF,CAISLGLAGGLGELFF,HLA-A*03:01,KLGGALQAK,1
CVVRAGGYNKLIF,CASSMGQGTEAFF,HLA-A*03:01,KLGGALQAK,1
CAMREPLIQGAQKLVF,CASGLHRVNTEAFF,HLA-A*03:01,KLGGALQAK,1
CAASAINTGNQFYF,CASTGIRGALNEQFF,HLA-A*11:01,AVFDRKSDAK,1
CAMRDPQGGRRALTF,CASRAFFLGASGPYNEQFF,HLA-A*03:01,KLGGALQAK,1
CAGRPYKTYKYIF,CASSLSARVWDTEAFF,HLA-A*03:01,KLGGALQAK,1
CAMRRPISSGSARQLTF,CASSQTSGSFDEQFF,HLA-A*03:01,KLGGALQAK,1
CAFIGDAGGTSYGKLTF,CASSYLLAGVLNEQFF,HLA-A*03:01,KLGGALQAK,1
CAVRDSGTYKYIF,CASSPFGGSGTGELFF,HLA-A*03:01,KLGGALQAK,1
CAASAVSNYQLIW,CAISITGRDTEAFF,HLA-A*03:01,KLGGALQAK,1
CAPPPGGGADGLTF,CASRDRVRKHHIF,HLA-A*03:01,KLGGALQAK,1
CATTSYTQGGSEKLVF,CASTTTGSYNEQFF,HLA-A*03:01,KLGGALQAK,1
CAVDRWAGNTPLVF,CASSPGPPHFTSGRAGYNEQFF,HLA-A*03:01,KLGGALQAK,1
CAEIRMDSSYKLIF,CASSIDSRTSGIPETQYF,HLA-A*03:01,KLGGALQAK,1
CAIGPGNMLTF,CASSLRDRGRDTQYF,HLA-A*03:01,KLGGALQAK,1
CAVIRNRDDKIIF,CAWGEGQGSNTEAFF,HLA-A*03:01,KLGGALQAK,1
CAALGSGGGADGLTF,CASRVPNSYEQYV,HLA-A*03:01,KLGGALQAK,1
CAGPSSDGQKLLF,CASSPLTEYNEQFF,HLA-A*03:01,KLGGALQAK,1
CAMRGPISGGYNKLIF,CASSPPMNTEAFF,HLA-A*03:01,KLGGALQAK,1
CVGRKGSARQLTF,CASSETQTGFNSNQPQHF,HLA-A*03:01,KLGGALQAK,1
CAVYNNAGNMLTF,CASSLDWGQPQHF,HLA-A*03:01,KLGGALQAK,1
CAESGATNKLIF,CASSLGVSNTDTQYF,HLA-A*03:01,KLGGALQAK,1
CAVPDLNFGNEKLTF,CASSLPLTLSYEQYF,HLA-A*03:01,KLGGALQAK,1
CAMRQRSGGTSYGKLTF,CASSTPGQGQNIQYF,HLA-A*03:01,KLGGALQAK,1
CAIGPGNMLTF,CASSQEPAPNEKLFF,HLA-A*03:01,KLGGALQAK,1
CAVSSPDGQKLLF,CASSRTSGGHSYNEQFF,HLA-A*03:01,KLGGALQAK,1
CAATSNTGKLIF,CASTPQGGSEAFF,HLA-A*03:01,KLGGALQAK,1
CAADSGAGSYQLTF,CASSYLLWF,HLA-A*03:01,KLGGALQAK,1
CAVREGQNFVF,CASSLPAQPQHF,HLA-A*03:01,KLGGALQAK,1
CALSEAPSGNTPLVF,CASSPGQGTEAFF,HLA-A*03:01,KLGGALQAK,1
CALPYGGSQGNLIF,CASSFRANLPYEQYF,HLA-A*03:01,KLGGALQAK,1
CAVNRVRDARLMF,CASSSLQETQYF,HLA-A*03:01,KLGGALQAK,1
CGVRSNDYKLSF,CASSESRPDVDVSGYTF,HLA-A*03:01,KLGGALQAK,1
CAESGYSSASKIIF,CASSYGSLGFRETQYF,HLA-A*03:01,KLGGALQAK,1
CILRDIIQGAQKLVF,CASSIGTANQPQHF,HLA-A*03:01,KLGGALQAK,1
CAVRDSNYQLIW,CASSLGRGTQPQHF,HLA-A*03:01,KLGGALQAK,1
CAARGGSQGNLIF,CASSRTSGGGAQYF,HLA-A*03:01,KLGGALQAK,1
CAPKTDSWGKLQF,CASSLDARTSYEQYF,HLA-A*03:01,KLGGALQAK,1
CAVGGEEYALNF,CASSWGQGAGETQYF,HLA-A*03:01,KLGGALQAK,1
CAENIGSGGGTSYGKLTF,CASSLYITGELFF,HLA-A*03:01,KLGGALQAK,1
CAVEAPRDDKIIF,CASQYGTSNEQFF,HLA-A*03:01,KLGGALQAK,1
CAGDDQAGTALIF,CASSIDLASGAHNEQFF,HLA-A*03:01,KLGGALQAK,1
CATKTYNQGGKLIF,CAWSHLAETYNEQFF,HLA-A*03:01,KLGGALQAK,1
CLVGDGGGNEKLTF,CAIPPWIRQGASYGYTF,HLA-A*03:01,KLGGALQAK,1
CAVAFDGNNRLAF,CASSLVQGSAGELFF,HLA-A*03:01,KLGGALQAK,1
CALSEADDDKIIF,CASTLGSPSYEQYF,HLA-A*11:01,AVFDRKSDAK,1
CILGPSETSGSRLTF,CASSFWDGKNIQYF,HLA-A*03:01,RLRAEAQVK,1
CAFNAETGANNLFF,CAISEPDIFGQTSYGYTF,HLA-A*03:01,KLGGALQAK,1
CAVRGEGYQKVTF,CAWSFTAENLNTEAFF,HLA-A*03:01,KLGGALQAK,1
CADITGNQFYF,CAWAYGVATEAFF,HLA-A*03:01,KLGGALQAK,1
CAMTGTRGINAGNMLTF,CASSQDVGVGNSPLHF,HLA-A*03:01,KLGGALQAK,1
CAVIQINDYKLSF,CASSTRPGQGVEEQYF,HLA-A*03:01,KLGGALQAK,1
CALSEDPGSNYKLTF,CASSTQGNQPQHF,HLA-A*11:01,AVFDRKSDAK,1
CAPETGANNLFF,CASRGEGYGYTF,HLA-A*03:01,KLGGALQAK,1
CAVTLWGKLQF,CASSGRGSQETQYF,HLA-A*03:01,KLGGALQAK,1
CAVQEIIQGAQKLVF,CASRRQGRTDTQYF,HLA-A*03:01,KLGGALQAK,1
CAFIGDAGGTSYGKLTF,CASSLLGTGVREQYF,HLA-A*11:01,AVFDRKSDAK,1
CALSEREYGGSQGNLIF,CASVDARLAGDNEQFF,HLA-A*03:01,KLGGALQAK,1
CAVNARTGFQKLVF,CASSDTSTDTQYF,HLA-A*11:01,AVFDRKSDAK,1
CAMRGPISGGYNKLIF,CASRNLWDIDKTSPSYNEQFF,HLA-A*03:01,KLGGALQAK,1
CAMRGPISGGYNKLIF,CASIGALNTEAFF,HLA-A*03:01,KLGGALQAK,1
CAAPSYNNNDMRF,CASSFPPCDSPMNTEAFF,HLA-A*03:01,KLGGALQAK,1
CAAWNQGGKLIF,CVTASSSTDTQYF,HLA-A*02:01,GILGFVFTL,1
CAIGPGNMLTF,CASSARDRVSETQYF,HLA-A*03:01,KLGGALQAK,1
CIVYTGNQFYF,CASSSLELNEQFF,HLA-A*03:01,KLGGALQAK,1
CLVGDFDTGFQKLVF,CASSFLGGAEAFF,HLA-A*03:01,KLGGALQAK,1
CAVRDNTDKLIF,CASSLREQYF,HLA-A*03:01,KLGGALQAK,1
CAERQAAGNKLTF,CARTLWGGDNSPLHF,HLA-A*03:01,KLGGALQAK,1
CALSEGGTDKLIF,CAWSVRVSSTDTQYF,HLA-A*03:01,KLGGALQAK,1
CAPWPATNKLIF,CASSQSNSGSLVQYV,HLA-A*03:01,KLGGALQAK,1
CAVEDRNYGGSQGNLIF,CASSYLVSEETQYF,HLA-A*11:01,AVFDRKSDAK,1
CIVRVAEETSGSRLTF,CASSLGLPPTETQYF,HLA-A*03:01,KLGGALQAK,1
CAVNPFSGGYNKLIF,CASSQDAGQGRSYEQYF,HLA-A*03:01,KLGGALQAK,1
CAIGPGNMLTF,CASSSPWGGSYEQYV,HLA-A*03:01,KLGGALQAK,1
CAMRGPRGSTLGRLYF,CASSADTGTTEAFF,HLA-A*03:01,KLGGALQAK,1
CALSNPTGNQFYF,CAIFRDPSYNEQFF,HLA-A*11:01,IVTDFSVIK,1
CAALGYGGATNKLIF,CASTGFGTFEKETQYF,HLA-A*03:01,KLGGALQAK,1
CILSGGGADGLTF,CASSPRDTGANVLTF,HLA-A*03:01,KLGGALQAK,1
CALSDPDFYNQGGKLIF,CASSLALSGEEGFGAFF,HLA-A*03:01,KLGGALQAK,1
CAGGAGNQFYF,CASSHGWQDYKSTNTEAFF,HLA-A*03:01,KLGGALQAK,1
CLVGASGTYKYIF,CASSPPDTDTQYF,HLA-A*11:01,AVFDRKSDAK,1
CAASVGNNARLMF,CASSPDYDEQFF,HLA-A*03:01,KLGGALQAK,1
CVVTASNFGNEKLTF,CASSPRDRENYEQYV,HLA-A*03:01,KLGGALQAK,1
CVGRKGSARQLTF,CASLGFDRATYEQYF,HLA-A*03:01,KLGGALQAK,1
CAMRELLQLNAGNMLTF,CASSLERFGANVLTF,HLA-A*03:01,KLGGALQAK,1
CAVREIKWSSNTGKLIF,CASSIGSGGGSYEQYF,HLA-A*03:01,KLGGALQAK,1
CAVGTGGYNKLIF,CASRNRGVEAFF,HLA-A*03:01,KLGGALQAK,1
CAMREGLMDSNYQLIW,CASSYSMAGGEKLFF,HLA-A*03:01,KLGGALQAK,1
CAVGDGANNLFF,CATALGAEAFF,HLA-A*03:01,KLGGALQAK,1
CAGRVVF,CASSSDPTRSWADTQYF,HLA-A*03:01,KLGGALQAK,1
CALSHRYGGSQGNLIF,CASSETGYQEKLFF,HLA-A*03:01,KLGGALQAK,1
CATDWDGGATNKLIF,CAISESGTGYEQYF,HLA-A*03:01,KLGGALQAK,1
CAVLGFGNVLHC,CASSPRSGSNQPQHF,HLA-A*03:01,KLGGALQAK,1
CAVSYQTGANNLFF,CASSLSPLRLAGAMNTDTQYF,HLA-A*03:01,KLGGALQAK,1
CVVSDAGNQFYF,CASSRGLAGGTGEQYV,HLA-A*03:01,KLGGALQAK,1
CAVNRPGSDGQKLLF,CASSDRPLQFF,HLA-A*03:01,KLGGALQAK,1
CAVIISNFGNEKLTF,CASSQGQNYEQYV,HLA-A*03:01,KLGGALQAK,1
CAMSDLGGTSYGKLTF,CASSYSAASSYNEQFF,HLA-A*03:01,KLGGALQAK,1
CAARTGANSKLTF,CASSLVFNEQFF,HLA-A*03:01,KLGGALQAK,1
CIVRVHLNTNAGKSTF,CASSLFGLWWAGPLVVSGANVLTF,HLA-A*03:01,KLGGALQAK,1
CALSEADDDKIIF,CASSFSTGHEQFF,HLA-A*03:01,KLGGALQAK,1
CAESIDRGSTLGRLYF,CASSLQGPTEAFF,HLA-A*03:01,KLGGALQAK,1
CALKPPDSWGKLQF,CASKIRGTGMIYEQYF,HLA-A*03:01,KLGGALQAK,1
CAEIPMEYGNKLVF,CASSLTSGSIGFF,HLA-A*03:01,KLGGALQAK,1
CAARYGGSQGNLIF,CASSTRLAGSTDTQYF,HLA-A*03:01,KLGGALQAK,1
CAARDSNAGGTSYGKLTF,CAISVFGAVSSYNEQFF,HLA-A*03:01,KLGGALQAK,1
CAVRDRTGGYNKLIF,CASSLVPGTGEYEQYF,HLA-A*03:01,KLGGALQAK,1
CAVRDNTGKLIF,CASSEYYNEQFF,HLA-A*03:01,KLGGALQAK,1
CAEDQAGTALIF,CASSQYTRGQNYGYTF,HLA-A*03:01,KLGGALQAK,1
CEGEYNFNKFYF,CASSLSSRNSLAGGQYF,HLA-A*03:01,KLGGALQAK,1
CAVGRFTGGGNKLTF,CASSKYKKPSYNEQFF,HLA-A*03:01,KLGGALQAK,1
CAMRGPISGGYNKLIF,CAINPGQGTNEQFF,HLA-A*03:01,KLGGALQAK,1
CAVISFGSQGNLIF,CASSSGGPNLDTEAFF,HLA-A*03:01,KLGGALQAK,1
CAVRDRGNTPLVF,CASSYSVAGGLNGEQFF,HLA-A*03:01,KLGGALQAK,1
CAASRVADPNNNARLMF,CASGFSTASQETQYF,HLA-A*03:01,KLGGALQAK,1
CAGAGYWGQNFVF,CASSLAAQVYGYTF,HLA-A*03:01,KLGGALQAK,1
CAIGPGNMLTF,CASSNSGRDEQFF,HLA-A*03:01,KLGGALQAK,1
CAGVNSNDYKLSF,CASSLTGASSEPQHF,HLA-A*03:01,KLGGALQAK,1
CAESPMFSGGYNKLIF,CASSLQLSDLNQPQHF,HLA-A*03:01,KLGGALQAK,1
CAIGPGNMLTF,CASSPHPVAGGTDTQYF,HLA-A*03:01,RLRAEAQVK,1
CALSDASGGSYIPTF,CASSPTGGENYGYTF,HLA-A*03:01,KLGGALQAK,1
CALSGWPGGKLIF,CASSIGLGLAGDNEQFF,HLA-A*03:01,KLGGALQAK,1
CALSRVYALNF,CASSLTSSYEQYV,HLA-A*03:01,KLGGALQAK,1
CAAMAGGGNKLTF,CASSVAYEQYF,HLA-A*03:01,KLGGALQAK,1
CAIGPGNMLTF,CAPQATKNTEAFF,HLA-A*03:01,KLGGALQAK,1
CAGKEF,CASSPLGGEQFF,HLA-A*11:01,AVFDRKSDAK,1
CAVTGKSTF,CASSPHGGGEQFF,HLA-A*03:01,KLGGALQAK,1
CAASWGSQGNLIF,CAWSPAGLAGVDGRGSYNEQFF,HLA-A*03:01,KLGGALQAK,1
CAGSSGAGSYQLTF,CASSLARVYTEAFF,HLA-A*03:01,KLGGALQAK,1
CAGSSNTGKLIF,CASSFQAEQYF,HLA-A*03:01,KLGGALQAK,1
CAFMSLIQGAQKLVF,CASRLTVNSGNTIYF,HLA-A*03:01,KLGGALQAK,1
CAIGPGNMLTF,CASSQEPGIWEQYF,HLA-A*03:01,RLRAEAQVK,1
CAGPDVNDYKLSF,CASSQDRDAYNEQFF,HLA-A*03:01,KLGGALQAK,1
CALNENRDDKIIF,CASSTSGNQPQHF,HLA-A*11:01,AVFDRKSDAK,1
CIVDTGGFKTIF,CASSLWYGQSSYNEQFF,HLA-A*03:01,KLGGALQAK,1
CAMREGGTGGFKTIF,CASSGERGVSEEQYF,HLA-A*03:01,KLGGALQAK,1
CAVTDGGFGNVLHC,CASSFGPTSNEQFF,HLA-A*03:01,KLGGALQAK,1
CAASMGDYKLSF,CASSEGGGRYEQYV,HLA-A*11:01,AVFDRKSDAK,1
CAMSASYDMRF,CASRQTTGEQYF,HLA-A*03:01,KLGGALQAK,1
CAASASSNMLTF,CAWATSLAKNIQYF,HLA-A*03:01,KLGGALQAK,1
CIFCGGGYNKLIF,CAWSVPARADGYTF,HLA-A*03:01,KLGGALQAK,1
CAVRDGGMGSNTGKLIF,CASSEMTSGGNYNEQFF,HLA-A*03:01,KLGGALQAK,1
CAVRRNARLMF,CASSLVAGGPQETQYF,HLA-A*03:01,KLGGALQAK,1
CALRVGTGGYNKLIF,CASSYSLNTEAFF,HLA-A*03:01,KLGGALQAK,1
CAVTGGYQKVTF,CASSYLAGGFLETQYF,HLA-A*03:01,KLGGALQAK,1
CAEHTGGFKTIF,CASSSAGAKNIQYF,HLA-A*03:01,KLGGALQAK,1
CALSDPGNQFYF,CASSFSPAQGAFF,HLA-A*03:01,KLGGALQAK,1
CAESGYSSASKIIF,CASSSFAAHTDTQYF,HLA-A*03:01,KLGGALQAK,1
CADSGGSNYKLTF,CASSFASGGTGELFF,HLA-A*03:01,KLGGALQAK,1
CVGRKGSARQLTF,CASSAGLAGSTDTQYF,HLA-A*03:01,KLGGALQAK,1
CALSERDVYNFNKFYF,CASSIDRDRVYNEQFF,HLA-A*03:01,KLGGALQAK,1
CAVNSARLMF,CASSNSGSRGDTQYF,HLA-A*03:01,KLGGALQAK,1
CAFIGDAGGTSYGKLTF,CASSSSRDSLLPEQFF,HLA-A*03:01,KLGGALQAK,1
CAIGPGNMLTF,CASSKGTGGIHEQYF,HLA-A*03:01,KLGGALQAK,1
CALSEATGTYKYIF,CAIPVIRRPFYGYTF,HLA-A*03:01,KLGGALQAK,1
CALSDPVDGGSNYKLTF,CASSVPIQGPNYGYTF,HLA-A*03:01,KLGGALQAK,1
CAMSYDTGRRALTF,CASGLTNEGGNTIYF,HLA-A*11:01,AVFDRKSDAK,1
CAGSPGGGADGLTF,CARGFNGQPGKTQYF,HLA-A*03:01,KLGGALQAK,1
CALSERSVGYSTLTF,CASSYSDSGEETQYF,HLA-A*03:01,KLGGALQAK,1
CAVGDSNYQLIW,CASSQDLAGGPDTQYF,HLA-A*03:01,KLGGALQAK,1
CAVYPGANNLFF,CASSIPPGPRAKNIQYF,HLA-A*03:01,KLGGALQAK,1
CAASSQGGGYNKLIF,CASSSPSGSLFGTDTQYF,HLA-A*03:01,KLGGALQAK,1
CAARGLQGAQKLVF,CASSEVLWREGETQYF,HLA-A*03:01,KLGGALQAK,1
CAIGPGNMLTF,CASSQDIAYNEQFF,HLA-A*03:01,KLGGALQAK,1
CAASNQAGTALIF,CASSLEEGADTEAFF,HLA-A*03:01,KLGGALQAK,1
CAMRRPISSGSARQLTF,CASSLRDRGGYEQFF,HLA-A*03:01,RLRAEAQVK,1
CIVRGADQGAQKLVF,CASSPGQGWNTEAFF,HLA-A*03:01,KLGGALQAK,1
CALSEALSTQGGSEKLVF,CASSQFTGQGVYGNQPQHF,HLA-A*03:01,KLGGALQAK,1
CAIGPGNMLTF,CASSPGASELNTGELFF,HLA-A*03:01,KLGGALQAK,1
CGTENSNSGYALNF,CASSLVGTGYDEQYF,HLA-A*03:01,KLGGALQAK,1
CAVSEYGQNFVF,CASSADRGREKLFF,HLA-A*03:01,KLGGALQAK,1
CAENVGNTGKLIF,CASSYQRGNEQFF,HLA-A*03:01,KLGGALQAK,1
CAVIQINDYKLSF,CASRPGQIYNEQFF,HLA-A*03:01,KLGGALQAK,1
CAMSRLEGDKLIF,CASSPTGGRSADTQYF,HLA-A*03:01,KLGGALQAK,1
CAFIGDAGGTSYGKLTF,CASSLPGIDTQYF,HLA-A*03:01,KLGGALQAK,1
CAVRDLYSSASKIIF,CASIRSNNQPQHF,HLA-A*03:01,KLGGALQAK,1
CAESEEGFGNVLHC,CASSFSYEQYF,HLA-A*03:01,KLGGALQAK,1
CAVGGNTDKLIF,CASRTGHTSPDQPQHF,HLA-A*03:01,KLGGALQAK,1
CALRWDL,CASSESWLAGEYEQFF,HLA-A*03:01,KLGGALQAK,1
CAMRDPQGGRRALTF,CASSQELDPGTDTQYF,HLA-A*03:01,KLGGALQAK,1
CAYSVGNEKLTF,CASSLAGTSQPQHF,HLA-A*03:01,KLGGALQAK,1
CAGTNTNAGKSTF,CASSLAGGHGGELFF,HLA-A*03:01,KLGGALQAK,1
CAYRRGRNAGGTSYGKLTF,CASSIVSGSLPFF,HLA-A*03:01,KLGGALQAK,1
CALRTTLLMNNDMRF,CASREGGHEQYF,HLA-A*03:01,KLGGALQAK,1
CAGEGTGANNLFF,CAISESSANTDTQYF,HLA-A*03:01,KLGGALQAK,1
CAAFYSGYSTLTF,CASSSGLVGSNGYTF,HLA-A*03:01,KLGGALQAK,1
CAVSDLKTGGFKTIF,CASSSETLWTGVTHGYTF,HLA-A*03:01,KLGGALQAK,1
CAVIQINDYKLSF,CASSIGTSGSNEQFF,HLA-A*11:01,AVFDRKSDAK,1
CAVDIYTNAGKSTF,CASSPIPTGSIGNQPQHF,HLA-A*03:01,KLGGALQAK,1
CAMRDPQGGRRALTF,CASSIVGRTGFSYNEQFF,HLA-A*11:01,AVFDRKSDAK,1
CAYYGGSQGNLIF,CASTPGISGNTIYF,HLA-A*03:01,KLGGALQAK,1
CAVRDDKIIF,CASSIGGNPADTQYF,HLA-A*03:01,KLGGALQAK,1
CAMRGGDRYFGNEKLTF,CASGLAGVGELFF,HLA-A*03:01,KLGGALQAK,1
CAYRGDRGSTLGRLYF,CASSLQTDYNEQFF,HLA-A*03:01,KLGGALQAK,1
CAMSANNARLMF,CASSDGVWVFGDTGELFF,HLA-A*03:01,KLGGALQAK,1
CALSDPEKSSGDKLTF,CASNGGGAYNEQFF,HLA-A*03:01,KLGGALQAK,1
CAFISAGGTSYGKLTF,CASSDWENIQYF,HLA-A*03:01,KLGGALQAK,1
CIVRDPGGSNYKLTF,CASSPLGDRVGGYTF,HLA-A*11:01,AVFDRKSDAK,1
CAAPLSGGYNKLIF,CASSVEPTGGLRNSPLHF,HLA-A*03:01,KLGGALQAK,1
CAMNTNAGKSTF,CASSFHDSPYEQYV,HLA-A*03:01,KLGGALQAK,1
CAPNSGYSTLTF,CASSQGTRAYEQYF,HLA-A*03:01,KLGGALQAK,1
CAYRTRYNTDKLIF,CASSVDGGVTDTQYF,HLA-A*03:01,KLGGALQAK,1
CGTVNSGGSNYKLTF,CASSIGTAYNEQFF,HLA-A*03:01,KLGGALQAK,1
CALSEALGGRRALTF,CASSLAGQGIGYGYTF,HLA-A*03:01,KLGGALQAK,1
CVSQGGSEKLVF,CASSPPSGSYNEQFF,HLA-A*03:01,KLGGALQAK,1
CVVNDDNDMRF,CASSSGPGYYNEQFF,HLA-A*03:01,KLGGALQAK,1
CAFMKPWGFGNEKLTF,CASSFGTGSRNEQFF,HLA-A*03:01,RLRAEAQVK,1
CIVRGADQGAQKLVF,CASSMTEQNIQYF,HLA-A*03:01,KLGGALQAK,1
CAFMKQPRDDKIIF,CASSEKRGEPYEQYV,HLA-A*03:01,KLGGALQAK,1
CAMRENTGNQFYF,CASSIVGTSSNEQFF,HLA-A*03:01,KLGGALQAK,1
CAASALGNNARLMF,CASSMLAGINQPQHF,HLA-A*03:01,KLGGALQAK,1
CAMRGPISGGYNKLIF,CASSWTIAQPQHF,HLA-A*11:01,AVFDRKSDAK,1
CAGFISIHGNKLVF,CASSPLTGSTDTQYF,HLA-A*03:01,KLGGALQAK,1
CAGDTGGFKTIF,CASSVGSGDPWEQYF,HLA-A*03:01,KLGGALQAK,1
CAVADSNYQLIW,CASRWTGDNSPLHF,HLA-A*03:01,KLGGALQAK,1
CAVQATPNAGGTSYGKLTF,CASSILANLASDTQYF,HLA-A*03:01,KLGGALQAK,1
CAARIAYSGAGSYQLTF,CAISEWAGRHTEAFF,HLA-A*03:01,KLGGALQAK,1
CAMRGPISGGYNKLIF,CASSLQGASSYEQYF,HLA-A*03:01,KLGGALQAK,1
CAIGPGNMLTF,CASSLGESGRAHEQFF,HLA-A*03:01,KLGGALQAK,1
CAGLDNYGQNFVF,CASSEYRVGNTEAFF,HLA-A*03:01,KLGGALQAK,1
CAGGSGSARQLTF,CASSPPGLVHNEQFF,HLA-A*03:01,KLGGALQAK,1
CATKKSMEYGNKLVF,CASSQDGSSYNSPLHF,HLA-A*11:01,AVFDRKSDAK,1
CLVVSRNKLTF,CASSSALAGVNEQFF,HLA-A*03:01,KLGGALQAK,1
CAMRPPFRGGYNKLIF,CASSLGVGGEKLFF,HLA-A*03:01,KLGGALQAK,1
CAVRDEYGNKLVF,CASTGGFEKLFF,HLA-A*03:01,KLGGALQAK,1
CAVMDSNYQLIW,CASSPPEGGADTQYF,HLA-A*02:01,FLASKIGRLV,1
CALSDFMKTSYDKVIF,CASSIGDYGYTF,HLA-A*03:01,KLGGALQAK,1
CASGNFGNEKLTF,CASSAFRDMDHEQFF,HLA-A*03:01,KLGGALQAK,1
CAGQYRSGAGSYQLTF,CASSPAGTTAKNIQYF,HLA-A*03:01,KLGGALQAK,1
CAMREGPGGFKTIF,CASSFLAGKGETQYF,HLA-A*03:01,KLGGALQAK,1
CAASQYSGGGADGLTF,CASSELPGQGRYEQYF,HLA-A*03:01,KLGGALQAK,1
CAENSGYSTLTF,CASSLGHPTDNQPQHF,HLA-A*03:01,KLGGALQAK,1
CAASRSDGQKLLF,CASSVGLDIRETQYF,HLA-A*03:01,KLGGALQAK,1
CAVSDLSQLSTAGFQKLVF,CASSIGQSTGELFF,HLA-A*03:01,KLGGALQAK,1
CAMREGEGNQFYF,CASSLGSPLTGELFF,HLA-A*03:01,KLGGALQAK,1
CAENNFGNEKLTF,CASSYSTSGSMHEQFF,HLA-A*03:01,KLGGALQAK,1
CGTEMNTGGFKTIF,CASSYSRGFETLISGANVLTF,HLA-A*03:01,KLGGALQAK,1
CALLFGGYNKLIF,CAWSVGSGNNEQFF,HLA-A*03:01,KLGGALQAK,1
CAMKR,CASSEARVYSPLHF,HLA-A*03:01,KLGGALQAK,1
CAREFMKTSYDKVIF,CASQTLNTEAFF,HLA-A*03:01,KLGGALQAK,1
CAIGPGNMLTF,CASSVDLGRTYNEQFF,HLA-A*03:01,KLGGALQAK,1
CAASSSTGANNLFF,CASSPGFEKLFF,HLA-A*03:01,KLGGALQAK,1
CAMRDPQGGRRALTF,CASSTTSGTSYNEQFF,HLA-A*03:01,KLGGALQAK,1
CAASSWNTGNQFYF,CASSRQGRTPNTGELFF,HLA-A*03:01,KLGGALQAK,1
CALSEVGFGNEKLTF,CASSKTGTRVNSPLHF,HLA-A*03:01,KLGGALQAK,1
CGTEFTSYGKLTF,CASGFRTRWTSTGNTIYF,HLA-A*11:01,AVFDRKSDAK,1
CILRDPLNRDDKIIF,CASSFLGQPQHF,HLA-A*03:01,KLGGALQAK,1
CADPVSGSARQLTF,CASRLAGANTGELFF,HLA-A*03:01,KLGGALQAK,1
CAMRGAFSSNTGKLIF,CASSLDRTGGWGYYGYTF,HLA-A*03:01,KLGGALQAK,1
CAGQRYARLMF,CASSTGTSAYNEQFF,HLA-A*03:01,KLGGALQAK,1
CAVPGSNSGYALNF,CASSATLAMHEQYF,HLA-A*03:01,KLGGALQAK,1
CVVNVGFQKLVF,CASSLDTSGGLGSYEQYF,HLA-A*03:01,KLGGALQAK,1
CAGPVTDKLIF,CASSYLAGGTLNEQFF,HLA-A*03:01,KLGGALQAK,1
CIVRPRGGYNKLIF,CASTIIGTGGIHGELFF,HLA-A*02:01,IMDQVPFSV,1
CAMRGPRGSTLGRLYF,CASSLVAGGLNEQFF,HLA-A*03:01,KLGGALQAK,1
CAVMQAGNMLTF,CASSFIGRANVLTF,HLA-A*03:01,KLGGALQAK,1
CAVTGYSTLTF,CASSGDIGGDTQYF,HLA-A*03:01,KLGGALQAK,1
CAFIGDAGGTSYGKLTF,CASSLYFSGRAYNEQFF,HLA-A*03:01,KLGGALQAK,1
CAFSSSNTGKLIF,CATSDSGSTGETQYF,HLA-A*03:01,KLGGALQAK,1
CAMSENSGGYQKVTF,CASQGLEGENTIYF,HLA-A*03:01,KLGGALQAK,1
CAMRPPFSGGYNKLIF,CASSIGEGMNQEAFF,HLA-A*03:01,KLGGALQAK,1
CAVRDGGMGSNTGKLIF,CASSPGQGTTEAFF,HLA-A*03:01,KLGGALQAK,1
CAGDDNNNDMRF,CASSWGLAGGVQETQYF,HLA-A*03:01,KLGGALQAK,1
CAVNSNSGYALNF,CASSLGGVYNEQFF,HLA-A*03:01,KLGGALQAK,1
CAIGPGNMLTF,CSAPPRTGYTEAFF,HLA-A*03:01,KLGGALQAK,1
CAVRSSNTGKLIF,CAWDAGTGTEAFF,HLA-A*03:01,KLGGALQAK,1
CAVNARTGGGADGLTF,CASEGSAVGYTF,HLA-A*03:01,KLGGALQAK,1
CATDDQAGTALIF,CASSKGQSSYNEQFF,HLA-A*03:01,KLGGALQAK,1
CAVGASSGGSNYKLTF,CARALRIAGREQYV,HLA-A*03:01,KLGGALQAK,1
CAIGPGNMLTF,CASSWPSGANVLTF,HLA-A*03:01,KLGGALQAK,1
CAIGPGNMLTF,CASSSRDRGTGELFF,HLA-A*03:01,KLGGALQAK,1
CAIGPGNMLTF,CASSQDPRGGTEAFF,HLA-A*03:01,KLGGALQAK,1
CLVGGTTSGTYKYIF,CASWGDNEQFF,HLA-A*03:01,KLGGALQAK,1
CVGRKGSARQLTF,CASSQNPGQTYQETQYF,HLA-A*03:01,KLGGALQAK,1
CAVSSWGKLQF,CASSDTGRYSSGNTIYF,HLA-A*03:01,KLGGALQAK,1
CAIGPGNMLTF,CASSLTPGEYSNQPQHF,HLA-A*11:01,AVFDRKSDAK,1
CAMRAF,CASSLVPREQFF,HLA-A*03:01,KLGGALQAK,1
CALSEAQRGGSEKLVF,CASSNNLNTEAFF,HLA-A*03:01,KLGGALQAK,1
CAENSDSGNTPLVF,CASSFQSTGLYEQYF,HLA-A*03:01,KLGGALQAK,1
CALSEAHQAGTGGFKTIF,CASSLAPGGLVMLDAQTVFAFF,HLA-A*03:01,KLGGALQAK,1
CAVGVGGFKTIF,CASSFTGDRSSYEQYF,HLA-A*03:01,KLGGALQAK,1
CAMREGGRYDYKLSF,CASSDSDSPANYGYTF,HLA-A*03:01,KLGGALQAK,1
CAAGKSQGNLIF,CASSRRSSYEQYV,HLA-A*03:01,KLGGALQAK,1
CAPYQGGKLIF,CASSAEGGLVGGTQYF,HLA-A*03:01,KLGGALQAK,1
CAVRSSGSARQLTF,CASSVLGEGGNEQFF,HLA-A*03:01,KLGGALQAK,1
CAVQYITKAAGNKLTF,CASRGSGGLIIDTQYF,HLA-A*03:01,KLGGALQAK,1
CALSEGSSNTGKLIF,CASSILQGVNYEQYF,HLA-A*03:01,KLGGALQAK,1
CILRDTAGAGSYQLTF,CASRNQMGTEAFF,HLA-A*03:01,KLGGALQAK,1
CALNPLPNTGNQFYF,CASSQVPGDSGANVLTF,HLA-A*03:01,KLGGALQAK,1
CIVRVEVSGGSYIPTF,CASSEGFLDGNEKLFF,HLA-A*03:01,KLGGALQAK,1
CAMSGLNYNTDKLIF,CASSESEYVTEAFF,HLA-A*03:01,KLGGALQAK,1
CAMRGPISGGYNKLIF,CASSFQGAPYNEQFF,HLA-A*03:01,KLGGALQAK,1
CAVGRGNARLMF,CASGPGQGNGYTF,HLA-A*03:01,KLGGALQAK,1
CAIGPGNMLTF,CASSLPPRSGAWGYTF,HLA-A*03:01,KLGGALQAK,1
CAACKNNNDMRF,CASRLAYTEAFF,HLA-A*03:01,KLGGALQAK,1
CAVRDSNYQLIW,CASSQEGPGRGSEKLFF,HLA-A*11:01,AVFDRKSDAK,1
CATESNAGGTSYGKLTF,CAVSVREGVWTGELFF,HLA-A*03:01,KLGGALQAK,1
CAFNWAQKLVF,CASRSPGGGEQYF,HLA-A*03:01,KLGGALQAK,1
CIVRGADQGAQKLVF,CAITTGQSGATEAFF,HLA-A*03:01,KLGGALQAK,1
CALSEGPSNAGNMLTF,CASSFWCGGHEQYV,HLA-A*11:01,AVFDRKSDAK,1
CAVPGNQFYF,CASSDSYSYGYTF,HLA-A*02:01,SLFNTVATLY,1
CAVILDQTGANNLFF,CASSLVPGMNTEAFF,HLA-A*03:01,KLGGALQAK,1
CAVRDSNYQLIW,CQQQRDMVLLRQYF,HLA-A*03:01,KLGGALQAK,1
CAVKVFGSNSGYALNF,CASSIGDSLTIYEQYF,HLA-A*03:01,KLGGALQAK,1
CVVSDREYGNKLVF,CASSLEPLEADEAFF,HLA-A*03:01,KLGGALQAK,1
CILKKSSGDKLTF,CASTTGLEGYTF,HLA-A*03:01,KLGGALQAK,1
CAEREDSSYKLIF,CASKPGADYEQYF,HLA-A*03:01,KLGGALQAK,1
CAVRSSGSARQLTF,CAIGGPQMMNTEAFF,HLA-A*03:01,KLGGALQAK,1
CAGMTSGGSYIPTF,CASRRVGTDTQYF,HLA-A*03:01,KLGGALQAK,1
CAEIRNNNARLMF,CASSFRQGNPPAKNIQYF,HLA-A*03:01,KLGGALQAK,1
CVGRKGSARQLTF,CASSQAGRHTDTQYF,HLA-A*03:01,KLGGALQAK,1
CALRTYGGTASKLTF,CASSQDREETYEQYF,HLA-A*03:01,KLGGALQAK,1
CAVNARTGFQKLVF,CASSLLLNTDTQYF,HLA-A*03:01,KLGGALQAK,1
CAVEGTGANNLFF,CASSVVGGETQYF,HLA-A*03:01,KLGGALQAK,1
CAGKNTGNQFYF,CASSVLGAKNIQYF,HLA-A*03:01,RLRAEAQVK,1
CAIQTSYDKVIF,CASSDSAGRYEQFF,HLA-A*03:01,KLGGALQAK,1
CAIGPGNMLTF,CAINPGQGTNEQFF,HLA-A*03:01,KLGGALQAK,1
CAVRLDSNYQLIW,CASSLAAGGQETQYF,HLA-A*03:01,KLGGALQAK,1
CAASESGYALNF,CASSYVPSGRTQSNEQFF,HLA-A*03:01,KLGGALQAK,1
CAESAFAGSGNTGKLIF,CASSIGGLNTEAFF,HLA-A*03:01,KLGGALQAK,1
CALQPPGGTSYGKLTF,CASSPSWGNSNQPQHF,HLA-A*03:01,KLGGALQAK,1
CAIGPGNMLTF,CASNGGGFGDTQYF,HLA-A*03:01,KLGGALQAK,1
CIVRFSYLRMNRDDKIIF,CASSRGWDSPLHF,HLA-A*03:01,KLGGALQAK,1
CAVRSNSGGYQKVTF,CASSSSGGELFF,HLA-A*03:01,KLGGALQAK,1
CAVSDLKNFNKFYF,CASQGSGSNEQFF,HLA-A*03:01,KLGGALQAK,1
CAVPMDTGRRALTF,CASSQVVWAGERSNTGELFF,HLA-A*11:01,AVFDRKSDAK,1
CALSDLNFGNEKLTF,CASSPQSGGAYTQYF,HLA-A*03:01,KLGGALQAK,1
CAIGPGNMLTF,CASSSRGQETQYF,HLA-A*03:01,KLGGALQAK,1
CAVKGNNARLMF,CASAGGTGYTDTQYF,HLA-A*03:01,KLGGALQAK,1
CAVGMEYGNKLVF,CASSQGGGDYEQYV,HLA-A*03:01,KLGGALQAK,1
CALGGMNYGGSQGNLIF,CASSLGPGTEAFF,HLA-A*03:01,KLGGALQAK,1
CAPATGTASKLTF,CASSFAGTEAFF,HLA-A*03:01,KLGGALQAK,1
CAALDSNYQLIW,CASSERQENSPLHF,HLA-A*03:01,KLGGALQAK,1
CAMREAYNTDKLIF,CASSARGNTEAFF,HLA-A*03:01,KLGGALQAK,1
CAARNYGGSQGNLIF,CASSLGRDSSTSNEKLFF,HLA-A*03:01,KLGGALQAK,1
CAIGPGNMLTF,CASRDSGEETQYF,HLA-A*03:01,KLGGALQAK,1
CALSEVYNARLMF,CQKPTEGHHHIKYEQYV,HLA-A*03:01,KLGGALQAK,1
CAGGAGEYGNKLVF,CAISSLADNEQFF,HLA-A*03:01,KLGGALQAK,1
CAMIDNYGQNFVF,CASSPGQGYEQYF,HLA-A*03:01,KLGGALQAK,1
CAFIGDAGGTSYGKLTF,CASGLDGLAALGPYNEQFF,HLA-A*03:01,KLGGALQAK,1
CAECTNAGKSTF,CASSISQGTEAFF,HLA-A*03:01,KLGGALQAK,1
CILRDLVSGYALNF,CASSQNTGFSGNTIYF,HLA-A*03:01,KLGGALQAK,1
CAIGPGNMLTF,CASSDDRYEQYF,HLA-A*03:01,KLGGALQAK,1
CAIGPGNMLTF,CASSPGSTEAFF,HLA-A*03:01,KLGGALQAK,1
CAEIKAWGQFYF,CAWRRGGTDGYTF,HLA-A*11:01,IVTDFSVIK,1
CAANYAGNMLTF,CASNDGQGSQPQHF,HLA-A*11:01,AVFDRKSDAK,1
CAMSAERSNMLTF,CASSFGGRGNEQYF,HLA-A*03:01,KLGGALQAK,1
CAVRLHNYGQNFVF,CASSLGRDRGDDEQYF,HLA-A*03:01,KLGGALQAK,1
CAPRGERGSTLGRLYF,CASRFSPGENTEAFF,HLA-A*03:01,KLGGALQAK,1
CILSGAGSYQLTF,CASSEGTVYEQYF,HLA-A*11:01,IVTDFSVIK,1
CAGPFQDSNYQLIW,CARSQGASYSTKNIQYF,HLA-A*11:01,IVTDFSVIK,1
CAVSGEGGKLIF,CASSLGRDRGDDEQYF,HLA-A*03:01,KLGGALQAK,1
CAVDLMKTSYDKVIF,CASSSVWTSGNTIYF,HLA-A*11:01,IVTDFSVIK,1
CAVNWEEQGGSYIPTF,CASSLGRDRGDDEQYF,HLA-A*11:01,AVFDRKSDAK,1
CAVDLMKTSYDKVIF,CASSLGRDRGDDEQYF,HLA-A*11:01,AVFDRKSDAK,1
CAVDLMKTSYDKVIF,CASRERQGTNIQYF,HLA-A*11:01,IVTDFSVIK,1
CAFMKHPSNYGGSQGNLIF,CAWSVLETGGNTEAFF,HLA-A*03:01,KLGGALQAK,1
CGTVKGFGNVLHC,CASSLRGISYEQYF,HLA-A*03:01,KLGGALQAK,1
CAVDLMKTSYDKVIF,CASSFYRGGNTIYF,HLA-A*11:01,IVTDFSVIK,1
CAVDLMKTSYDKVIF,CASSETGVAVYGYTF,HLA-A*11:01,IVTDFSVIK,1
CAMRLLDTGRRALTF,CASSQDQASPYEQYF,HLA-A*11:01,AVFDRKSDAK,1
CAVDLMKTSYDKVIF,CASSPPTNYGYTF,HLA-A*11:01,IVTDFSVIK,1
CAAIQGAQKLVF,CASRPESGSYEQYF,HLA-A*03:01,KLGGALQAK,1
CAASEVQGAQKLVF,CASSLETGATDTQYF,HLA-A*03:01,KLGGALQAK,1
CAVDLMKTSYDKVIF,CASSTYNEQFF,HLA-A*11:01,IVTDFSVIK,1
CAVDLMKTSYDKVIF,CASSASSGSIHEQYF,HLA-A*11:01,IVTDFSVIK,1
CAVANQAGTALIF,CASSLDEEAGWNEQFF,HLA-A*11:01,AVFDRKSDAK,1
CAASRADDKIIF,CASSLSGRVSSQYF,HLA-A*11:01,IVTDFSVIK,1
CALSEAGNARLMF,CASRASSSGGGLAPQQYF,HLA-A*11:01,IVTDFSVIK,1
CAERYGNNRKLIW,CASGDGTGTEAFF,HLA-A*03:01,KLGGALQAK,1
CAARGRGGADGLTF,CASSKLGSEQYF,HLA-A*03:01,KLGGALQAK,1
CAVKAAGKLQF,CASSSGWGGPNQPQHF,HLA-A*11:01,IVTDFSVIK,1
CAVKFTSGTYKYIF,CASSSSSTSGASSYEQYF,HLA-A*03:01,KLGGALQAK,1
CVLDSNYQLIW,CASSLAASGSDYNEQFF,HLA-A*03:01,RLRAEAQVK,1
CAVDLMKTSYDKVIF,CASSITWTGNMNTEAFF,HLA-A*11:01,IVTDFSVIK,1
CAMRDPDGQKLLF,CASSPQGVNTEAFF,HLA-A*03:01,KLGGALQAK,1
CAASSSGGSNYKLTF,CASSRDSTDTQYF,HLA-A*03:01,KLGGALQAK,1
CAMREGTGGTSYGKLTF,CASSQVIWGEDSYNSPLHF,HLA-A*03:01,KLGGALQAK,1
CAVDLMKTSYDKVIF,CASSRLGGTDTQYF,HLA-A*11:01,IVTDFSVIK,1
CAADTPLVF,CASSPLAFEQYF,HLA-A*11:01,IVTDFSVIK,1
CAVDLMKTSYDKVIF,CASSFRAPGELFF,HLA-A*11:01,IVTDFSVIK,1
CATDAETSYDKVIF,CASSLGPDTQYF,HLA-A*11:01,IVTDFSVIK,1
CAVDLMKTSYDKVIF,CASSPQRLNTEAFF,HLA-A*11:01,IVTDFSVIK,1
CAENMIQGAQKLVF,CASSTDRGGGETQYF,HLA-A*11:01,IVTDFSVIK,1
CAASEGQAGTALIF,CASLPTLEGSYGYTF,HLA-A*03:01,KLGGALQAK,1
CAVNDYKLSF,CASQTAGKEVANNEQFF,HLA-A*03:01,KLGGALQAK,1
CALDIGDSNYQLIW,CASSLSPNLEATSGNTGELFF,HLA-A*11:01,IVTDFSVIK,1
CAVDLMKTSYDKVIF,CASRDRINEQFF,HLA-A*11:01,IVTDFSVIK,1
CAVDLMKTSYDKVIF,CASSPPRAGLNTEAFF,HLA-A*11:01,IVTDFSVIK,1
CAVEPLYGNKLVF,CASSYLAGGGNSYNEQFF,HLA-A*03:01,KLGGALQAK,1
CAMSLIVNTPLVF,CASSLIGGGKNQPQHF,HLA-A*03:01,KLGGALQAK,1
CAVNRDSNYQLIW,CASRVPRVSPLHF,HLA-A*11:01,IVTDFSVIK,1
CAGGTPGNTGKLIF,CASSTAVTGSQPQHF,HLA-A*11:01,IVTDFSVIK,1
CAGDQNAGNMLTF,CASSPSHDSFGEQYF,HLA-A*11:01,IVTDFSVIK,1
CAVDLMKTSYDKVIF,CASSLGPHEGNQPQHF,HLA-A*11:01,IVTDFSVIK,1
CAVDLMKTSYDKVIF,CASSPGGGSTYNEQFF,HLA-A*11:01,IVTDFSVIK,1
CVVAGNQFYF,CASSLVSGGNGYTF,HLA-A*03:01,KLGGALQAK,1
CAGESQAGTALIF,CASSQEDQSSYNEQFF,HLA-A*03:01,KLGGALQAK,1
CAMREAYRGSTLGRLYF,CASSSSGQGKNTEAFF,HLA-A*11:01,IVTDFSVIK,1
CAADNTGNQFYF,CASRAGSSYEQYF,HLA-A*11:01,IVTDFSVIK,1
CAVDLMKTSYDKVIF,CASSHQTGYTEAFF,HLA-A*11:01,IVTDFSVIK,1
CAVNSSGGSNYKLTF,CASREQGGNTEAFF,HLA-A*11:01,IVTDFSVIK,1
CAVRNLDVDGGATNKLIF,CASRGSGTSSVYEQYF,HLA-A*11:01,AVFDRKSDAK,1
CLVGDLGGGSQGNLIF,CASSPDRGHEQFF,HLA-A*11:01,IVTDFSVIK,1
CAVDLMKTSYDKVIF,CASSVGPGDYGYTF,HLA-A*11:01,IVTDFSVIK,1
CATDSGTYKYIF,CAIRGTSGEKETQYF,HLA-A*11:01,IVTDFSVIK,1
CAVDLMKTSYDKVIF,CASSYGTREFREQFF,HLA-A*11:01,IVTDFSVIK,1
CAPRWGSQGNLIF,CASSFPGELFF,HLA-A*11:01,IVTDFSVIK,1
CAVRLHNYGQNFVF,CASSSTGEQYF,HLA-A*03:01,KLGGALQAK,1
CAVRDKDGGATNKLIF,CASTGGRTGELFF,HLA-A*03:01,KLGGALQAK,1
CAVDLMKTSYDKVIF,CASSSTGGSNQPQHF,HLA-A*03:01,KLGGALQAK,1
CAVRDSNYQLIW,CATSPGTSDTDTQYF,HLA-A*03:01,KLGGALQAK,1
CAVDLMKTSYDKVIF,CASVSESGVAGELFF,HLA-A*11:01,IVTDFSVIK,1
CAVRVNAGKSTF,CASSLEQDSYEQYF,HLA-A*11:01,IVTDFSVIK,1
CAADTSGGGADGLTF,CASSFIRSPLHF,HLA-A*11:01,IVTDFSVIK,1
CAVRDSNYQLIW,CASSLGDQGDTQYF,HLA-A*03:01,KLGGALQAK,1
CAVDLMKTSYDKVIF,CAWSLGYGEDEKLFF,HLA-A*11:01,IVTDFSVIK,1
CADLQTNARLMF,CSVAGSSSSYEQYF,HLA-A*02:01,NLVPMVATV,1
CALRGSGGGADGLTF,CASSHKERRRGYTF,HLA-A*03:01,KLGGALQAK,1
CASYYNTDKLIF,CASSLEGDQPQHF,HLA-A*11:01,AVFDRKSDAK,1
CAVDLMKTSYDKVIF,CASSGFGQGDQPQHF,HLA-A*11:01,IVTDFSVIK,1
CAVDLMKTSYDKVIF,CAWSVTGGNQPQHF,HLA-A*11:01,IVTDFSVIK,1
CAVDLMKTSYDKVIF,CAWSVGAVSGANVLTF,HLA-A*11:01,IVTDFSVIK,1
CAVNPGGYNKLIF,CARPGGAYNEQFF,HLA-A*03:01,KLGGALQAK,1
CAASALGNEKLTF,CASSPRDGTGFGRVVAFF,HLA-A*03:01,KLGGALQAK,1
CAVDLMKTSYDKVIF,CASSPTTSVNEQFF,HLA-A*11:01,IVTDFSVIK,1
CAASGNQFYF,CASSAGLVQETQYF,HLA-A*11:01,IVTDFSVIK,1
CAGDQNAGNMLTF,CASSPSHDSFGEQYF,HLA-A*03:01,KLGGALQAK,1
CAGFSGGYNKLIF,CASSIGASGSYEQYF,HLA-A*03:01,KLGGALQAK,1
CAMREFYTGNQFYF,CASSLNRQTISYEQYF,HLA-A*03:01,KLGGALQAK,1
CAVEPLYGNKLVF,CASSSQALDNYEQYF,HLA-A*03:01,KLGGALQAK,1
CALSVNSGGSNYKLTF,CASSPRDSSYEQYF,HLA-A*03:01,KLGGALQAK,1
CAESRNDYKLSF,CASSLRTSHGELFF,HLA-A*03:01,KLGGALQAK,1
CLASYTGGFKTIF,CAISESSETGNSPLHF,HLA-A*11:01,IVTDFSVIK,1
CAVDLMKTSYDKVIF,CASSLEGNEQFF,HLA-A*11:01,IVTDFSVIK,1
CAVDLMKTSYDKVIF,CASSIAIYSNQPQHF,HLA-A*11:01,IVTDFSVIK,1
CAVDLMKTSYDKVIF,CASSDKGVRSSTDTQYF,HLA-A*11:01,IVTDFSVIK,1
CAASRKGGGADGLTF,CASSFGNRVQETQYF,HLA-A*03:01,KLGGALQAK,1
CIRTIGNEKLTF,CASSPQGYYGYTF,HLA-A*03:01,RLRAEAQVK,1
CAVDLMKTSYDKVIF,CASSSTRQRVNQPQHF,HLA-A*11:01,IVTDFSVIK,1
CAAGTYKYIF,CASNPGPNQPQHF,HLA-A*03:01,KLGGALQAK,1
CLVGDVSNYGGSQGNLIF,CASITSNEQFF,HLA-A*11:01,IVTDFSVIK,1
CAVSGEGGKLIF,CALRTGSSYNSPLHF,HLA-A*03:01,KLGGALQAK,1
CAGYEAAGNKLTF,CASSPGDLNQPQHF,HLA-A*03:01,KLGGALQAK,1
CALSEYGSEKLVF,CASSLATGLAGTYEQYF,HLA-A*11:01,AVFDRKSDAK,1
CAMRNYGGSQGNLIF,CAWSEGVAGFADTQYF,HLA-A*11:01,IVTDFSVIK,1
CAVDLMKTSYDKVIF,CASSLALGGLGNEQFF,HLA-A*11:01,IVTDFSVIK,1
CAVNALGTTDSWGKLQF,CASSPGTGNNEQFF,HLA-A*03:01,KLGGALQAK,1
CAVYTGGGNKLTF,CASSGRGPEQYF,HLA-A*03:01,KLGGALQAK,1
CAVNWEEQGGSYIPTF,CASSFGTGDTDTQYF,HLA-A*03:01,KLGGALQAK,1
CILRGNTDKLIF,CASRLQGLLGPDTQYF,HLA-A*02:01,LLFGYPVYV,1
CGADSRYSSASKIIF,CASSLIEYPPPDTQYF,HLA-A*03:01,KLGGALQAK,1
CAGHNNNDMRF,CASSGQGEDYGYTF,HLA-A*11:01,IVTDFSVIK,1
CATDSGTYKYIF,CAGTPREGQGLREQYF,HLA-A*11:01,IVTDFSVIK,1
CAVPNTDKLIF,CASSPGTRLGWATEAFF,HLA-A*02:01,ELAGIGILTV,1
CALSEIQGAQKLVF,CASSARDF,HLA-B*07:02,SPRWYFYYL,1
CALSVLTGANNLFF,CASSPTDNF,HLA-B*07:02,SPRWYFYYL,1
CADPNTGNQFYF,CASSPTDNF,HLA-B*07:02,SPRWYFYYL,1
CASVDGNNRLAF,CASSLGWRGGRYNEQF,HLA-A*02:01,YMLDLQPET,1
CAANTGNQFYF,CASSWRTGNSGELFF,HLA-B*08:01,QMMVKAGL,1
CIVRVGPADNYGQNFVF,CASSPRREQGDTQYF,HLA-B*08:01,QMMVKAGL,1
CALPSNAGNNRKLIW,CASSVERGRNTGELFF,HLA-B*08:01,QMMVKAGL,1
CAVRGSYIPTF,CSAREGVNTEAFF,HLA-B*08:01,QMMVKAGL,1
CAVENTGNQFYF,CASRAWGREGEKLFF,HLA-B*08:01,QMMVKAGL,1
CATDESNARLMF,CASSLIRTWDEQYF,HLA-B*08:01,QMMVKAGL,1
CAPNYGGSQGNLIF,CASGRIAGELFF,HLA-B*08:01,RPIIRPATL,1
CAMRGGGSNYKLTF,CASSMIPDMNTEAFF,HLA-B*08:01,RPIIRPATL,1
CAASVGGGNKLTF,CASSPDRGYEQFF,HLA-B*08:01,QMMVKAGL,1
CAMREGDTSNSGAGSYQLTF,CASSMVPDMNTEAFF,HLA-B*08:01,RPIIRPATL,1
CAVSGGYSTLTF,CASSMIPDMNTEAFF,HLA-B*08:01,QMMVKAGL,1
CAMREGGQKLLF,CATSTVPDYNSPLHF,HLA-B*08:01,RPIIRPATL,1
CAEISGGYQKVTF,CASSLVGATAFF,HLA-B*08:01,RPIIRPATL,1
CVVSLGGYNKLIF,CSARDRYNEQFF,HLA-B*08:01,QMMVKAGL,1
CAPYSGGSNYKLTF,CASSLIGNEQFF,HLA-B*08:01,RPIIRPATL,1
CAVTNGGATNKLIF,CASSQWGRPQETQYF,HLA-B*08:01,QMMVKAGL,1
CACGDYKLSF,CASSPSELAGGRLDTQYF,HLA-B*08:01,QMMVKAGL,1
CAVRTYSGGGADGLTF,CASAPRRDRGTDTQYF,HLA-B*08:01,QMMVKAGL,1
CAMRDSGGSNYKLTF,CASSNVPDMNTEAFF,HLA-B*08:01,RPIIRPATL,1
CATDGRGGAQKLVF,CASSSIAGRGEKLFF,HLA-B*08:01,QMMVKAGL,1
CAVGADGNKLVF,CASSIGQGKSSYEQYF,HLA-B*08:01,QMMVKAGL,1
CAMREDSGGSNYKLTF,CASSMIPDMNTEAFF,HLA-B*08:01,RPIIRPATL,1
CAETPIGSSNTGKLIF,CASSVRYEQYF,HLA-B*08:01,QMMVKAGL,1
CAPSGTYKYIF,CASSLVGGEQYF,HLA-B*08:01,RPIIRPATL,1
CAMRESASGGSYIPTF,CASSIIPDMNTEAFF,HLA-B*08:01,RPIIRPATL,1
CAMRGGGSNYKLTF,CASSSIPDFNTEAFF,HLA-B*08:01,RPIIRPATL,1
CAMSRQGMDSSYKLIF,CSVVQGAECTF,HLA-B*08:01,RPIIRPATL,1
CAVEFPSSGSARQLTF,CASSSPRVAGRPDTQYF,HLA-B*08:01,QMMVKAGL,1
CAYRAPYNNNDMRF,CASSQARDRGNGYTF,HLA-B*08:01,RPIIRPATL,1
CAVNPGTYKYIF,CASAPRRDRGTDTQYF,HLA-B*08:01,QMMVKAGL,1
CAMRGGSGGSNYKLTF,CASSIIPDMNTEAFF,HLA-B*08:01,RPIIRPATL,1
CALENYGGSQGNLIF,CASSASAEFSSYEQYF,HLA-B*08:01,RPIIRPATL,1
CAARCHGQNFVF,CASSYRSSYEQYF,HLA-B*08:01,QMMVKAGL,1
CAYRSAARDSNYQLIW,CASGLLTSGSINEQFF,HLA-B*08:01,QMMVKAGL,1
CAVLNTGNQFYF,CASTVNRGSEGYTF,HLA-B*08:01,QMMVKAGL,1
CAIWTFGGEKLTF,CASSRSLTDTQYF,HLA-B*08:01,RPIIRPATL,1
CALTPSSGSARQLTF,CASSFFGAQQVDGYTF,HLA-B*08:01,RPIIRPATL,1
CAAKGYNTDKLIF,CASKRNTGELFF,HLA-B*08:01,RPIIRPATL,1
CILRDRDSSYKLIF,CSARDPAPEETQYF,HLA-B*08:01,RPIIRPATL,1
CAVNSGFSGGYNKLIF,CASSFRQGEAFF,HLA-B*08:01,QMMVKAGL,1
CVVSEEGIIRIGSQGNLIF,CASSPTSGSVYEQFF,HLA-B*08:01,RPIIRPATL,1
CLVGDSGNAGNMLTF,CASRMTGGKTNEKLFF,HLA-B*08:01,QMMVKAGL,1
CAVDQAGTALIF,CASSPPRSEAFF,HLA-B*08:01,QMMVKAGL,1
CAQNAGNMLTF,CSANPEGPYEQYF,HLA-B*08:01,QMMVKAGL,1
CAVDRGMDSNYQLIW,CASSFLFRDGTYEQYF,HLA-B*08:01,QMMVKAGL,1
CAPLKGKLIF,CASSLEGRREGETQYF,HLA-B*08:01,QMMVKAGL,1
CAASQRMNSGYALNF,CASSLGTLQPQHF,HLA-B*08:01,RPIIRPATL,1
CAVRQTAYSGAGSYQLTF,CASSSSPRGDTQYF,HLA-B*08:01,QMMVKAGL,1
CVVSDPFGNTPLVF,CSVWVGREQETQYF,HLA-B*08:01,QMMVKAGL,1
CILRDVMNTGNQFYF,CASSPRDRARGDEQYF,HLA-B*08:01,QMMVKAGL,1
CAVRNARLMF,CASSQGQGIADTQYF,HLA-B*08:01,RPIIRPATL,1
CAVVSWYSGGGADGLTF,CASSPGDRGKTNEQFF,HLA-B*08:01,QMMVKAGL,1
CAASGNYGQNFVF,CASSQDPPGRLGKLFF,HLA-B*08:01,QMMVKAGL,1
CAAMEYGNKLVF,CASSVEIAGRYNEQFF,HLA-B*08:01,QMMVKAGL,1
CAVAPLNSGNTPLVF,CASSFARTRWEQYF,HLA-B*08:01,RPIIRPATL,1
CAYRSSVYNNAGNMLTF,CASSQNSVGSYNEQFF,HLA-B*08:01,RPIIRPATL,1
CAMREFYNQGGKLIF,CASSVSRDRNGELFF,HLA-B*08:01,RPIIRPATL,1
CAVRVNTNAGKSTF,CASSSSYEQYF,HLA-B*08:01,RPIIRPATL,1
CAEKSYYGQNFVF,CASSGRTGNTEAFF,HLA-B*08:01,RPIIRPATL,1
CALSEAPSNFGNEKLTF,CASSHRDRGISGANVLTF,HLA-B*08:01,QMMVKAGL,1
CAVAMDTGRRALTF,CASSNYPGGARTDTQYF,HLA-B*08:01,QMMVKAGL,1
CAMREGGSNYQLIW,CASSMIPDMNTEAFF,HLA-B*08:01,RPIIRPATL,1
CAMSLHDTGRRALTF,CASSLNFVGLNQPQHF,HLA-B*08:01,RPIIRPATL,1
CAVSLNAGGTSYGKLTF,CASSPPRNMEPSYEQYF,HLA-B*08:01,QMMVKAGL,1
CAVRDLDSGGYQKVTF,CASSHLDRGKKDYEQYF,HLA-B*08:01,QMMVKAGL,1
CAVNMALGGGYQKVTF,CASSPPARDRDHEQYF,HLA-B*08:01,QMMVKAGL,1
CIVRVAASVSNSGYALNF,CASSSRDRGLGTEAFF,HLA-B*08:01,QMMVKAGL,1
CAMREGGGGSNYKLTF,CASSIIPDMNTEAFF,HLA-B*08:01,RPIIRPATL,1
CILRDAYNTDKLIF,CSARRSDRVNTEAFF,HLA-B*08:01,RPIIRPATL,1
CALSEAYNTDKLIF,CAIANRGTEAFF,HLA-B*08:01,RPIIRPATL,1
CAVGDYKLSF,CASSPSQTSGGRTDTQYF,HLA-B*08:01,QMMVKAGL,1
CALSEIDMRF,CSAGTGSANTEAFF,HLA-B*08:01,RPIIRPATL,1
CAYRSAMDSNYQLIW,CASSTIGPYGELFF,HLA-B*08:01,RPIIRPATL,1
CLLRDDKIIF,CASSPHQEVTEAFF,HLA-B*08:01,RPIIRPATL,1
CAYRSAPDSSYKLIF,CASRGLSNTGELFF,HLA-B*08:01,RPIIRPATL,1
CAVSWGYGGATNKLIF,CASSLGDRGRGYGYTF,HLA-B*08:01,QMMVKAGL,1
CAVRDDSNYQLIW,CASTAQGFSNQPQHF,HLA-B*08:01,RPIIRPATL,1
CIVRRQSNFGNEKLTF,CASSLAREYSPLHF,HLA-B*08:01,RPIIRPATL,1
CALSDPYGGRRALTF,CSAVGLAGVRSYEQYF,HLA-B*08:01,RPIIRPATL,1
CAYRSAVTYDMRF,CASSLYGNQPQHF,HLA-B*07:02,HPNGYKSLSTL,1
CAYRSAVGYQLIW,CASSQYSNQPQHF,HLA-B*07:02,HPNGYKSLSTL,1
CAGPPRPSYNTDKLIF,CASTPRGRGLVYGYTF,HLA-B*07:02,HPNGYKSLSTL,1
CAVREGTGANNLFF,CASSLREMGGKAEAFF,HLA-B*07:02,RPIIRPATL,1
CAITIEGSTLGRLYF,CAGRGRPNEKLFF,HLA-B*07:02,RPIIRPATL,1
CALGSFSGGYNKLIF,CASSQLEQGGETQYF,HLA-B*07:02,HPNGYKSLSTL,1
CAYRSANNYQLIW,CASSLYGSSYNEQFF,HLA-B*07:02,HPNGYKSLSTL,1
CAVNAGNNRKLIW,CASILGTSGREPYEQYF,HLA-B*07:02,RPIIRPATL,1
CAVRDGAGTALIF,CASSVEGGGAQETQYF,HLA-B*07:02,RPIIRPATL,1
CAPRNTPLVF,CASSLYGGQPQHF,HLA-B*07:02,HPNGYKSLSTL,1
CALSSTSGGYQKVTF,CASSQERKAGGPTEAFF,HLA-B*07:02,HPNGYKSLSTL,1
CAMREVGGTASKLTF,CASSIYPGQLYNSPLHF,HLA-B*07:02,RPIIRPATL,1
CAMREGGGTSYGKLTF,CASSLAGTSGYTYEQYF,HLA-B*07:02,RPIIRPATL,1
CAVFSSNTGKLIF,CASSGVGSGRPNSYNEQFF,HLA-B*07:02,RPIIRPATL,1
CATDASKSGGSNYKLTF,CASSPGEGMLVSEAFF,HLA-B*07:02,RPIIRPATL,1
CAVDVDSGAGSYQLTF,CASSDNRVWTEAFF,HLA-B*07:02,RPIIRPATL,1
CAETPSGGSYIPTF,CASSLGHGRSSYEQYF,HLA-B*07:02,HPNGYKSLSTL,1
CAYRSAIRNTPLVF,CASSLYSNQPQHF,HLA-B*07:02,HPNGYKSLSTL,1
CALLIFSGGYNKLIF,CASSQEGGGETQYF,HLA-B*07:02,HPNGYKSLSTL,1
CAMSLEGGAGNKLTF,CASSLRQALRNEQFF,HLA-B*07:02,RPIIRPATL,1
CAMREGPKLTGGGNKLTF,CSANPRDESYNEQFF,HLA-B*07:02,HPNGYKSLSTL,1
CAVRVNNAGNMLTF,CASSPGLPEYF,HLA-B*07:02,HPNGYKSLSTL,1
CAVSDSGGGADGLTF,CASSQVVAFGDTQYF,HLA-B*07:02,RPIIRPATL,1
CAVNDMNSGGYQKVTF,CASGAPGTPYNEQFF,HLA-B*07:02,HPNGYKSLSTL,1
CAVNDGSNYQLIW,CASSSPPSGGGYEQFF,HLA-B*07:02,RPIIRPATL,1
CAVREGTGANNLFF,CASSDREGGPHEQYF,HLA-B*07:02,RPIIRPATL,1
CAGFDRGSTLGRLYF,CASSTPSSYNEQFF,HLA-B*07:02,RPIIRPATL,1
CAVREGTGANNLFF,CASSDRDRGGNQPQHF,HLA-B*07:02,RPIIRPATL,1
CAVRGDSWGKLQF,CASRENRASNTEAFF,HLA-B*07:02,RPIIRPATL,1
CAFLDQGGSEKLVF,CASRQEGRPMNTEAFF,HLA-B*07:02,RPIIRPATL,1
CAASGGSNYKLTF,CASRQEGRPMNTEAFF,HLA-B*07:02,RPIIRPATL,1
CAVREGTGANNLFF,CASSDRDVTGELFF,HLA-B*07:02,RPIIRPATL,1
CALTRPGGGYNKLIF,CASRGLQGRIDYNEQFF,HLA-B*07:02,HPNGYKSLSTL,1
CAYRSSYNNNDMRF,CASRIYAGSPYEQYF,HLA-B*07:02,HPNGYKSLSTL,1
CVVSGTSGTYKYIF,CASRARVLDEQFF,HLA-B*07:02,HPNGYKSLSTL,1
CAVRLYSGAGSYQLTF,CASSLDSSGGNEQYF,HLA-B*07:02,HPNGYKSLSTL,1
CAVREGTGANNLFF,CASSPREAGGISGYTF,HLA-B*07:02,RPIIRPATL,1
CAYRSASNYQLIW,CASSLYPGANTEAFF,HLA-B*07:02,HPNGYKSLSTL,1
CAYRSASNAGNMLTF,CASSLYRGSNQPQHF,HLA-B*07:02,HPNGYKSLSTL,1
CALLLFSGGYNKLIF,CASSPREGGETQYF,HLA-B*07:02,HPNGYKSLSTL,1
CAYRSGTASKLTF,CASSQDRGLAGGTYNEQFF,HLA-B*07:02,HPNGYKSLSTL,1
CAMREGPELTGGGNKLTF,CSAKRNRAYHYGYTF,HLA-B*07:02,HPNGYKSLSTL,1
CAVRDRTPNSGYALNF,CASSFGTGEAFF,HLA-B*07:02,HPNGYKSLSTL,1
CALSRISGGYQKVTF,CASSQERDRRAVEKLFF,HLA-B*07:02,HPNGYKSLSTL,1
CAVRDSGAGSYQLTF,CASSQSSGGGRSEAFF,HLA-B*07:02,RPIIRPATL,1
CIAFYYAALPVRLTF,CASSTGQGEGLYSNQPQHF,HLA-B*07:02,RPIIRPATL,1
CAGRINNARLMF,CASSRDLNEQFF,HLA-B*07:02,HPNGYKSLSTL,1
CAMREGRTTDSWGKLQF,CASSLGREETQYF,HLA-B*07:02,RPIIRPATL,1
CALSEAISTGTASKLTF,CASSTWSQNTGELFF,HLA-B*07:02,RPIIRPATL,1
CALTEYSGGYQKVTF,CASSQDRDRGPDEKLFF,HLA-B*07:02,HPNGYKSLSTL,1
CAVSEISAAGNKLTF,CASSPYGGPGNTIYF,HLA-B*07:02,RPIIRPATL,1
CAVRDGGRNDMRF,CASSVEAGPNEQYF,HLA-B*07:02,RPIIRPATL,1
CAVNDGATNKLIF,CARAFESGANVLTF,HLA-B*07:02,RPIIRPATL,1
CALPDGGSNYKLTF,CASSSRGSGGASSYEQYF,HLA-B*07:02,RPIIRPATL,1
CAFMKLWGGANSKLTF,CASSLIGEETQYF,HLA-B*07:02,RPIIRPATL,1
CAALEAGGGADGLTF,CASSVFGVQRGFGTDTQYF,HLA-B*07:02,RPIIRPATL,1
CALSEKSGGYQKVTF,CASSQERGDNTKNTQYF,HLA-B*07:02,HPNGYKSLSTL,1
CALELLTGNTGGFKTIF,CASSLWQGGQPQHF,HLA-B*07:02,RPIIRPATL,1
CAVRDGGGFKTIF,CASSEETGNQPQHF,HLA-B*07:02,RPIIRPATL,1
CIVRLRTNYGGSQGNLIF,CASSFDRGTGNTIYF,HLA-B*07:02,RPIIRPATL,1
CAATFLRDMRF,CASSYYRLAGELFF,HLA-B*07:02,RPIIRPATL,1
CAVNAGNNRKLIW,CASSLAGTGGRFSYEQYF,HLA-B*07:02,RPIIRPATL,1
CAYRSAIQDKIIF,CASSPHPGTSGGASYNEQFF,HLA-B*07:02,HPNGYKSLSTL,1
CALGLFSGGYNKLIF,CASSHRTGGETQYF,HLA-B*07:02,HPNGYKSLSTL,1
CALSEYSGGYQKVTF,CASSVATSGGSQQFF,HLA-B*07:02,HPNGYKSLSTL,1
CAYRSATGYALNF,CASSLYGSVQNEQFF,HLA-B*07:02,HPNGYKSLSTL,1
CAVDNYGQNFVF,CASSLYGADTQYF,HLA-B*07:02,HPNGYKSLSTL,1
CAYRSAGSGGSNYKLTF,CASSLMTNQPQHF,HLA-B*07:02,HPNGYKSLSTL,1
CAVNVFPGNQFYF,CASSLGQTYEQYF,HLA-A*68:02,EIFDRYGEEV,1
CALDMFSGGYNKLIF,CATSRVKTSGGYEQYF,HLA-A*68:02,EIFDRYGEEV,1
CVVNDGTGNQFYF,CASSVVDADTQYF,HLA-A*02:06,SVCAGILSYGV,1
CAASIGSNDYKLSF,CASSVVDADTQYF,HLA-A*02:06,SVCAGILSYGV,1
CVAASYNTDKLIF,CASSQVGRGRGAFF,HLA-A*02:06,SVCAGILSYGV,1
CAMREPRATSGSRLTF,CASSLGEGFSNQPQHF,HLA-A*02:01,TIHDIILECV,1
CAVDKDCGYQKVTF,CSASPRAGQLSSYNSPLHF,HLA-A*11:01,VVVGAVGVGK,1
CAARSSGSWQLIF,CASSQDRGDSAETLYF,HLA-A*11:01,VVGAVGVGK,1
CAVTGSGGKLTL,CASSRWGGDTQYF,HLA-A*11:01,VVGAVGVGK,1
CAVSKVVF,CASSPQNSDYTF,HLA-A*11:01,VVGAVGVGK,1
CAASEQGNYAQGLTF,CASSPQNSDYTF,HLA-A*11:01,VVGAVGVGK,1
CAVGSAGNKLTF,CASSNWGDEQYF,HLA-A*11:01,VVGAVGVGK,1
CAARDSNYQLIW,CASGDTGGYEQYF,HLA-A*11:01,VVGAVGVGK,1
CAERNGGATNKLIF,CASSQDRTGAYSPLHF,HLA-B*35:01,FPLDVGSIVAY,1
CAVHHLNRDDKIIF,CASSADLGTREQYF,HLA-A*02:01,LLDTVLVNV,1
CAPSKYNNNDMRF,CAISGTEDGELFF,HLA-A*02:01,RQFDITSVSV,1
CAVSPLTSGTYKYIF,CAWSEGDETQYF,HLA-A*24:02,DYIIRSHKV,1
CALSTSMDSNYQLIW,CASSCWDRSTDTQYF,HLA-A*02:01,FVNLEQHVV,1
CAFDNYGQNFVF,CASSLTGSFNEQFF,HLA-C*03:03,YLHAYAKAL,1
CAVNVFNKFYF,CASSFLITDTQYF,HLA-C*05:01,LSDAFVSV,1
CAVQAGTALIF,CASSQPGGGNTEAFF,HLA-B*35:01,FPNIHMETC,1
CVVSAPDTGRRALTF,CASSSGQGFTDTQYF,HLA-C*03:03,LAVFPNIHM,1
CAVTDSNYQLIW,CATSDFQRGEETQYF,HLA-B*39:01,MRTHPGRPFF,1
CAVNLLTDSWGKFQF,CATMGSGGNEQFF,HLA-B*35:01,FAFRWVLGIAY,1
CAAPDAGGTSYGKLTF,CASSPLNPYNEQFF,HLA-C*07:01,KALDYIHHV,1
CAMSPTYSGAGSYQLTF,CSASLLGEGYEQYF,HLA-A*01:01,ALDYIHHVGYV,1
CAASRGPAGGTSYGKLTF,CASSQDAWWLSQPQHF,HLA-A*24:02,AGVNQISYW,1
CAYRRRNSGYALNF,CASSLRVWSSYEQYF,HLA-A*24:02,EMQLTPFFI,1
CALSEETDRGSTLGRLYF,CASSQDGGFEQFF,HLA-C*07:02,FRSTRFLHI,1
CALSDHNTDKLIF,CASISDSYNEQFF,HLA-C*07:02,SRVLHKLEV,1
CVVNMYNQGGKLIF,CASSYSGPNYEQYF,HLA-A*02:01,SLTQILLTWT,1
CAVNSYGKLTF,CASSDGTLGNSPLHF,HLA-A*02:01,HMWRAAFTAER,1
CAASEGDDKIIF,CASSLAWAPEQYF,HLA-A*02:01,LGLWYLQTALE,1
CAVNRAGGSYIPTF,CASSQGQGVLGMKKLFF,HLA-A*02:01,FQVIQPERV,1
CALSEATGFGNEKLTF,CAISDPRDSYEQYF,HLA-C*04:01,IWDYVNKELA,1
CLVIEAGNNRKLIW,CATSDLGLEVDEQFF,HLA-A*11:01,VMVNHLHKY,1
CAMTRGGGGNKLTF,CASSYGGPEQFF,HLA-B*57:01,VSFGLQFQF,1
CAAHSGGYQKVTF,CASSEDEQEYSYEQYF,HLA-C*07:01,KRKEPLKI,1
CIVRLAPYSGNTPLVF,CASISGFMGLMNTEAFF,HLA-C*07:01,FRLIARLL,1
CAVKGDYKLSF,CASSDRSYNEQFF,HLA-B*35:01,RPSTAEKYIF,1
CAVNFGGGKLIFF,CASSLSFGTEAF,HLA-A*02:01,EAAGIGILTV,1
CAVNFGGGKLIFF,CASSLSFGTEAF,HLA-A*02:01,AAGIGILTV,1
CAASLIQGAQKLVF,CASSPGGNEQLF,HLA-A*02:01,ITDQVPFSV,1
CAFMDSNYQLIW,CASSRTSPTDTQYF,HLA-A*02:06,KQWLVWLLL,1
CAVGFTGGGNKLTF,CASSDRDRVPETQYF,HLA-A*24:01,RYPLTFGW,1
CAVVFTGGGNKLTF,CASSLRDRVPETQYF,HLA-A*24:01,RYPLTFGW,1
CGTYNQGGKLIF,CASSGASHEQY,HLA-A*24:02,RYPLTFGWCF,1
CGTYNQGGKLIF,CASSGASHEQY,HLA-A*24:02,RFPLTFGWCF,1
CAVGAPSGAGSYQLTF,CASSPTSGIYEQYF,HLA-A*24:02,RYPLTFGWCF,1
