TCR_name,CDR3,TCR_mut,HLA,HLA_mut,Peptide,Peptide_mut,Binding,KD,label
LC13,CASSLGQAYEQYF,WT,HLA-B*08:01,WT,FLRGRAYGL,WT,TRUE,12.5,1
LC13,CASSLGQAYEQYF,WT,HLA-B*08:01,WT,TLRGRAYGL,F1T,TRUE,29.3,1
LC13,CASSLGQAYEQYF,WT,HLA-B*08:01,WT,YLRGRAYGL,F1Y,TRUE,18.45,1
LC13,CASSLGQAYEQYF,WT,HLA-B*08:01,WT,YFRGRAYGL,L2F,FALSE,200,0
LC13,CASSLGQAYEQYF,WT,HLA-B*08:01,WT,FLRARAYGL,G4A,FALSE,200,0
LC13,CASSLGQAYEQYF,WT,HLA-B*08:01,WT,FLRGFAYGL,R5F,FALSE,200,0
LC13,CASSLGQAYEQYF,WT,HLA-B*08:01,WT,FLRGRFYGL,A6F,TRUE,138,1
LC13,CASSLGQAYEQYF,WT,HLA-B*08:01,WT,FLRGRAFGL,Y7F,TRUE,113,1
LC13,CASSLGQAYEQYF,WT,HLA-B*08:01,WT,FLRGRAYVL,G8V,FALSE,200,0
LC13,CASSLGQAYEQYF,WT,HLA-B*08:01,WT,FLRGRAYGA,L9A,FALSE,200,0
LC13,CAASLGQAYEQYF,S94A,HLA-B*08:01,WT,FLRGRAYGL,WT,TRUE,20.8,1
LC13,CASALGQAYEQYF,S95A,HLA-B*08:01,WT,FLRGRAYGL,WT,TRUE,4.45,1
LC13,CASSAGQAYEQYF,L96A,HLA-B*08:01,WT,FLRGRAYGL,WT,TRUE,15.2,1
LC13,CASSLAQAYEQYF,G97A,HLA-B*08:01,WT,FLRGRAYGL,WT,FALSE,200,0
LC13,CASSLGAAYEQYF,Q98A,HLA-B*08:01,WT,FLRGRAYGL,WT,FALSE,200,0
LC13,CASSLGQGYEQYF,A99G,HLA-B*08:01,WT,FLRGRAYGL,WT,FALSE,200,0
LC13,CASSLGQAAEQYF,Y100A,HLA-B*08:01,WT,FLRGRAYGL,WT,FALSE,200,0
LC13,CASSLGQAYAQYF,E101A,HLA-B*08:01,WT,FLRGRAYGL,WT,TRUE,15.3,1
LC13,CASSLGQAYEAYF,Q102A,HLA-B*08:01,WT,FLRGRAYGL,WT,FALSE,200,0
LC13,CASSLGQAYEQAF,Y103A,HLA-B*08:01,WT,FLRGRAYGL,WT,TRUE,19.4,1
