CDR3a,CDR3b,HLA,Epitope,Binding
CTSVLWTMGTTDSLL,CASSAPGQGAFNTNEKLFF,HLA-A*01:01,SLEGGGLGY,False
CAVRGLGSSNTGKLIF,CASMAGTRSPNSPLHF,HLA-A*01:01,SLEGGGLGY,False
CAVRDDDARLMF,CASSQSGRLADHNEQFF,HLA-A*01:01,SLEGGGLGY,False
CAFMKQDSNSGYALNF,CATRGTLSTDTQYF,HLA-A*01:01,SLEGGGLGY,False
CATDAVRDTDKLIF,CASSPYNQPQHF,HLA-A*01:01,SLEGGGLGY,False
CILRDSEETSGSRLTF,CASSQDSGLNTEAFF,HLA-A*01:01,SLEGGGLGY,False
CALSEAKLYTGTASKLTF,CASSARDRMIDEQYF,HLA-A*01:01,SLEGGGLGY,False
CAYRILPIQGAQKLVF,CASSRYSVGYYGYTF,HLA-A*01:01,SLEGGGLGY,False
CAVTRDDKIIF,CASSDSAGGTDTQYF,HLA-A*01:01,SLEGGGLGY,False
CAAWEGGGADGLTF,CASSLGTGDYEQYF,HLA-A*01:01,SLEGGGLGY,False
CAASSGQNFVF,CASSEGWGMYGYTF,HLA-A*01:01,SLEGGGLGY,False
CAVNTLKAAGNKLTF,CASSLFSHLIDNYGYTF,HLA-A*01:01,SLEGGGLGY,False
CLVGEGSGAGSYQLTF,CASSLSDSLYNEQFF,HLA-A*01:01,SLEGGGLGY,False
CAMMGTGGFKTIF,CASSRTGTFYEQYF,HLA-A*01:01,SLEGGGLGY,False
CAGPSSTLGRLYF,CASSYGGLTYEQYF,HLA-A*01:01,SLEGGGLGY,False
CAAKEGYSTLTF,CASSSTGGGGKDQPQHF,HLA-A*01:01,SLEGGGLGY,False
CAGKEGQGFSFIF,CSARDLKTGGGYEKLFF,HLA-A*01:01,SLEGGGLGY,False
CALQYSGAGSYQLTF,CASSSQIAGATKNIQYF,HLA-A*01:01,SLEGGGLGY,False
CAASAAMGNTPLVF,CASSLEGGFHGYTF,HLA-A*01:01,SLEGGGLGY,False
CAMRRPISSGSARQLTF,CASSHPGTRDEKLFF,HLA-A*01:01,SLEGGGLGY,False
CAVGDNFNKFYF,CASSRDASSYEQYF,HLA-A*01:01,SLEGGGLGY,False
CVVASGGSYIPTF,CASSQDSYGFSYQETQYF,HLA-A*01:01,SLEGGGLGY,False
CALDNYGQNFVF,CASSLDPGRGQETQYF,HLA-A*01:01,SLEGGGLGY,False
CAVSDSGAGSYQLTF,CASSSRQTDYEQYF,HLA-A*01:01,SLEGGGLGY,False
CAVTLGGSNYKLTF,CSARNPRGEDTEAFF,HLA-A*01:01,SLEGGGLGY,False
CAETPGSSNTGKLIF,CASSLPAQSSGRFFYEQFF,HLA-A*01:01,SLEGGGLGY,False
CAMNPAWGGATNKLIF,CASSLMRGGTYNSPLHF,HLA-A*01:01,SLEGGGLGY,False
CAMREPYTGANSKLTF,CASSQDQGGTEAFF,HLA-A*01:01,SLEGGGLGY,False
CAGGGSQGNLIF,CASSIRSSYEQYF,HLA-A*01:01,SLEGGGLGY,False
CALYTGANSKLTF,CASSFKGSYGYTF,HLA-A*01:01,SLEGGGLGY,False
CVVSDPAGGSYIPTF,CASSLPTQVIPETQYF,HLA-A*01:01,SLEGGGLGY,False
CALSDPNDYKLSF,CASALQGLPLGTDTQYF,HLA-A*01:01,SLEGGGLGY,False
CAMIKAAGNKLTF,CASSGVGNYEQYF,HLA-A*01:01,SLEGGGLGY,False
CAENLGGNQFYF,CASSGSGANEQYF,HLA-A*01:01,SLEGGGLGY,False
CAAAGSQGNLIF,CAISGQGEYTEAFF,HLA-A*01:01,SLEGGGLGY,False
CAAEGWAGRENSGGSNYKLTF,CASSLWGGSKETQYF,HLA-A*01:01,SLEGGGLGY,False
CAYKGSGGSNYKLTF,CSATGLAGGEFTDTQYF,HLA-A*01:01,SLEGGGLGY,False
CAGNSGNTPLVF,CASSIGNYNEQFF,HLA-A*01:01,SLEGGGLGY,False
CAMRDEDNYGQNFVF,CSALTSGLLNYNEQFF,HLA-A*01:01,SLEGGGLGY,False
CAVLSWGNTGKLIF,CASSYTGTSGETQYF,HLA-A*01:01,SLEGGGLGY,False
CAVNWEEQGGSYIPTF,CASSQEGRGIYGYTF,HLA-A*01:01,SLEGGGLGY,False
CAPTGTASKLTF,CASSLGDEAFF,HLA-A*01:01,SLEGGGLGY,False
CATEYSGGSNYKLTF,CASSLALSYEQYF,HLA-A*01:01,SLEGGGLGY,False
CAVAHRGSQGNLIF,CASRQEIMNTEAFF,HLA-A*01:01,SLEGGGLGY,False
CAMRRPISSGSARQLTF,CASSPGLAGDNEQFF,HLA-A*01:01,SLEGGGLGY,False
CALDSSAGFQKLVF,CASWTRQPNQPQHF,HLA-A*01:01,SLEGGGLGY,False
CAASAMDSNYQLIW,CASSSTREKLFF,HLA-A*01:01,SLEGGGLGY,False
CAMREQDAGNMLTF,CASSWDRSYEQYF,HLA-A*01:01,SLEGGGLGY,False
CAVRPPGGGSQGNLIF,CASSFDTPPVYGYTF,HLA-A*01:01,SLEGGGLGY,False
CAVTPNQAGTALIF,CASSAGTETSGNTIYF,HLA-A*01:01,SLEGGGLGY,False
CTSVLWTMGTTDSLL,CASSAPGQGAFNTNEKLFF,HLA-A*01:01,STEGGGLAY,False
CAVRGLGSSNTGKLIF,CASMAGTRSPNSPLHF,HLA-A*01:01,STEGGGLAY,False
CAVRDDDARLMF,CASSQSGRLADHNEQFF,HLA-A*01:01,STEGGGLAY,False
CAFMKQDSNSGYALNF,CATRGTLSTDTQYF,HLA-A*01:01,STEGGGLAY,False
CATDAVRDTDKLIF,CASSPYNQPQHF,HLA-A*01:01,STEGGGLAY,False
CILRDSEETSGSRLTF,CASSQDSGLNTEAFF,HLA-A*01:01,STEGGGLAY,False
CALSEAKLYTGTASKLTF,CASSARDRMIDEQYF,HLA-A*01:01,STEGGGLAY,False
CAYRILPIQGAQKLVF,CASSRYSVGYYGYTF,HLA-A*01:01,STEGGGLAY,False
CAVTRDDKIIF,CASSDSAGGTDTQYF,HLA-A*01:01,STEGGGLAY,False
CAAWEGGGADGLTF,CASSLGTGDYEQYF,HLA-A*01:01,STEGGGLAY,False
CAASSGQNFVF,CASSEGWGMYGYTF,HLA-A*01:01,STEGGGLAY,False
CAVNTLKAAGNKLTF,CASSLFSHLIDNYGYTF,HLA-A*01:01,STEGGGLAY,False
CLVGEGSGAGSYQLTF,CASSLSDSLYNEQFF,HLA-A*01:01,STEGGGLAY,False
CAMMGTGGFKTIF,CASSRTGTFYEQYF,HLA-A*01:01,STEGGGLAY,False
CAGPSSTLGRLYF,CASSYGGLTYEQYF,HLA-A*01:01,STEGGGLAY,False
CAAKEGYSTLTF,CASSSTGGGGKDQPQHF,HLA-A*01:01,STEGGGLAY,False
CAGKEGQGFSFIF,CSARDLKTGGGYEKLFF,HLA-A*01:01,STEGGGLAY,False
CALQYSGAGSYQLTF,CASSSQIAGATKNIQYF,HLA-A*01:01,STEGGGLAY,False
CAASAAMGNTPLVF,CASSLEGGFHGYTF,HLA-A*01:01,STEGGGLAY,False
CAMRRPISSGSARQLTF,CASSHPGTRDEKLFF,HLA-A*01:01,STEGGGLAY,False
CAVGDNFNKFYF,CASSRDASSYEQYF,HLA-A*01:01,STEGGGLAY,False
CVVASGGSYIPTF,CASSQDSYGFSYQETQYF,HLA-A*01:01,STEGGGLAY,False
CALDNYGQNFVF,CASSLDPGRGQETQYF,HLA-A*01:01,STEGGGLAY,False
CAVSDSGAGSYQLTF,CASSSRQTDYEQYF,HLA-A*01:01,STEGGGLAY,False
CAVTLGGSNYKLTF,CSARNPRGEDTEAFF,HLA-A*01:01,STEGGGLAY,False
CAETPGSSNTGKLIF,CASSLPAQSSGRFFYEQFF,HLA-A*01:01,STEGGGLAY,False
CAMNPAWGGATNKLIF,CASSLMRGGTYNSPLHF,HLA-A*01:01,STEGGGLAY,False
CAMREPYTGANSKLTF,CASSQDQGGTEAFF,HLA-A*01:01,STEGGGLAY,False
CAGGGSQGNLIF,CASSIRSSYEQYF,HLA-A*01:01,STEGGGLAY,False
CALYTGANSKLTF,CASSFKGSYGYTF,HLA-A*01:01,STEGGGLAY,False
CVVSDPAGGSYIPTF,CASSLPTQVIPETQYF,HLA-A*01:01,STEGGGLAY,False
CALSDPNDYKLSF,CASALQGLPLGTDTQYF,HLA-A*01:01,STEGGGLAY,False
CAMIKAAGNKLTF,CASSGVGNYEQYF,HLA-A*01:01,STEGGGLAY,False
CAENLGGNQFYF,CASSGSGANEQYF,HLA-A*01:01,STEGGGLAY,False
CAAAGSQGNLIF,CAISGQGEYTEAFF,HLA-A*01:01,STEGGGLAY,False
CAAEGWAGRENSGGSNYKLTF,CASSLWGGSKETQYF,HLA-A*01:01,STEGGGLAY,False
CAYKGSGGSNYKLTF,CSATGLAGGEFTDTQYF,HLA-A*01:01,STEGGGLAY,False
CAGNSGNTPLVF,CASSIGNYNEQFF,HLA-A*01:01,STEGGGLAY,False
CAMRDEDNYGQNFVF,CSALTSGLLNYNEQFF,HLA-A*01:01,STEGGGLAY,False
CAVLSWGNTGKLIF,CASSYTGTSGETQYF,HLA-A*01:01,STEGGGLAY,False
CAVNWEEQGGSYIPTF,CASSQEGRGIYGYTF,HLA-A*01:01,STEGGGLAY,False
CAPTGTASKLTF,CASSLGDEAFF,HLA-A*01:01,STEGGGLAY,False
CATEYSGGSNYKLTF,CASSLALSYEQYF,HLA-A*01:01,STEGGGLAY,False
CAVAHRGSQGNLIF,CASRQEIMNTEAFF,HLA-A*01:01,STEGGGLAY,False
CAMRRPISSGSARQLTF,CASSPGLAGDNEQFF,HLA-A*01:01,STEGGGLAY,False
CALDSSAGFQKLVF,CASWTRQPNQPQHF,HLA-A*01:01,STEGGGLAY,False
CAASAMDSNYQLIW,CASSSTREKLFF,HLA-A*01:01,STEGGGLAY,False
CAMREQDAGNMLTF,CASSWDRSYEQYF,HLA-A*01:01,STEGGGLAY,False
CAVRPPGGGSQGNLIF,CASSFDTPPVYGYTF,HLA-A*01:01,STEGGGLAY,False
CAVTPNQAGTALIF,CASSAGTETSGNTIYF,HLA-A*01:01,STEGGGLAY,False
CTSVLWTMGTTDSLL,CASSAPGQGAFNTNEKLFF,HLA-A*02:01,ALIAPVHAV,False
CAVRGLGSSNTGKLIF,CASMAGTRSPNSPLHF,HLA-A*02:01,ALIAPVHAV,False
CAVRDDDARLMF,CASSQSGRLADHNEQFF,HLA-A*02:01,ALIAPVHAV,False
CAFMKQDSNSGYALNF,CATRGTLSTDTQYF,HLA-A*02:01,ALIAPVHAV,False
CATDAVRDTDKLIF,CASSPYNQPQHF,HLA-A*02:01,ALIAPVHAV,False
CILRDSEETSGSRLTF,CASSQDSGLNTEAFF,HLA-A*02:01,ALIAPVHAV,False
CALSEAKLYTGTASKLTF,CASSARDRMIDEQYF,HLA-A*02:01,ALIAPVHAV,False
CAYRILPIQGAQKLVF,CASSRYSVGYYGYTF,HLA-A*02:01,ALIAPVHAV,False
CAVTRDDKIIF,CASSDSAGGTDTQYF,HLA-A*02:01,ALIAPVHAV,False
CAAWEGGGADGLTF,CASSLGTGDYEQYF,HLA-A*02:01,ALIAPVHAV,False
CAASSGQNFVF,CASSEGWGMYGYTF,HLA-A*02:01,ALIAPVHAV,False
CAVNTLKAAGNKLTF,CASSLFSHLIDNYGYTF,HLA-A*02:01,ALIAPVHAV,False
CLVGEGSGAGSYQLTF,CASSLSDSLYNEQFF,HLA-A*02:01,ALIAPVHAV,False
CAMMGTGGFKTIF,CASSRTGTFYEQYF,HLA-A*02:01,ALIAPVHAV,False
CAGPSSTLGRLYF,CASSYGGLTYEQYF,HLA-A*02:01,ALIAPVHAV,False
CAAKEGYSTLTF,CASSSTGGGGKDQPQHF,HLA-A*02:01,ALIAPVHAV,False
CAGKEGQGFSFIF,CSARDLKTGGGYEKLFF,HLA-A*02:01,ALIAPVHAV,False
CALQYSGAGSYQLTF,CASSSQIAGATKNIQYF,HLA-A*02:01,ALIAPVHAV,False
CAASAAMGNTPLVF,CASSLEGGFHGYTF,HLA-A*02:01,ALIAPVHAV,False
CAMRRPISSGSARQLTF,CASSHPGTRDEKLFF,HLA-A*02:01,ALIAPVHAV,False
CAVGDNFNKFYF,CASSRDASSYEQYF,HLA-A*02:01,ALIAPVHAV,False
CVVASGGSYIPTF,CASSQDSYGFSYQETQYF,HLA-A*02:01,ALIAPVHAV,False
CALDNYGQNFVF,CASSLDPGRGQETQYF,HLA-A*02:01,ALIAPVHAV,False
CAVSDSGAGSYQLTF,CASSSRQTDYEQYF,HLA-A*02:01,ALIAPVHAV,False
CAVTLGGSNYKLTF,CSARNPRGEDTEAFF,HLA-A*02:01,ALIAPVHAV,False
CAETPGSSNTGKLIF,CASSLPAQSSGRFFYEQFF,HLA-A*02:01,ALIAPVHAV,False
CAMNPAWGGATNKLIF,CASSLMRGGTYNSPLHF,HLA-A*02:01,ALIAPVHAV,False
CAMREPYTGANSKLTF,CASSQDQGGTEAFF,HLA-A*02:01,ALIAPVHAV,False
CAGGGSQGNLIF,CASSIRSSYEQYF,HLA-A*02:01,ALIAPVHAV,False
CALYTGANSKLTF,CASSFKGSYGYTF,HLA-A*02:01,ALIAPVHAV,False
CVVSDPAGGSYIPTF,CASSLPTQVIPETQYF,HLA-A*02:01,ALIAPVHAV,False
CALSDPNDYKLSF,CASALQGLPLGTDTQYF,HLA-A*02:01,ALIAPVHAV,False
CAMIKAAGNKLTF,CASSGVGNYEQYF,HLA-A*02:01,ALIAPVHAV,False
CAENLGGNQFYF,CASSGSGANEQYF,HLA-A*02:01,ALIAPVHAV,False
CAAAGSQGNLIF,CAISGQGEYTEAFF,HLA-A*02:01,ALIAPVHAV,False
CAAEGWAGRENSGGSNYKLTF,CASSLWGGSKETQYF,HLA-A*02:01,ALIAPVHAV,False
CAYKGSGGSNYKLTF,CSATGLAGGEFTDTQYF,HLA-A*02:01,ALIAPVHAV,False
CAGNSGNTPLVF,CASSIGNYNEQFF,HLA-A*02:01,ALIAPVHAV,False
CAMRDEDNYGQNFVF,CSALTSGLLNYNEQFF,HLA-A*02:01,ALIAPVHAV,False
CAVLSWGNTGKLIF,CASSYTGTSGETQYF,HLA-A*02:01,ALIAPVHAV,False
CAVNWEEQGGSYIPTF,CASSQEGRGIYGYTF,HLA-A*02:01,ALIAPVHAV,False
CAPTGTASKLTF,CASSLGDEAFF,HLA-A*02:01,ALIAPVHAV,False
CATEYSGGSNYKLTF,CASSLALSYEQYF,HLA-A*02:01,ALIAPVHAV,False
CAVAHRGSQGNLIF,CASRQEIMNTEAFF,HLA-A*02:01,ALIAPVHAV,False
CAMRRPISSGSARQLTF,CASSPGLAGDNEQFF,HLA-A*02:01,ALIAPVHAV,False
CALDSSAGFQKLVF,CASWTRQPNQPQHF,HLA-A*02:01,ALIAPVHAV,False
CAASAMDSNYQLIW,CASSSTREKLFF,HLA-A*02:01,ALIAPVHAV,False
CAMREQDAGNMLTF,CASSWDRSYEQYF,HLA-A*02:01,ALIAPVHAV,False
CAVRPPGGGSQGNLIF,CASSFDTPPVYGYTF,HLA-A*02:01,ALIAPVHAV,False
CAVTPNQAGTALIF,CASSAGTETSGNTIYF,HLA-A*02:01,ALIAPVHAV,False
CTSVLWTMGTTDSLL,CASSAPGQGAFNTNEKLFF,HLA-A*02:01,CLLGTYTQDV,False
CAVRGLGSSNTGKLIF,CASMAGTRSPNSPLHF,HLA-A*02:01,CLLGTYTQDV,False
CAVRDDDARLMF,CASSQSGRLADHNEQFF,HLA-A*02:01,CLLGTYTQDV,False
CAFMKQDSNSGYALNF,CATRGTLSTDTQYF,HLA-A*02:01,CLLGTYTQDV,False
CATDAVRDTDKLIF,CASSPYNQPQHF,HLA-A*02:01,CLLGTYTQDV,False
CILRDSEETSGSRLTF,CASSQDSGLNTEAFF,HLA-A*02:01,CLLGTYTQDV,False
CALSEAKLYTGTASKLTF,CASSARDRMIDEQYF,HLA-A*02:01,CLLGTYTQDV,False
CAYRILPIQGAQKLVF,CASSRYSVGYYGYTF,HLA-A*02:01,CLLGTYTQDV,False
CAVTRDDKIIF,CASSDSAGGTDTQYF,HLA-A*02:01,CLLGTYTQDV,False
CAAWEGGGADGLTF,CASSLGTGDYEQYF,HLA-A*02:01,CLLGTYTQDV,False
CAASSGQNFVF,CASSEGWGMYGYTF,HLA-A*02:01,CLLGTYTQDV,False
CAVNTLKAAGNKLTF,CASSLFSHLIDNYGYTF,HLA-A*02:01,CLLGTYTQDV,False
CLVGEGSGAGSYQLTF,CASSLSDSLYNEQFF,HLA-A*02:01,CLLGTYTQDV,False
CAMMGTGGFKTIF,CASSRTGTFYEQYF,HLA-A*02:01,CLLGTYTQDV,False
CAGPSSTLGRLYF,CASSYGGLTYEQYF,HLA-A*02:01,CLLGTYTQDV,False
CAAKEGYSTLTF,CASSSTGGGGKDQPQHF,HLA-A*02:01,CLLGTYTQDV,False
CAGKEGQGFSFIF,CSARDLKTGGGYEKLFF,HLA-A*02:01,CLLGTYTQDV,False
CALQYSGAGSYQLTF,CASSSQIAGATKNIQYF,HLA-A*02:01,CLLGTYTQDV,False
CAASAAMGNTPLVF,CASSLEGGFHGYTF,HLA-A*02:01,CLLGTYTQDV,False
CAMRRPISSGSARQLTF,CASSHPGTRDEKLFF,HLA-A*02:01,CLLGTYTQDV,False
CAVGDNFNKFYF,CASSRDASSYEQYF,HLA-A*02:01,CLLGTYTQDV,False
CVVASGGSYIPTF,CASSQDSYGFSYQETQYF,HLA-A*02:01,CLLGTYTQDV,False
CALDNYGQNFVF,CASSLDPGRGQETQYF,HLA-A*02:01,CLLGTYTQDV,False
CAVSDSGAGSYQLTF,CASSSRQTDYEQYF,HLA-A*02:01,CLLGTYTQDV,False
CAVTLGGSNYKLTF,CSARNPRGEDTEAFF,HLA-A*02:01,CLLGTYTQDV,False
CAETPGSSNTGKLIF,CASSLPAQSSGRFFYEQFF,HLA-A*02:01,CLLGTYTQDV,False
CAMNPAWGGATNKLIF,CASSLMRGGTYNSPLHF,HLA-A*02:01,CLLGTYTQDV,False
CAMREPYTGANSKLTF,CASSQDQGGTEAFF,HLA-A*02:01,CLLGTYTQDV,False
CAGGGSQGNLIF,CASSIRSSYEQYF,HLA-A*02:01,CLLGTYTQDV,False
CALYTGANSKLTF,CASSFKGSYGYTF,HLA-A*02:01,CLLGTYTQDV,False
CVVSDPAGGSYIPTF,CASSLPTQVIPETQYF,HLA-A*02:01,CLLGTYTQDV,False
CALSDPNDYKLSF,CASALQGLPLGTDTQYF,HLA-A*02:01,CLLGTYTQDV,False
CAMIKAAGNKLTF,CASSGVGNYEQYF,HLA-A*02:01,CLLGTYTQDV,False
CAENLGGNQFYF,CASSGSGANEQYF,HLA-A*02:01,CLLGTYTQDV,False
CAAAGSQGNLIF,CAISGQGEYTEAFF,HLA-A*02:01,CLLGTYTQDV,False
CAAEGWAGRENSGGSNYKLTF,CASSLWGGSKETQYF,HLA-A*02:01,CLLGTYTQDV,False
CAYKGSGGSNYKLTF,CSATGLAGGEFTDTQYF,HLA-A*02:01,CLLGTYTQDV,False
CAGNSGNTPLVF,CASSIGNYNEQFF,HLA-A*02:01,CLLGTYTQDV,False
CAMRDEDNYGQNFVF,CSALTSGLLNYNEQFF,HLA-A*02:01,CLLGTYTQDV,False
CAVLSWGNTGKLIF,CASSYTGTSGETQYF,HLA-A*02:01,CLLGTYTQDV,False
CAVNWEEQGGSYIPTF,CASSQEGRGIYGYTF,HLA-A*02:01,CLLGTYTQDV,False
CAPTGTASKLTF,CASSLGDEAFF,HLA-A*02:01,CLLGTYTQDV,False
CATEYSGGSNYKLTF,CASSLALSYEQYF,HLA-A*02:01,CLLGTYTQDV,False
CAVAHRGSQGNLIF,CASRQEIMNTEAFF,HLA-A*02:01,CLLGTYTQDV,False
CAMRRPISSGSARQLTF,CASSPGLAGDNEQFF,HLA-A*02:01,CLLGTYTQDV,False
CALDSSAGFQKLVF,CASWTRQPNQPQHF,HLA-A*02:01,CLLGTYTQDV,False
CAASAMDSNYQLIW,CASSSTREKLFF,HLA-A*02:01,CLLGTYTQDV,False
CAMREQDAGNMLTF,CASSWDRSYEQYF,HLA-A*02:01,CLLGTYTQDV,False
CAVRPPGGGSQGNLIF,CASSFDTPPVYGYTF,HLA-A*02:01,CLLGTYTQDV,False
CAVTPNQAGTALIF,CASSAGTETSGNTIYF,HLA-A*02:01,CLLGTYTQDV,False
CADGENNDMRF,CASSPLGPGEQFF,HLA-A*02:01,CLLWSFQTSA,False
CAGRWLIF,CSVEYPNTGELFF,HLA-A*02:01,CLLWSFQTSA,False
CAGADYGQNFVF,CAWSPDTEAFF,HLA-A*02:01,CLLWSFQTSA,False
CAMREGSNDMRF,CASSTGLAGDNTDTQYF,HLA-A*02:01,CLLWSFQTSA,False
CAMREGRGSNYKLTF,CASSYFSGGARNEQFF,HLA-A*02:01,CLLWSFQTSA,False
CAVKDFNKFYF,CASSQDFGELFF,HLA-A*02:01,CLLWSFQTSA,False
CALVKAAGNKLTF,CASSQDLAGGGETQYF,HLA-A*02:01,CLLWSFQTSA,False
CAVRSSGSARQLTF,CASSQDHRMGGHEKLFF,HLA-A*02:01,CLLWSFQTSA,False
CAMRGLGNQFYF,CASSSPGTAHSYEQYV,HLA-A*02:01,CLLWSFQTSA,False
CAAGWVSQGNLIF,CASSPSYNEQFF,HLA-A*02:01,CLLWSFQTSA,False
CAVGGRIAGAGSYQLTF,CASSPGWGTDHSPLHF,HLA-A*02:01,CLLWSFQTSA,False
CLVGDNDYKLSF,CASSPADTLLDTQYF,HLA-A*02:01,CLLWSFQTSA,False
CAVEESGGSYIPTF,CASSDWDGVSYEQYF,HLA-A*02:01,CLLWSFQTSA,False
CATDAGYSTLTF,CASSPEEFGEDIQYF,HLA-A*02:01,CLLWSFQTSA,False
CAASIGTYKYIF,CASSSTTDPNTGELFF,HLA-A*02:01,CLLWSFQTSA,False
CAASENDYKLSF,CASSLLPRDRGRYEQYF,HLA-A*02:01,CLLWSFQTSA,False
CAMSGTSGTYKYIF,CASSLLAPPPHNEQFF,HLA-A*02:01,CLLWSFQTSA,False
CATALNRF,CSAGTPDQNIQYF,HLA-A*02:01,CLLWSFQTSA,False
CALSEPYGGATNKLIF,CSAKTGYYGYTF,HLA-A*02:01,CLLWSFQTSA,False
CVVPYGGNQFYF,CATTGTGTGELFF,HLA-A*02:01,CLLWSFQTSA,False
CAATPRGGADGLTF,CASRNIWATPAATDTQYF,HLA-A*02:01,CLLWSFQTSA,False
CAGRHNTDKLIF,CASRPGQVYEQYF,HLA-A*02:01,CLLWSFQTSA,False
CAYRRNDKIIF,CASSVSGTAFNSNSPLHF,HLA-A*02:01,CLLWSFQTSA,False
CAVRDGGFGNVLHC,CASSLGWSGHANTGELFF,HLA-A*02:01,CLLWSFQTSA,False
CAVGGSQGNLIF,CASSLSGGNYGYTF,HLA-A*02:01,CLLWSFQTSA,False
CAASEGLGAGGTSYGKLTF,CASRGDRSFRDTQYF,HLA-A*02:01,CLLWSFQTSA,False
CAVPQAGTALIF,CASSPGALNTEAFF,HLA-A*02:01,CLLWSFQTSA,False
CAQRDDKIIF,CASSVSGEHNEQFF,HLA-A*02:01,CLLWSFQTSA,False
CGTDRGSQGNLIF,CSVALGQGDEQYF,HLA-A*02:01,CLLWSFQTSA,False
CATDGDSNYQLIW,CASSLTGGSYEQYF,HLA-A*02:01,CLLWSFQTSA,False
CAEDSNARLMF,CSARSRVGNTIYF,HLA-A*02:01,CLLWSFQTSA,False
CAFILTQGGSEKLVF,CASPPDRGYRDTQYF,HLA-A*02:01,CLLWSFQTSA,False
CGGGGFQKLVF,CASSQVRILREEEDTGELFF,HLA-A*02:01,CLLWSFQTSA,False
CAENGETGNQFYF,CASTLSGRPYEQYF,HLA-A*02:01,CLLWSFQTSA,False
CAHTKRTTSGTYKYIF,CASEGLAGLNEQFF,HLA-A*02:01,CLLWSFQTSA,False
CAFYNNARLMF,CASSLGAGGTEAFF,HLA-A*02:01,CLLWSFQTSA,False
CAVNPMNRDDKIIF,CASSTSTGGNEQFF,HLA-A*02:01,CLLWSFQTSA,False
CAVSSNSGGYQKVTF,CASNMGGLLSTDTQYF,HLA-A*02:01,CLLWSFQTSA,False
CAMRPLTDSWGKLQF,CASSLDGSNQPQHF,HLA-A*02:01,CLLWSFQTSA,False
CATDSDYTGGGNKLTF,CASSQDNGNTEAFF,HLA-A*02:01,CLLWSFQTSA,False
CAVEDYNNDMRF,CAIDTGPNTGELFF,HLA-A*02:01,CLLWSFQTSA,False
CILRDVGTDKLIF,CASSLSPSLAEQYF,HLA-A*02:01,CLLWSFQTSA,False
CAFMIGGSNYKLTF,CASSGSGTAGETQYF,HLA-A*02:01,CLLWSFQTSA,False
CALSVHDGGATNKLIF,CASSQWDFPSSTDTQYF,HLA-A*02:01,CLLWSFQTSA,False
CAVTYSGSARQLTF,CASSPPPTLVVQETQYF,HLA-A*02:01,CLLWSFQTSA,False
CAVSPQSLYRGSTLGRLYF,CASSIGVSGNTIYF,HLA-A*02:01,CLLWSFQTSA,False
CAMMGHGSSNTGKLIF,CASSFYGQGVETQYF,HLA-A*02:01,CLLWSFQTSA,False
CALSEALDDYKLSF,CASSYSRPNEQFF,HLA-A*02:01,CLLWSFQTSA,False
CAESIQAGTALIF,CASSFGQGIIGELFF,HLA-A*02:01,CLLWSFQTSA,False
CAVDSNQAGTALIF,CASSHRGGAKNIQYF,HLA-A*02:01,CLLWSFQTSA,False
CAVMDSNYQLIW,CASSQDHRASYEQYF,HLA-A*02:01,ELAGIGILTV,False
CAQEAGSYQLTF,CASSLGGANTGELFF,HLA-A*02:01,ELAGIGILTV,False
CVVISISNFGNEKLTF,CASSFGKGVYTEAFF,HLA-A*02:01,ELAGIGILTV,False
CADSGGGADGLTF,CASSLGTGGSYEQYF,HLA-A*02:01,ELAGIGILTV,False
CAVRDNKFYF,CASRRGGGTEAFF,HLA-A*02:01,ELAGIGILTV,False
CAASQAGTYKYIF,CASSWGGYNEQFF,HLA-A*02:01,ELAGIGILTV,False
CATAYSGGGADGLTF,CASSLTNPLAGVQETQYF,HLA-A*02:01,ELAGIGILTV,False
CAVMDSSYKLIF,CASSDSTSGGNEQFF,HLA-A*02:01,ELAGIGILTV,False
CAASAQGGSEKLVF,CASSSGGGAFF,HLA-A*02:01,ELAGIGILTV,False
CGTGTGNQFYF,CASSIDLGREYYEQYF,HLA-A*02:01,ELAGIGILTV,False
CAVMVNRDDKIIF,CSATPRPPTF,HLA-A*02:01,ELAGIGILTV,False
CAYFQAGTALIF,CSGGDRVGYTF,HLA-A*02:01,ELAGIGILTV,False
CAMRGNTGNQFYF,CASSIGHRGLQPQHF,HLA-A*02:01,ELAGIGILTV,False
CAVYGGATNKLIF,CASSSKQYYNSPLHF,HLA-A*02:01,ELAGIGILTV,False
CIPGNSGAGSYQLTF,CASSYLPAGVDTEAFF,HLA-A*02:01,ELAGIGILTV,False
CALRRETYKYIF,CAPVRSCNQPQHF,HLA-A*02:01,ELAGIGILTV,False
CAVLGWYDKIIF,CASSLPGQVKAEQYF,HLA-A*02:01,ELAGIGILTV,False
CASGRGGKLIF,CASSYGVEGDTQYF,HLA-A*02:01,ELAGIGILTV,False
CVVSSDSNYQLIW,CAISGAGLRYNSPLHF,HLA-A*02:01,ELAGIGILTV,False
CAGAQGGGSQGNLIF,CASSLRIVDTDEQFF,HLA-A*02:01,ELAGIGILTV,False
CAVRDSAGTALIF,CASSVGTGDHQPQHF,HLA-A*02:01,ELAGIGILTV,False
CAVRANNARLMF,CASSQVGNTEAFF,HLA-A*02:01,ELAGIGILTV,False
CAMREGSNDMRF,CASSIKGPFRTEAFF,HLA-A*02:01,ELAGIGILTV,False
CAASAPGGTSYGKLTF,CASSVAASGSYEQYF,HLA-A*02:01,ELAGIGILTV,False
CAMRDPSGSARQLTF,CASSPRGANVLTF,HLA-A*02:01,ELAGIGILTV,False
CAILNYYGQNFVF,CASEPGTGGGEQFF,HLA-A*02:01,ELAGIGILTV,False
CAMRRPISSGSARQLTF,CASSPAGTSGKVWGTDTQYF,HLA-A*02:01,ELAGIGILTV,False
CAVNEQGGTSYGKLTF,CASSDSAGSGQPQHF,HLA-A*02:01,ELAGIGILTV,False
CAAPNTGNQFYF,CASSLGRNYEQYF,HLA-A*02:01,ELAGIGILTV,False
CALLNGGDSGAGSYQLTF,CASSQDQGTDTQYF,HLA-A*02:01,ELAGIGILTV,False
CAGLQRGF,CASRSTGGPDTEAFF,HLA-A*02:01,ELAGIGILTV,False
CGADGGGTYKYIF,CSYSAGEDQPQHF,HLA-A*02:01,ELAGIGILTV,False
CAVSEDNNDMRF,CASSLRDGSEAFF,HLA-A*02:01,ELAGIGILTV,False
CAGYSGGGADGLTF,CASKQGYWTEAFF,HLA-A*02:01,ELAGIGILTV,False
CAFGFNNARLMF,CASGLVEGDSKNIQYF,HLA-A*02:01,ELAGIGILTV,False
CALSEAGSDGQKLLF,CASSPELAGVYSTDTQYF,HLA-A*02:01,ELAGIGILTV,False
CAGQLETDSWGKLQF,CASSYGEGSPPHEQYF,HLA-A*02:01,ELAGIGILTV,False
CAASMEGFGNVLHC,CASSVEGYRGETQYF,HLA-A*02:01,ELAGIGILTV,False
CVVNTGGFKTIF,CASSWGAEGEKLFF,HLA-A*02:01,ELAGIGILTV,False
CAYPGTSGYALNF,CASSLDGGRNGYTF,HLA-A*02:01,ELAGIGILTV,False
CAAAGAGSYQLTF,CASRWANEQFF,HLA-A*02:01,ELAGIGILTV,False
CAALVGANNLFF,CASSPPGRASYEQYF,HLA-A*02:01,ELAGIGILTV,False
CAGLLPGGGADGLTF,CASSFTLRPGRGGYTF,HLA-A*02:01,ELAGIGILTV,False
CAVKSANFGNEKLTF,CASSGLVVGQETQYF,HLA-A*02:01,ELAGIGILTV,False
CALKAGYSTLTF,CSGQPPGRGHEQFF,HLA-A*02:01,ELAGIGILTV,False
CAVRPLSSGANNLFF,CASSLEVAGLDYTF,HLA-A*02:01,ELAGIGILTV,False
CAEDRDGQKLLF,CASSSTGTANTEAFF,HLA-A*02:01,ELAGIGILTV,False
CAYRSGWGDMRF,CASSSNLVDPGKETEAFF,HLA-A*02:01,ELAGIGILTV,False
CAASETSYDKVIF,CASRLRGTNEKLFF,HLA-A*02:01,ELAGIGILTV,False
CIVRVNAGNMLTF,CSVGSGDHGEQFF,HLA-A*02:01,ELAGIGILTV,False
CAEIPPPFSGGYNKLIF,CASSQVTGGNTEAFF,HLA-A*02:01,FLASKIGRLV,False
CAAIYGGSQGNLIF,CASSVDRETGNTEAFF,HLA-A*02:01,FLASKIGRLV,False
CALEFGGDSSYKLIF,CASSIGGGVQETQYF,HLA-A*02:01,FLASKIGRLV,False
CVVDTGTASKLTF,CASKVVTESTDTQYF,HLA-A*02:01,FLASKIGRLV,False
CAVRDDQGSYIPTF,CASSQGLEDYEQYF,HLA-A*02:01,FLASKIGRLV,False
CAVRSFSGGYNKLIF,CASSLAGDSYEQYF,HLA-A*02:01,FLASKIGRLV,False
CATDKTDTGRRALTF,CASSEGGGGTEAFF,HLA-A*02:01,FLASKIGRLV,False
CAVSDKSSYKLIF,CASSPHGGGTEQETQYF,HLA-A*02:01,FLASKIGRLV,False
CAYNGAGGTSYGKLTF,CASSQGMAGPLSYGYTF,HLA-A*02:01,FLASKIGRLV,False
CAVIPLVF,CASSLGGADGYTF,HLA-A*02:01,FLASKIGRLV,False
CAESEGPTYTDKLIF,CASSRETGSGNTIYF,HLA-A*02:01,FLASKIGRLV,False
CVVASGGSYIPTF,CASSQDSYGFSYQETQYF,HLA-A*02:01,FLASKIGRLV,False
CALSETVISNFGNEKLTF,CASSPSMTGIMSDEQFF,HLA-A*02:01,FLASKIGRLV,False
CAMHGSGAGSYQLTF,CASRQTGTGNTIYF,HLA-A*02:01,FLASKIGRLV,False
CAAPSSDSWGKLQF,CASSLYGDRSYEQYF,HLA-A*02:01,FLASKIGRLV,False
CAASVATGANSKLTF,CASSLGGTQYF,HLA-A*02:01,FLASKIGRLV,False
CALSVPEGETGANNLFF,CASSLSMNTEAFF,HLA-A*02:01,FLASKIGRLV,False
CALSEGGRSGGGADGLTF,CASSPPDRALDLYTF,HLA-A*02:01,FLASKIGRLV,False
CAGGSIRQGAQKLVF,CASSSGQGNYGYTF,HLA-A*02:01,FLASKIGRLV,False
CVFMDSNYQLIW,CSADLSRTQLQETQYF,HLA-A*02:01,FLASKIGRLV,False
CVVIYNTDKLIF,CASSFGLAGSVGELFF,HLA-A*02:01,FLASKIGRLV,False
CAVRVSGAGSYQLTF,CSATGTDNYGYTF,HLA-A*02:01,FLASKIGRLV,False
CVVRWGNEKLTF,CATSAIQNTGELFF,HLA-A*02:01,FLASKIGRLV,False
CAVNSHDYKLSF,CASSPGGPGTGELFF,HLA-A*02:01,FLASKIGRLV,False
CSPHNSGAGSYQLTF,CASSLGLAGVNEQFF,HLA-A*02:01,FLASKIGRLV,False
CATDESGAGSYQLTF,CATSEGRLQETQYF,HLA-A*02:01,FLASKIGRLV,False
CATAGLGLGVTNSLS,CASSQTGVHGYTF,HLA-A*02:01,FLASKIGRLV,False
CAIPGAAGNKLTF,CASSLNRGGTRRYNEQFF,HLA-A*02:01,FLASKIGRLV,False
CAVDTGFQKLVF,CASSRTHTGELFF,HLA-A*02:01,FLASKIGRLV,False
CVVNRRGNKLVF,CASTGLAGYNEQFF,HLA-A*02:01,FLASKIGRLV,False
CAVRDYKLSF,CASSVDTPPGNTIYF,HLA-A*02:01,FLASKIGRLV,False
CAFIPFPDKLIF,CASRNRNTGELFF,HLA-A*02:01,FLASKIGRLV,False
CAGAQGRDDKIIF,CASSLGNTEAFF,HLA-A*02:01,FLASKIGRLV,False
CAATGLGSARQLTF,CAISESGPPPDPLHF,HLA-A*02:01,FLASKIGRLV,False
CAVSEVGNNRLAF,CATSGAEENTGELFF,HLA-A*02:01,FLASKIGRLV,False
CVVTYSGGGADGLTF,CATSRDLGINQPQHF,HLA-A*02:01,FLASKIGRLV,False
CAASASYFGNEKLTF,CSARVRGLNTEAFF,HLA-A*02:01,FLASKIGRLV,False
CAPAGGGGNKLTF,CASSLAQASTDTQYF,HLA-A*02:01,FLASKIGRLV,False
CAGDMDSSYKLIF,CASSFRETQYF,HLA-A*02:01,FLASKIGRLV,False
CALSEAPGAPDGLTF,CASSPPGGGNTGELFF,HLA-A*02:01,FLASKIGRLV,False
CAGQGDKLIF,CASSLWGLYNEQFF,HLA-A*02:01,FLASKIGRLV,False
CAAREMEYGNKLVF,CASSERMLVQTQYF,HLA-A*02:01,FLASKIGRLV,False
CAVDLMKTSYDKVIF,CASSPRTGGSDTQYF,HLA-A*02:01,FLASKIGRLV,False
CAVEYFGNEKLTF,CATRHRAEQFF,HLA-A*02:01,FLASKIGRLV,False
CAVLNYGGSQGNLIF,CASSLGPGNTEAFF,HLA-A*02:01,FLASKIGRLV,False
CAELLYGNNRLAF,CASRHEAGEGPETQYF,HLA-A*02:01,FLASKIGRLV,False
CAVGGTGRRALTF,CASSQAEGAGTEAFF,HLA-A*02:01,FLASKIGRLV,False
CIVRANTGFQKLVF,CASGASGTNSGNTIYF,HLA-A*02:01,FLASKIGRLV,False
CALSEANSGYALNF,CASSHSSGRADEQYF,HLA-A*02:01,FLASKIGRLV,False
CAVEVGSTDKLIF,CASSEGGVAEQYF,HLA-A*02:01,FLASKIGRLV,False
CAMREDQSSGYSTLTF,CASSYGNTEAFF,HLA-A*02:01,IMDQVPFSV,False
CAEEEAGNNRKLIW,CASSIYAGGYTGELFF,HLA-A*02:01,IMDQVPFSV,False
CHAGGTSYGKLTF,CSVGLAGDRQETQYF,HLA-A*02:01,IMDQVPFSV,False
CAEAYSSASKIIF,CASSPEGALTNYGYTF,HLA-A*02:01,IMDQVPFSV,False
CAATKAAGNKLTF,CASNSGRSSYEQYF,HLA-A*02:01,IMDQVPFSV,False
CAASRDGDSWGKLQF,CASSIGPAGGYGYTF,HLA-A*02:01,IMDQVPFSV,False
CVVTITERAGNNRKLIW,CASSLAAGGGKETQYF,HLA-A*02:01,IMDQVPFSV,False
CAAYSGTYKYIF,CATSRDIASQETQYF,HLA-A*02:01,IMDQVPFSV,False
CAYRSAGTGNQFYF,CASSSRQFHQPQHF,HLA-A*02:01,IMDQVPFSV,False
CAGAGSGTYKYIF,CASSQGQVAYEQYF,HLA-A*02:01,IMDQVPFSV,False
CALTYFGGSNYKLTF,CASRRRGGWQETQYF,HLA-A*02:01,IMDQVPFSV,False
CAASETGRRALTF,CASSLGDGNYEQYF,HLA-A*02:01,IMDQVPFSV,False
CAVREYSTLTF,CASTGTSGGPTLRDEQFF,HLA-A*02:01,IMDQVPFSV,False
CVVKSDGINYGQNFVF,CASSTGAHEQFF,HLA-A*02:01,IMDQVPFSV,False
CAVRAAAGANNLFF,CASSFRGQGNEQYF,HLA-A*02:01,IMDQVPFSV,False
CAVDSAQKLVF,CASSEWRAETQYF,HLA-A*02:01,IMDQVPFSV,False
CAVRDGRGFGNVLHC,CASRPFGPSYEQYF,HLA-A*02:01,IMDQVPFSV,False
CAVRDLDGNNRLAF,CSADNSGTPGYTF,HLA-A*02:01,IMDQVPFSV,False
CAVTDSNYQLIW,CASSQEGGGQETQYF,HLA-A*02:01,IMDQVPFSV,False
CAIGDQTGANNLFF,CASLISGTDTQYF,HLA-A*02:01,IMDQVPFSV,False
CAVRDDQGSYIPTF,CASSQGLEDYEQYF,HLA-A*02:01,IMDQVPFSV,False
CAVSGGGQKLLF,CSAPGQGSSEQYF,HLA-A*02:01,IMDQVPFSV,False
CAVRDIRYGGATNKLIF,CASSSEDSGDQPQHF,HLA-A*02:01,IMDQVPFSV,False
CAEESMDTGRRALTF,CASSVYSTEAFF,HLA-A*02:01,IMDQVPFSV,False
CAGRSGGSNYKLTF,CASSSGLAATDTQYF,HLA-A*02:01,IMDQVPFSV,False
CALSEAEGTSGSARQLTF,CATSDPGHGYTF,HLA-A*02:01,IMDQVPFSV,False
CAVQGNAGNMLTF,CASSQAGSLIYEQYF,HLA-A*02:01,IMDQVPFSV,False
CAVRDDIGGNMLTF,CASSQGSNQPQHF,HLA-A*02:01,IMDQVPFSV,False
CATDDSGGSNYKLTF,CASGIGSYNEQFF,HLA-A*02:01,IMDQVPFSV,False
CAVNLYAGNMLTF,CASSLGAIGTYNEQFF,HLA-A*02:01,IMDQVPFSV,False
CAEIGVWGNTPLVF,CASRPGTAYIEAFF,HLA-A*02:01,IMDQVPFSV,False
CLVGDPGRGGYNKLIF,CASTEQGGNSGNTIYF,HLA-A*02:01,IMDQVPFSV,False
CAASMNRDDKIIF,CASSLAGGLTDTQYF,HLA-A*02:01,IMDQVPFSV,False
CALGNTGKLIF,CASSLLGSLNTEAFF,HLA-A*02:01,IMDQVPFSV,False
CVVSVDFGNEKLTF,CASRRQGAEQFF,HLA-A*02:01,IMDQVPFSV,False
CAMTSNTGNQFYF,CASSVVVGTGELFF,HLA-A*02:01,IMDQVPFSV,False
CAVTGTASKLTF,CASSPEEPDNEQFF,HLA-A*02:01,IMDQVPFSV,False
CAGPRMDSSYKLIF,CASSVEGPDNEQFF,HLA-A*02:01,IMDQVPFSV,False
CAVGYESGNKLVF,CASSLFGGGGTEAFF,HLA-A*02:01,IMDQVPFSV,False
CAVQATVGSYIPTF,CASDSDTQYF,HLA-A*02:01,IMDQVPFSV,False
CAFSMDTGRRALTF,CASSYVGLVLNTGELFF,HLA-A*02:01,IMDQVPFSV,False
CAFTTGKLIF,CASSLRGGGSYTF,HLA-A*02:01,IMDQVPFSV,False
CAVPSGGYNKLIF,CASGLDSSSGNTIYF,HLA-A*02:01,IMDQVPFSV,False
CAAGHASGGSYIPTF,CASSFEQGRADTQYF,HLA-A*02:01,IMDQVPFSV,False
CAMREVTGGYNKLIF,CASSLSTGTSNYGYTF,HLA-A*02:01,IMDQVPFSV,False
CAVQADDYKLSF,CASSPTGSNEKLFF,HLA-A*02:01,IMDQVPFSV,False
CAAMDSNYQLIW,CSALGTSGMVTDTQYF,HLA-A*02:01,IMDQVPFSV,False
CAFIGDAGGTSYGKLTF,CASSDLVIGELFF,HLA-A*02:01,IMDQVPFSV,False
CTSRSGGSNYKLTF,CASSVHNSAETQYF,HLA-A*02:01,IMDQVPFSV,False
CALTPFYNQGGKLIF,CASTAKGQARNEQFF,HLA-A*02:01,IMDQVPFSV,False
CAPPYGNNRLAF,CASSSGTAAYEQYF,HLA-A*02:01,KLQCVDLHV,False
CAASITGGTSYGKLTF,CSVGRISSYNEQFF,HLA-A*02:01,KLQCVDLHV,False
CAVENNARLMF,CASSSGTGELFF,HLA-A*02:01,KLQCVDLHV,False
CAVASRLMF,CASSYPGQGSTEAFF,HLA-A*02:01,KLQCVDLHV,False
CAMREGRGSNYKLTF,CASSYFSGGARNEQFF,HLA-A*02:01,KLQCVDLHV,False
CAVKPIRDDKIIF,CASSVSDGGGSAEAFF,HLA-A*02:01,KLQCVDLHV,False
CALSEAKLYTGTASKLTF,CASSARDRMIDEQYF,HLA-A*02:01,KLQCVDLHV,False
CAYLIQGAQKLVF,CASSPPETGGGYTF,HLA-A*02:01,KLQCVDLHV,False
CAVTRDDKIIF,CASRETGSGYNEQFF,HLA-A*02:01,KLQCVDLHV,False
CAVRREAGNMLTF,CASSLGRVEGGTEAFF,HLA-A*02:01,KLQCVDLHV,False
CAASSGQNFVF,CASSEGWGMYGYTF,HLA-A*02:01,KLQCVDLHV,False
CALSEDRRGSEKLVF,CASSAIGGDFEKLFF,HLA-A*02:01,KLQCVDLHV,False
CAMRREGGYQKVTF,CASSSPGYTQYF,HLA-A*02:01,KLQCVDLHV,False
CAESETGGYNKLIF,CASSLNEQFF,HLA-A*02:01,KLQCVDLHV,False
CLVGQGGFKTIF,CASSSLTDTGVEAFF,HLA-A*02:01,KLQCVDLHV,False
CAYNGGGATNKLIF,CAWETGVGDTQYF,HLA-A*02:01,KLQCVDLHV,False
CAQTDSWGKLQF,CASSQASDRRYEQYF,HLA-A*02:01,KLQCVDLHV,False
CAVGTARLMF,CASSPHFQVDTGELFF,HLA-A*02:01,KLQCVDLHV,False
CATSDSWGKLQF,CASSPLEGGYEQYF,HLA-A*02:01,KLQCVDLHV,False
CAATMIKAAGNKLTF,CASSLGGGEQFF,HLA-A*02:01,KLQCVDLHV,False
CAVGDNFNKFYF,CASSRDLSGANVLTF,HLA-A*02:01,KLQCVDLHV,False
CVVASGGSYIPTF,CASSQDSYGFSYQETQYF,HLA-A*02:01,KLQCVDLHV,False
CALDNYGQNFVF,CASSLDPGRGQETQYF,HLA-A*02:01,KLQCVDLHV,False
CAVRYSGAGSYQLTF,CASSLGLGSSYEQYF,HLA-A*02:01,KLQCVDLHV,False
CAVEGNTPLVF,CASSPPSPGLALNEQFF,HLA-A*02:01,KLQCVDLHV,False
CAVRRAGNMLTF,CASTDRTRLNEQYF,HLA-A*02:01,KLQCVDLHV,False
CAMNPAWGGATNKLIF,CASSLMRGGTYNSPLHF,HLA-A*02:01,KLQCVDLHV,False
CAMREPYTGANSKLTF,CASSQDQGGTEAFF,HLA-A*02:01,KLQCVDLHV,False
CAVRDIHDTGNQFYF,CASSLRIFYTQYF,HLA-A*02:01,KLQCVDLHV,False
CAASSTGANSKLTF,CASSVRSSMNTEAFF,HLA-A*02:01,KLQCVDLHV,False
CAMNSGNTPLVF,CASSLATILAGGPGELFF,HLA-A*02:01,KLQCVDLHV,False
CALRTANDYKLSF,CASSYQATGPQETQYF,HLA-A*02:01,KLQCVDLHV,False
CAVSSNSGGYQKVTF,CASNMGGLLSTDTQYF,HLA-A*02:01,KLQCVDLHV,False
CAENLGGNQFYF,CASSGSGANEQYF,HLA-A*02:01,KLQCVDLHV,False
CAVSPDDKIIF,CASSLNSYEQYF,HLA-A*02:01,KLQCVDLHV,False
CAAEGWAGRENSGGSNYKLTF,CASSLWGGSKETQYF,HLA-A*02:01,KLQCVDLHV,False
CAVRSQAGTALIF,CASSLSANQPQHF,HLA-A*02:01,KLQCVDLHV,False
CADTRNSGNTPLVF,CASSQEYASDTGELFF,HLA-A*02:01,KLQCVDLHV,False
CAMRDEDNYGQNFVF,CSALTSGLLNYNEQFF,HLA-A*02:01,KLQCVDLHV,False
CAVLSGNTGKLIF,CASSLGTWELFF,HLA-A*02:01,KLQCVDLHV,False
CAVNWEEQGGSYIPTF,CASSQEGRGIYGYTF,HLA-A*02:01,KLQCVDLHV,False
CAPTGTASKLTF,CASSLGDEAFF,HLA-A*02:01,KLQCVDLHV,False
CAVQGLNSGYALNF,CSAPRRTTEAFF,HLA-A*02:01,KLQCVDLHV,False
CILKKYGAQKLVF,CASSARSSTEQYF,HLA-A*02:01,KLQCVDLHV,False
CAVMDSNYQLIW,CASSESLAGGYTDTQYF,HLA-A*02:01,KLQCVDLHV,False
CALSAANAGKSTF,CASSIYRTGDLNTEAFF,HLA-A*02:01,KLQCVDLHV,False
CAVSENNQGGKLIF,CASSLNSYGYTF,HLA-A*02:01,KLQCVDLHV,False
CAMREQDAGNMLTF,CASSWDRSYEQYF,HLA-A*02:01,KLQCVDLHV,False
CAETLESARLMF,CASSLAVGGGEQYF,HLA-A*02:01,KLQCVDLHV,False
CATHYKAAGNKLTF,CASSSILQGVLEETQYF,HLA-A*02:01,KLQCVDLHV,False
CAEIPPPFSGGYNKLIF,CASSQVTGGNTEAFF,HLA-A*02:01,KTWGQYWQV,False
CAAFLQGGGSQGNLIF,CASSVVSGAETQYF,HLA-A*02:01,KTWGQYWQV,False
CALEFGGDSSYKLIF,CASSIGGGVQETQYF,HLA-A*02:01,KTWGQYWQV,False
CVVSNDNNDMRF,CASSVMSYGYTF,HLA-A*02:01,KTWGQYWQV,False
CAVRDDQGSYIPTF,CASSQGLEDYEQYF,HLA-A*02:01,KTWGQYWQV,False
CAVRSFSGGYNKLIF,CASSPTTGGRNEKLFF,HLA-A*02:01,KTWGQYWQV,False
CATDKTDTGRRALTF,CASSEGGGGTEAFF,HLA-A*02:01,KTWGQYWQV,False
CAVRDRSGMDSSYKLIF,CASSSERVAYNEQFF,HLA-A*02:01,KTWGQYWQV,False
CAYMVNAGGTSYGKLTF,CASSLGSYGYTF,HLA-A*02:01,KTWGQYWQV,False
CAVIISGNTPLVF,CASSLGGDTEAFF,HLA-A*02:01,KTWGQYWQV,False
CAESEGPTYTDKLIF,CASRPPAAAADKTQYF,HLA-A*02:01,KTWGQYWQV,False
CVVASGGSYIPTF,CASSQDSYGFSYQETQYF,HLA-A*02:01,KTWGQYWQV,False
CALSETVISNFGNEKLTF,CASSPSMTGIMSDEQFF,HLA-A*02:01,KTWGQYWQV,False
CAMHGSGAGSYQLTF,CASRQTGTGNTIYF,HLA-A*02:01,KTWGQYWQV,False
CAAPSSDSWGKLQF,CASSLYGDRSYEQYF,HLA-A*02:01,KTWGQYWQV,False
CAAVKGAQKLVF,CASSLEWGGETQYF,HLA-A*02:01,KTWGQYWQV,False
CALSVPEGETGANNLFF,CASSLSMNTEAFF,HLA-A*02:01,KTWGQYWQV,False
CALSEGGRSGGGADGLTF,CASSPPDRALDLYTF,HLA-A*02:01,KTWGQYWQV,False
CAGQLESGGSNYKLTF,CATGPGNEQFF,HLA-A*02:01,KTWGQYWQV,False
CVFMDSNYQLIW,CSADLSRTQLQETQYF,HLA-A*02:01,KTWGQYWQV,False
CVVNVGYQLIW,CASSPPPLSGGYTEQFF,HLA-A*02:01,KTWGQYWQV,False
CAVRVSGAGSYQLTF,CSATGTDNYGYTF,HLA-A*02:01,KTWGQYWQV,False
CVVRWGNEKLTF,CATSAIQNTGELFF,HLA-A*02:01,KTWGQYWQV,False
CAVNSHDYKLSF,CASSPGGPGTGELFF,HLA-A*02:01,KTWGQYWQV,False
CILRPYRLGAGSYQLTF,CASSPIPHQPQHF,HLA-A*02:01,KTWGQYWQV,False
CATDGSGAGSYQLTF,CASSPRPAGNTEAFF,HLA-A*02:01,KTWGQYWQV,False
CATPRGGNAGKSTF,CSVFFGTGELFF,HLA-A*02:01,KTWGQYWQV,False
CAIPGAAGNKLTF,CASSLNRGGTRRYNEQFF,HLA-A*02:01,KTWGQYWQV,False
CAVGGTGFQKLVF,CASSEALNEQYF,HLA-A*02:01,KTWGQYWQV,False
CVAGEEYGNKLVF,CASFEVRDRGTGELFF,HLA-A*02:01,KTWGQYWQV,False
CAVRDPNDYKLSF,CATSRRAQGVNYGYTF,HLA-A*02:01,KTWGQYWQV,False
CAFFGGSTDKLIF,CASSNTGRREQYF,HLA-A*02:01,KTWGQYWQV,False
CAGAGGGEDDKIIF,CASSQVQTVPEQYF,HLA-A*02:01,KTWGQYWQV,False
CAASVGSARQLTF,CASSERPLYTGELFF,HLA-A*02:01,KTWGQYWQV,False
CAVSDLWEQQTRF,CASSRQGDPYGYTF,HLA-A*02:01,KTWGQYWQV,False
CVVSEGYSGGGADGLTF,CATGQGPSYEQYF,HLA-A*02:01,KTWGQYWQV,False
CAASASNFGNEKLTF,CASSLAVREQFF,HLA-A*02:01,KTWGQYWQV,False
CALPGTGGGNKLTF,CASSLISSLNEQFF,HLA-A*02:01,KTWGQYWQV,False
CAGQLSGGYQKVTF,CSARDQLREDNYGYTF,HLA-A*02:01,KTWGQYWQV,False
CALSEAGGGADGLTF,CASSDWPDRQETQYF,HLA-A*02:01,KTWGQYWQV,False
CAGQGDKLIF,CASSLWGLYNEQFF,HLA-A*02:01,KTWGQYWQV,False
CAASAGVGEYGNKLVF,CASSNRAGVEQYF,HLA-A*02:01,KTWGQYWQV,False
CAVDLMKTSYDKVIF,CASSPRTGGSDTQYF,HLA-A*02:01,KTWGQYWQV,False
CAVAPSNFGNEKLTF,CASSLSVEAFF,HLA-A*02:01,KTWGQYWQV,False
CAVLNYGGSQGNLIF,CASSLGPGNTEAFF,HLA-A*02:01,KTWGQYWQV,False
CAELLYGNNRLAF,CASRLAGGGEQYF,HLA-A*02:01,KTWGQYWQV,False
CAVGTGRRALTF,CASRATLQFTEAFF,HLA-A*02:01,KTWGQYWQV,False
CIVRTEGGFQKLVF,CASSLTLPSGGKETQYF,HLA-A*02:01,KTWGQYWQV,False
CALSEANSGYALNF,CASSHSSGRADEQYF,HLA-A*02:01,KTWGQYWQV,False
CAVEVGSTDKLIF,CASSEGGVAEQYF,HLA-A*02:01,KTWGQYWQV,False
CTSVLWTMGTTDSLL,CASSAPGQGAFNTNEKLFF,HLA-A*02:01,KVAELVHFL,False
CAVRGLGSSNTGKLIF,CASMAGTRSPNSPLHF,HLA-A*02:01,KVAELVHFL,False
CAVRDDDARLMF,CASSQSGRLADHNEQFF,HLA-A*02:01,KVAELVHFL,False
CAFMKQDSNSGYALNF,CATRGTLSTDTQYF,HLA-A*02:01,KVAELVHFL,False
CATDAVRDTDKLIF,CASSPYNQPQHF,HLA-A*02:01,KVAELVHFL,False
CILRDSEETSGSRLTF,CASSQDSGLNTEAFF,HLA-A*02:01,KVAELVHFL,False
CALSEAKLYTGTASKLTF,CASSARDRMIDEQYF,HLA-A*02:01,KVAELVHFL,False
CAYRILPIQGAQKLVF,CASSRYSVGYYGYTF,HLA-A*02:01,KVAELVHFL,False
CAVTRDDKIIF,CASSDSAGGTDTQYF,HLA-A*02:01,KVAELVHFL,False
CAAWEGGGADGLTF,CASSLGTGDYEQYF,HLA-A*02:01,KVAELVHFL,False
CAASSGQNFVF,CASSEGWGMYGYTF,HLA-A*02:01,KVAELVHFL,False
CAVNTLKAAGNKLTF,CASSLFSHLIDNYGYTF,HLA-A*02:01,KVAELVHFL,False
CLVGEGSGAGSYQLTF,CASSLSDSLYNEQFF,HLA-A*02:01,KVAELVHFL,False
CAMMGTGGFKTIF,CASSRTGTFYEQYF,HLA-A*02:01,KVAELVHFL,False
CAGPSSTLGRLYF,CASSYGGLTYEQYF,HLA-A*02:01,KVAELVHFL,False
CAAKEGYSTLTF,CASSSTGGGGKDQPQHF,HLA-A*02:01,KVAELVHFL,False
CAGKEGQGFSFIF,CSARDLKTGGGYEKLFF,HLA-A*02:01,KVAELVHFL,False
CALQYSGAGSYQLTF,CASSSQIAGATKNIQYF,HLA-A*02:01,KVAELVHFL,False
CAASAAMGNTPLVF,CASSLEGGFHGYTF,HLA-A*02:01,KVAELVHFL,False
CAMRRPISSGSARQLTF,CASSHPGTRDEKLFF,HLA-A*02:01,KVAELVHFL,False
CAVGDNFNKFYF,CASSRDASSYEQYF,HLA-A*02:01,KVAELVHFL,False
CVVASGGSYIPTF,CASSQDSYGFSYQETQYF,HLA-A*02:01,KVAELVHFL,False
CALDNYGQNFVF,CASSLDPGRGQETQYF,HLA-A*02:01,KVAELVHFL,False
CAVSDSGAGSYQLTF,CASSSRQTDYEQYF,HLA-A*02:01,KVAELVHFL,False
CAVTLGGSNYKLTF,CSARNPRGEDTEAFF,HLA-A*02:01,KVAELVHFL,False
CAETPGSSNTGKLIF,CASSLPAQSSGRFFYEQFF,HLA-A*02:01,KVAELVHFL,False
CAMNPAWGGATNKLIF,CASSLMRGGTYNSPLHF,HLA-A*02:01,KVAELVHFL,False
CAMREPYTGANSKLTF,CASSQDQGGTEAFF,HLA-A*02:01,KVAELVHFL,False
CAGGGSQGNLIF,CASSIRSSYEQYF,HLA-A*02:01,KVAELVHFL,False
CALYTGANSKLTF,CASSFKGSYGYTF,HLA-A*02:01,KVAELVHFL,False
CVVSDPAGGSYIPTF,CASSLPTQVIPETQYF,HLA-A*02:01,KVAELVHFL,False
CALSDPNDYKLSF,CASALQGLPLGTDTQYF,HLA-A*02:01,KVAELVHFL,False
CAMIKAAGNKLTF,CASSGVGNYEQYF,HLA-A*02:01,KVAELVHFL,False
CAENLGGNQFYF,CASSGSGANEQYF,HLA-A*02:01,KVAELVHFL,False
CAAAGSQGNLIF,CAISGQGEYTEAFF,HLA-A*02:01,KVAELVHFL,False
CAAEGWAGRENSGGSNYKLTF,CASSLWGGSKETQYF,HLA-A*02:01,KVAELVHFL,False
CAYKGSGGSNYKLTF,CSATGLAGGEFTDTQYF,HLA-A*02:01,KVAELVHFL,False
CAGNSGNTPLVF,CASSIGNYNEQFF,HLA-A*02:01,KVAELVHFL,False
CAMRDEDNYGQNFVF,CSALTSGLLNYNEQFF,HLA-A*02:01,KVAELVHFL,False
CAVLSWGNTGKLIF,CASSYTGTSGETQYF,HLA-A*02:01,KVAELVHFL,False
CAVNWEEQGGSYIPTF,CASSQEGRGIYGYTF,HLA-A*02:01,KVAELVHFL,False
CAPTGTASKLTF,CASSLGDEAFF,HLA-A*02:01,KVAELVHFL,False
CATEYSGGSNYKLTF,CASSLALSYEQYF,HLA-A*02:01,KVAELVHFL,False
CAVAHRGSQGNLIF,CASRQEIMNTEAFF,HLA-A*02:01,KVAELVHFL,False
CAMRRPISSGSARQLTF,CASSPGLAGDNEQFF,HLA-A*02:01,KVAELVHFL,False
CALDSSAGFQKLVF,CASWTRQPNQPQHF,HLA-A*02:01,KVAELVHFL,False
CAASAMDSNYQLIW,CASSSTREKLFF,HLA-A*02:01,KVAELVHFL,False
CAMREQDAGNMLTF,CASSWDRSYEQYF,HLA-A*02:01,KVAELVHFL,False
CAVRPPGGGSQGNLIF,CASSFDTPPVYGYTF,HLA-A*02:01,KVAELVHFL,False
CAVTPNQAGTALIF,CASSAGTETSGNTIYF,HLA-A*02:01,KVAELVHFL,False
CAVEPLYGNKLVW,CATSDRLAGGELFF,HLA-A*02:01,KVLEYVIKV,False
CALGSSNDYKLSF,CASSSGGVEAFF,HLA-A*02:01,KVLEYVIKV,False
CACLYGGATNKLIF,CASSTGGPQFF,HLA-A*02:01,KVLEYVIKV,False
CAVRDVGSARQLTF,CASSLFGAGGEETQYF,HLA-A*02:01,KVLEYVIKV,False
CATDALTGGFKTIF,CASRDGDRVEQYF,HLA-A*02:01,KVLEYVIKV,False
CAHGYKLSF,CSACPGLAGGPYEQYF,HLA-A*02:01,KVLEYVIKV,False
CALSPRGLYSGAGSYQLTF,CASSLIGTGLTLAKNIQYF,HLA-A*02:01,KVLEYVIKV,False
CAMRDPSGTYKYIF,CASSQDPSRTYEQYF,HLA-A*02:01,KVLEYVIKV,False
CAYWGSPGANNLFF,CASSQELGTEQYF,HLA-A*02:01,KVLEYVIKV,False
CAAGGYNKLIF,CASTGSEVYTF,HLA-A*02:01,KVLEYVIKV,False
CAARYYTTSGTYKYIF,CASSLARTGLTDTQYF,HLA-A*02:01,KVLEYVIKV,False
CAIGPGNMLTF,CASSLTPGEYSNQPQHF,HLA-A*02:01,KVLEYVIKV,False
CAASAFIGKSTF,CASSFRLEQFF,HLA-A*02:01,KVLEYVIKV,False
CAVRDSNYQLIW,CASSEASGGANIQYF,HLA-A*02:01,KVLEYVIKV,False
CAASASEYTGNQFYF,CASSLDSSNQPQHF,HLA-A*02:01,KVLEYVIKV,False
CALSEWRNDYKLSF,CATGQGAIGESKNIQYF,HLA-A*02:01,KVLEYVIKV,False
CAYRRGYGNKLVF,CASSVSLVNEQFF,HLA-A*02:01,KVLEYVIKV,False
CALIPDSNYQLIW,CASSWKGLGNQPQHF,HLA-A*02:01,KVLEYVIKV,False
CAASKDSGYALNF,CASSLGAGDTQYF,HLA-A*02:01,KVLEYVIKV,False
CAAVNAGNMLTF,CASSQGSYNEQFF,HLA-A*02:01,KVLEYVIKV,False
CLNDMRF,CASSQGPGQGVREKLFF,HLA-A*02:01,KVLEYVIKV,False
CAERQLEYGNKLVF,CATRGGTEAFF,HLA-A*02:01,KVLEYVIKV,False
CAMREPDQTGANNLFF,CASSYRRVQDEQYF,HLA-A*02:01,KVLEYVIKV,False
CATDASGGFKTIF,CASSLGSGSTNYGYTF,HLA-A*02:01,KVLEYVIKV,False
CALSELNSGNTPLVF,CASSFPESLVTGGDPTEAFF,HLA-A*02:01,KVLEYVIKV,False
CATRGSTLGRLYF,CASSHGGGSEQFF,HLA-A*02:01,KVLEYVIKV,False
CAVSDLWEYGNKLVF,CASSSGTSGEQFF,HLA-A*02:01,KVLEYVIKV,False
CAVKSGSNYQLIW,CASKGLADNEQFF,HLA-A*02:01,KVLEYVIKV,False
CAASADYKLSF,CASRKGGGEETQYF,HLA-A*02:01,KVLEYVIKV,False
CAVRTGGFKTIF,CASSIRGLAGPYEQYV,HLA-A*02:01,KVLEYVIKV,False
CAVEEGGGNKLTF,CASSRQSNTEAFF,HLA-A*02:01,KVLEYVIKV,False
CAVNDYKLSF,CSARDLNGGMNTEAFF,HLA-A*02:01,KVLEYVIKV,False
CALSGYRRARLMF,CAISERDRDVNQPQHF,HLA-A*02:01,KVLEYVIKV,False
CAVQRGWGGGGADGLTF,CASSQVQGPDGYTF,HLA-A*02:01,KVLEYVIKV,False
CAGGNYGGSQGNLIF,CASSPGGPSYGYTF,HLA-A*02:01,KVLEYVIKV,False
CAVQARERGAQKLVF,CASSQGTGSKNIQYF,HLA-A*02:01,KVLEYVIKV,False
CALGGGADGLTF,CASSEPGGVFQETQYF,HLA-A*02:01,KVLEYVIKV,False
CAVVDSNYQLIW,CASSPDSSGANVLTF,HLA-A*02:01,KVLEYVIKV,False
CAVSSGGFQKLVF,CASSPQLLGIGQGASSGNTIYF,HLA-A*02:01,KVLEYVIKV,False
CAVVGSNDYKLSF,CASSHLGGDRYMNEQFF,HLA-A*02:01,KVLEYVIKV,False
CASLYGQNFVF,CASGLDSSSGNTIYF,HLA-A*02:01,KVLEYVIKV,False
CAAYTGGFKTIF,CASSSRQGRETQYF,HLA-A*02:01,KVLEYVIKV,False
CAVQMDSSYKLIF,CSARDRDRGMYEQYF,HLA-A*02:01,KVLEYVIKV,False
CAVRLGYALNF,CASASTPRAERSITGELFF,HLA-A*02:01,KVLEYVIKV,False
CAVGNYGGSQGNLIF,CTSVPAVNLGQRYF,HLA-A*02:01,KVLEYVIKV,False
CAAPRMVQGAQKLVF,CASRGTTEAFF,HLA-A*02:01,KVLEYVIKV,False
CAVRDSSSNTGKLIF,CASSLGRDYEQYF,HLA-A*02:01,KVLEYVIKV,False
CAENLMPQSPAGKLIF,CATNDYTTGELFF,HLA-A*02:01,KVLEYVIKV,False
CAEVKGGGSQGNLIF,CASSIRAAYEQYF,HLA-A*02:01,KVLEYVIKV,False
CAMSNGLTF,CSARVLAGAIYNEQFF,HLA-A*02:01,KVLEYVIKV,False
CAVEPLYGNKLVL,CATSDRLAGGELFF,HLA-A*02:01,RMFPNAPYL,False
CALGDDYKLSF,CASSLGGQTSSYNEQFF,HLA-A*02:01,RMFPNAPYL,False
CLVGEGNNNDMRF,CASSLNRRDEQFF,HLA-A*02:01,RMFPNAPYL,False
CAVRDVGSARQLTF,CASSLFGAGGEETQYF,HLA-A*02:01,RMFPNAPYL,False
CATDALTGGFKTIF,CASRDGDRVEQYF,HLA-A*02:01,RMFPNAPYL,False
CAHGYKLSF,CSACPGLAGGPYEQYF,HLA-A*02:01,RMFPNAPYL,False
CALSPRGLYSGAGSYQLTF,CASSLIGTGLTLAKNIQYF,HLA-A*02:01,RMFPNAPYL,False
CAMREGDTSGTYKYIF,CASRLMGSQPQHF,HLA-A*02:01,RMFPNAPYL,False
CAYWGSPGANNLFF,CASSQELGTEQYF,HLA-A*02:01,RMFPNAPYL,False
CAAGGYNKLIF,CASTGSEVYTF,HLA-A*02:01,RMFPNAPYL,False
CAASFGYGTYKYIF,CASSYKRGAPNQPQHF,HLA-A*02:01,RMFPNAPYL,False
CAIGPGNMLTF,CASREGLSNEQFF,HLA-A*02:01,RMFPNAPYL,False
CAASAFIGKSTF,CASSFRLEQFF,HLA-A*02:01,RMFPNAPYL,False
CAVRDSNYQLIW,CASSDQAGGQETQYF,HLA-A*02:01,RMFPNAPYL,False
CAASASGGQFYF,CASSPGTNYGYTF,HLA-A*02:01,RMFPNAPYL,False
CALSEWRNDYKLSF,CATGQGAIGESKNIQYF,HLA-A*02:01,RMFPNAPYL,False
CAYRRGYGNKLVF,CASSVSLVNEQFF,HLA-A*02:01,RMFPNAPYL,False
CALERGDSNYQLIW,CASSYPRGSSYNEQFF,HLA-A*02:01,RMFPNAPYL,False
CAASLSNSGYALNF,CASSPGASGAITGELFF,HLA-A*02:01,RMFPNAPYL,False
CAGINNAGNMLTF,CASSLRTGSTDTQYF,HLA-A*02:01,RMFPNAPYL,False
CATVYNNNDMRF,CASSPGQLHEQYF,HLA-A*02:01,RMFPNAPYL,False
CAEAWGNFGNEKLTF,CSARDPGQGRGYTF,HLA-A*02:01,RMFPNAPYL,False
CAMRERETGANNLFF,CASSLVVRPTEAFF,HLA-A*02:01,RMFPNAPYL,False
CATDDTGGFKTIF,CATIDWGGEDTQYF,HLA-A*02:01,RMFPNAPYL,False
CALSESDSGNTPLVF,CASSSNGDHQMGIYGYTF,HLA-A*02:01,RMFPNAPYL,False
CAFPSLNDYKLSF,CASSSPDRGSNYGYTF,HLA-A*02:01,RMFPNAPYL,False
CAVSDMEYGNKLVF,CASSLIVAGGYNEQFF,HLA-A*02:01,RMFPNAPYL,False
CAVNAGNYQLIW,CAWSITGELFF,HLA-A*02:01,RMFPNAPYL,False
CAARKWKLSF,CASSLGVNTEAFF,HLA-A*02:01,RMFPNAPYL,False
CAVRTLNTGGFKTIF,CASSIDRGRGTDTQYF,HLA-A*02:01,RMFPNAPYL,False
CAVELAFTGGGNKLTF,CASSQVDSYGYTF,HLA-A*02:01,RMFPNAPYL,False
CAVNDYKLSF,CSARDLNGGMNTEAFF,HLA-A*02:01,RMFPNAPYL,False
CALSGYRRARLMF,CAISERDRDVNQPQHF,HLA-A*02:01,RMFPNAPYL,False
CAVQRGWGGGGADGLTF,CASSQVQGPDGYTF,HLA-A*02:01,RMFPNAPYL,False
CAGFYGGSQGNLIF,CATSGTWTSGTYEQYF,HLA-A*02:01,RMFPNAPYL,False
CAVQARERGAQKLVF,CASSQGTGSKNIQYF,HLA-A*02:01,RMFPNAPYL,False
CALGGGADGLTF,CASSLYRGRPNEKLFF,HLA-A*02:01,RMFPNAPYL,False
CAVVDSNYQLIW,CASSDSSTDTQYF,HLA-A*02:01,RMFPNAPYL,False
CAGTGGFKTIF,CASSLSGVGQPQHF,HLA-A*02:01,RMFPNAPYL,False
CAVVLPNDYKLSF,CASKGGSYGYTF,HLA-A*02:01,RMFPNAPYL,False
CASLYGQNFVF,CASGLDSSSGNTIYF,HLA-A*02:01,RMFPNAPYL,False
CAAYTGGFKTIF,CASSDTGWGLAGEDTQYF,HLA-A*02:01,RMFPNAPYL,False
CAVQMDSSYKLIF,CSARDRDRGMYEQYF,HLA-A*02:01,RMFPNAPYL,False
CAVRNSNSGYALNF,CASSDGLAGGRGGYNEQFF,HLA-A*02:01,RMFPNAPYL,False
CAVGNYGGSQGNLIF,CTSVPAVNLGQRYF,HLA-A*02:01,RMFPNAPYL,False
CAAPVIQGAQKLVF,CASSSGQRGANVLTF,HLA-A*02:01,RMFPNAPYL,False
CAVRDSSSNTGKLIF,CASSLGRDYEQYF,HLA-A*02:01,RMFPNAPYL,False
CAENMGGKLIF,CASSSGLAGFGEQYF,HLA-A*02:01,RMFPNAPYL,False
CAGGGSGGSQGNLIF,CASSWRSDTEAFF,HLA-A*02:01,RMFPNAPYL,False
CAMSNGLTF,CSARVLAGAIYNEQFF,HLA-A*02:01,RMFPNAPYL,False
CVVASGGSYIPTF,CASSQDSYGFSYQETQYF,HLA-A*02:01,SLLMWITQV,False
CAVRGLGDKLIF,CATRQGRSYEQYF,HLA-A*02:01,SLLMWITQV,False
CAEIGVTGGGNKLTF,CASSLGGSYEQYF,HLA-A*02:01,SLLMWITQV,False
CAGRGQNFVF,CASSQERYSNQPQHF,HLA-A*02:01,SLLMWITQV,False
CAATESGGYNKLIF,CASSLSVVNEQFF,HLA-A*02:01,SLLMWITQV,False
CAGYTGGFKTIF,CATVAALNQPQHF,HLA-A*02:01,SLLMWITQV,False
CAPGGGADGLTF,CASSPVSGDEKLFF,HLA-A*02:01,SLLMWITQV,False
CALSSNFGNEKLTF,CASSLGLGGQEEETQYF,HLA-A*02:01,SLLMWITQV,False
CAVSQLTF,CASSDPAANYEQYF,HLA-A*02:01,SLLMWITQV,False
CAFMKGAGGTSYGKLTF,CASSWGGGSHYGYTF,HLA-A*02:01,SLLMWITQV,False
CALRGYRDDKIIF,CASSLRGAYNEQFF,HLA-A*02:01,SLLMWITQV,False
CAVRQTGTASKLTF,CASSPSGGELEQYF,HLA-A*02:01,SLLMWITQV,False
CVVSGVLATNKLIF,CASREGLAGPANEQFF,HLA-A*02:01,SLLMWITQV,False
CAASGGYQKVTF,CASSHSSGQAISEKLFF,HLA-A*02:01,SLLMWITQV,False
CVVTLNTGGFKTIF,CASSGDPTGLAPQMAQYF,HLA-A*02:01,SLLMWITQV,False
CAVRDSNYQLIW,CASSPPLGGSSYNEQFF,HLA-A*02:01,SLLMWITQV,False
CAVSGDGGSQGNLIF,CASSTRSAYEQYF,HLA-A*02:01,SLLMWITQV,False
CAATEYSGAGSYQLTF,CASSRNHYEQYF,HLA-A*02:01,SLLMWITQV,False
CALGGSQGNLIF,CASSIRSSETQYF,HLA-A*02:01,SLLMWITQV,False
CAVNGGDMRF,CASSPTDDSTGELFF,HLA-A*02:01,SLLMWITQV,False
CAYRSGGSGGSNYKLTF,CASSPSRTSGTQYQETQYF,HLA-A*02:01,SLLMWITQV,False
CILRSNTNAGKSTF,CAERRQITNTGELFF,HLA-A*02:01,SLLMWITQV,False
CAVNADRDDKIIF,CASSPGTYYLYF,HLA-A*02:01,SLLMWITQV,False
CAVRDADGQKLLF,CASSPAEVAGRNEQFF,HLA-A*02:01,SLLMWITQV,False
CAALGNQFYF,CAMGDTNQPQHF,HLA-A*02:01,SLLMWITQV,False
CGTESEDSNYQLIW,CASSELAGSGNTIYF,HLA-A*02:01,SLLMWITQV,False
CILRPAGSSNTGKLIF,CASSVAGFDEQYF,HLA-A*02:01,SLLMWITQV,False
CAVVQGGKLIF,CASSPNSGRYNEQFF,HLA-A*02:01,SLLMWITQV,False
CAVLIGNQFYF,CASSAQGWTEAFF,HLA-A*02:01,SLLMWITQV,False
CALGNTDKLIF,CASSAKGLGNTIYF,HLA-A*02:01,SLLMWITQV,False
CALSETPNTGNQFYF,CASSQGGGGGYEQYF,HLA-A*02:01,SLLMWITQV,False
CAVNDYKLSF,CSARDLNGGMNTEAFF,HLA-A*02:01,SLLMWITQV,False
CARMDSSYKLIF,CASIPPTSGVAGELFF,HLA-A*02:01,SLLMWITQV,False
CAFMDSNYQLIW,CASSETSGGTETQYF,HLA-A*02:01,SLLMWITQV,False
CAVEEYGNKLVF,CASTPSSQGLNVVYNEQFF,HLA-A*02:01,SLLMWITQV,False
CAGRNTDKLIF,CASSPDRDYQPQHF,HLA-A*02:01,SLLMWITQV,False
CAVGRGGSYIPTF,CASSQEWTSGSNEQFF,HLA-A*02:01,SLLMWITQV,False
CAMISGYALNF,CATSSTGGMMGNEQFF,HLA-A*02:01,SLLMWITQV,False
CAGAPLYGQNFVF,CACPSKGTGLISSPLHF,HLA-A*02:01,SLLMWITQV,False
CALHSNTGNQFYF,CASTGQGYEQYF,HLA-A*02:01,SLLMWITQV,False
CASLYGQNFVF,CASGLDSSSGNTIYF,HLA-A*02:01,SLLMWITQV,False
CAVRDSNYQLIW,CASSETAAGTDTQYF,HLA-A*02:01,SLLMWITQV,False
CAVRGGANNLFF,CASSSGLAGIDEQFF,HLA-A*02:01,SLLMWITQV,False
CAVTGNTPLVF,CASSYDMVHQYF,HLA-A*02:01,SLLMWITQV,False
CALSGQMDNARLMF,CSARKTGSSYNSPLHF,HLA-A*02:01,SLLMWITQV,False
CAVNEGGSYIPTF,CASSSGTLRYEQYF,HLA-A*02:01,SLLMWITQV,False
CAYRSAGQLTF,CSVEVHGTGGINEQFF,HLA-A*02:01,SLLMWITQV,False
CAVRDAELFSGGYNKLIF,CASRPDRETEAFF,HLA-A*02:01,SLLMWITQV,False
CAVDFRDNYGQNFVF,CASSYGQVGYEQYF,HLA-A*02:01,SLLMWITQV,False
CGTLLGGTSYGKLTF,CATSDPTGTGTDTQYF,HLA-A*02:01,SLLMWITQV,False
CAVEPLYGNKLVL,CATSDRLAGGELFF,HLA-A*02:01,YLNDHLEPWI,False
CALGDDYKLSF,CASSLGGQTSSYNEQFF,HLA-A*02:01,YLNDHLEPWI,False
CLVGEGNNNDMRF,CASSLNRRDEQFF,HLA-A*02:01,YLNDHLEPWI,False
CAVRLPSGSARQLTF,CASSYSARPNTYEQYF,HLA-A*02:01,YLNDHLEPWI,False
CATDGTGGFKTIF,CASSLIDQETQYF,HLA-A*02:01,YLNDHLEPWI,False
CALIDYKLSF,CSGAQREIDTQYF,HLA-A*02:01,YLNDHLEPWI,False
CALSGGYSSASKIIF,CSVDSPTDGYTF,HLA-A*02:01,YLNDHLEPWI,False
CAMREGDTSGTYKYIF,CASRLMGSQPQHF,HLA-A*02:01,YLNDHLEPWI,False
CAAHGSSNTGKLIF,CASSPPSPGSYNEQFF,HLA-A*02:01,YLNDHLEPWI,False
CAAGGYNKLIF,CASTGSEVYTF,HLA-A*02:01,YLNDHLEPWI,False
CAASIGSGTYKYIF,CASSFRGGYNEQFF,HLA-A*02:01,YLNDHLEPWI,False
CAIGPGNMLTF,CASSLGESGRAHEQFF,HLA-A*02:01,YLNDHLEPWI,False
CAASAGVPNAGKSTF,CASSFNIETSGRADEQFF,HLA-A*02:01,YLNDHLEPWI,False
CAVRDSNYQLIW,CASSDQAGGQETQYF,HLA-A*02:01,YLNDHLEPWI,False
CAASASTGNQFYF,CASSIGVHGYTF,HLA-A*02:01,YLNDHLEPWI,False
CALSEWRNDYKLSF,CATGQGAIGESKNIQYF,HLA-A*02:01,YLNDHLEPWI,False
CAYRRRYMEYGNKLVF,CSVVGGSFYEQYF,HLA-A*02:01,YLNDHLEPWI,False
CALERGDSNYQLIW,CASSYPRGSSYNEQFF,HLA-A*02:01,YLNDHLEPWI,False
CAASPDSGYALNF,CSARGAGQSGETQYF,HLA-A*02:01,YLNDHLEPWI,False
CAGINNAGNMLTF,CASSQDSPAYNEQFF,HLA-A*02:01,YLNDHLEPWI,False
CATVYNNNDMRF,CASSPGQLHEQYF,HLA-A*02:01,YLNDHLEPWI,False
CAEAWGNFGNEKLTF,CSARDPGQGRGYTF,HLA-A*02:01,YLNDHLEPWI,False
CAMRERVGANNLFF,CASSISTGNTEAFF,HLA-A*02:01,YLNDHLEPWI,False
CATDEGGGFKTIF,CASSQDMGSSKTQYF,HLA-A*02:01,YLNDHLEPWI,False
CALSEVDSGNTPLVF,CASSPPGEGEQYF,HLA-A*02:01,YLNDHLEPWI,False
CAMEGDYKLSF,CASSSKEGVLLHF,HLA-A*02:01,YLNDHLEPWI,False
CAVSGEYGNKLVF,CASSLGGNEQFF,HLA-A*02:01,YLNDHLEPWI,False
CAVNAGNYQLIW,CAWSITGELFF,HLA-A*02:01,YLNDHLEPWI,False
CAARKWKLSF,CASSLGVNTEAFF,HLA-A*02:01,YLNDHLEPWI,False
CAVTGGFKTIF,CASSGGSGGLWDEQFF,HLA-A*02:01,YLNDHLEPWI,False
CAVKTGGGNKLTF,CASSPAGGIHGYTF,HLA-A*02:01,YLNDHLEPWI,False
CAVNDYKLSF,CSARDLNGGMNTEAFF,HLA-A*02:01,YLNDHLEPWI,False
CALSDRYGGATNKLIF,CASTPIVGGHHTEAFF,HLA-A*02:01,YLNDHLEPWI,False
CAVRGGGADGLTF,CASSLVGQGYTEAFF,HLA-A*02:01,YLNDHLEPWI,False
CAGFYGGSQGNLIF,CATSGTWTSGTYEQYF,HLA-A*02:01,YLNDHLEPWI,False
CAVQEIIQGAQKLVF,CASRRQGRTDTQYF,HLA-A*02:01,YLNDHLEPWI,False
CALGGGADGLTF,CASSLYRGRPNEKLFF,HLA-A*02:01,YLNDHLEPWI,False
CAVVDSNYQLIW,CASSDSSTDTQYF,HLA-A*02:01,YLNDHLEPWI,False
CAVRVPTGGGNKLTF,CASSQVVVNTGELFF,HLA-A*02:01,YLNDHLEPWI,False
CAVVNDYKLSF,CASSTSGNTGELFF,HLA-A*02:01,YLNDHLEPWI,False
CASLYGQNFVF,CASGLDSSSGNTIYF,HLA-A*02:01,YLNDHLEPWI,False
CAGTTGGFKTIF,CSVGQGSTYEQYF,HLA-A*02:01,YLNDHLEPWI,False
CAVPGGYQKVTF,CASSPTGDGYYNEQFF,HLA-A*02:01,YLNDHLEPWI,False
CAVRPGYALNF,CASSVEAGLSYTF,HLA-A*02:01,YLNDHLEPWI,False
CAVGTGSQGNLIF,CASSYRGGDTQYF,HLA-A*02:01,YLNDHLEPWI,False
CAAVQGAQKLVF,CASSGAGELFF,HLA-A*02:01,YLNDHLEPWI,False
CAVRDSSSNTGKLIF,CASSLGRDYEQYF,HLA-A*02:01,YLNDHLEPWI,False
CAENMGQGGKLIF,CASSFRGLNTEAFF,HLA-A*02:01,YLNDHLEPWI,False
CAVANYGGSQGNLIF,CASSLSGTSVEQYF,HLA-A*02:01,YLNDHLEPWI,False
CAMSNGLTF,CSARVLAGAIYNEQFF,HLA-A*02:01,YLNDHLEPWI,False
CTSVLWTMGTTDSLL,CASSAPGQGAFNTNEKLFF,HLA-A*03:01,RIAAWMATY,False
CAASITGGTSYGKLTF,CSVGRISSYNEQFF,HLA-A*03:01,RIAAWMATY,False
CAVENNARLMF,CASSSGTGELFF,HLA-A*03:01,RIAAWMATY,False
CAVGWNNNARLMF,CSARGISRPYGDEKLFF,HLA-A*03:01,RIAAWMATY,False
CAMREGRGSNYKLTF,CASSYFSGGARNEQFF,HLA-A*03:01,RIAAWMATY,False
CAVKRDDKIIF,CASSLDSGTIYEQYF,HLA-A*03:01,RIAAWMATY,False
CALSEAKLYTGTASKLTF,CASSARDRMIDEQYF,HLA-A*03:01,RIAAWMATY,False
CAYRILPIQGAQKLVF,CASSRYSVGYYGYTF,HLA-A*03:01,RIAAWMATY,False
CAVTRDDKIIF,CASSDSAGGTDTQYF,HLA-A*03:01,RIAAWMATY,False
CAVSALPPNNAGNMLTF,CASSQETLQGLYEQYF,HLA-A*03:01,RIAAWMATY,False
CAASSGQNFVF,CASSEGWGMYGYTF,HLA-A*03:01,RIAAWMATY,False
CALSEDRRGSEKLVF,CASSAIGGDFEKLFF,HLA-A*03:01,RIAAWMATY,False
CAMSSRGGYQKVTF,CASSVDGRRGETQYF,HLA-A*03:01,RIAAWMATY,False
CAESKPGGYNKLIF,CSARTPDRDLVYEQYF,HLA-A*03:01,RIAAWMATY,False
CLVGVHTGGFKTIF,CSAIPQVRAHEQYF,HLA-A*03:01,RIAAWMATY,False
CAYNGGGATNKLIF,CAWETGVGDTQYF,HLA-A*03:01,RIAAWMATY,False
CAGKEGQGFSFIF,CSARDLKTGGGYEKLFF,HLA-A*03:01,RIAAWMATY,False
CAVGTARLMF,CASSLRDGSEAFF,HLA-A*03:01,RIAAWMATY,False
CATSDSWGKLQF,CASSPLEGGYEQYF,HLA-A*03:01,RIAAWMATY,False
CAATMIKAAGNKLTF,CASSLGGGEQFF,HLA-A*03:01,RIAAWMATY,False
CAVGDNFNKFYF,CASSRDASSYEQYF,HLA-A*03:01,RIAAWMATY,False
CVVASGGSYIPTF,CASSQDSYGFSYQETQYF,HLA-A*03:01,RIAAWMATY,False
CALDNYGQNFVF,CASSLDPGRGQETQYF,HLA-A*03:01,RIAAWMATY,False
CAVSDSGAGSYQLTF,CASSSRQTDYEQYF,HLA-A*03:01,RIAAWMATY,False
CAVRGTGNTPLVF,CASSQEPGTSDYEQFF,HLA-A*03:01,RIAAWMATY,False
CAVRRAGNMLTF,CASSYAGNEQYF,HLA-A*03:01,RIAAWMATY,False
CAMNPAWGGATNKLIF,CASSLMRGGTYNSPLHF,HLA-A*03:01,RIAAWMATY,False
CAMREPYTGANSKLTF,CASSQDQGGTEAFF,HLA-A*03:01,RIAAWMATY,False
CAVRDYGNQFYF,CSARGGAPALQETQYF,HLA-A*03:01,RIAAWMATY,False
CALYTGANSKLTF,CASSFKGSYGYTF,HLA-A*03:01,RIAAWMATY,False
CAMNSGNTPLVF,CASSLATILAGGPGELFF,HLA-A*03:01,RIAAWMATY,False
CALSDPNDYKLSF,CASALQGLPLGTDTQYF,HLA-A*03:01,RIAAWMATY,False
CAVSSNSGGYQKVTF,CASNMGGLLSTDTQYF,HLA-A*03:01,RIAAWMATY,False
CAENLGGNQFYF,CASSGSGANEQYF,HLA-A*03:01,RIAAWMATY,False
CAVSPDDKIIF,CASSLNSYEQYF,HLA-A*03:01,RIAAWMATY,False
CAAEGWAGRENSGGSNYKLTF,CASSLWGGSKETQYF,HLA-A*03:01,RIAAWMATY,False
CAAPDGQKLLF,CSVVGNYGYTF,HLA-A*03:01,RIAAWMATY,False
CAGNSGNTPLVF,CASSIGNYNEQFF,HLA-A*03:01,RIAAWMATY,False
CAMRDEDNYGQNFVF,CSALTSGLLNYNEQFF,HLA-A*03:01,RIAAWMATY,False
CAVLSWGNTGKLIF,CASSYTGTSGETQYF,HLA-A*03:01,RIAAWMATY,False
CAVNWEEQGGSYIPTF,CASSQEGRGIYGYTF,HLA-A*03:01,RIAAWMATY,False
CAPTGTASKLTF,CASSLGDEAFF,HLA-A*03:01,RIAAWMATY,False
CAVCPYGGSQGNLIF,CAWSLSGGGEAFF,HLA-A*03:01,RIAAWMATY,False
CILKKYGAQKLVF,CASSARSSTEQYF,HLA-A*03:01,RIAAWMATY,False
CAVMDSNYQLIW,CASSGLAGGDTQYF,HLA-A*03:01,RIAAWMATY,False
CALSAGTNAGKSTF,CASSEAGGEQYV,HLA-A*03:01,RIAAWMATY,False
CAVSGGKLIF,CASSFRVYNEQFF,HLA-A*03:01,RIAAWMATY,False
CAMREQDAGNMLTF,CASSWDRSYEQYF,HLA-A*03:01,RIAAWMATY,False
CAETPNNNARLMF,CASSTRATGELFF,HLA-A*03:01,RIAAWMATY,False
CAVIKAAGNKLTF,CASSLAAGGNTDTQYF,HLA-A*03:01,RIAAWMATY,False
CTSVLWTMGTTDSLL,CASSAPGQGAFNTNEKLFF,HLA-A*24:02,AYSSAGASI,False
CAVRGLGSSNTGKLIF,CASMAGTRSPNSPLHF,HLA-A*24:02,AYSSAGASI,False
CAVRDDDARLMF,CASSQSGRLADHNEQFF,HLA-A*24:02,AYSSAGASI,False
CAFMKQDSNSGYALNF,CATRGTLSTDTQYF,HLA-A*24:02,AYSSAGASI,False
CATDAVRDTDKLIF,CASSPYNQPQHF,HLA-A*24:02,AYSSAGASI,False
CILRDSEETSGSRLTF,CASSQDSGLNTEAFF,HLA-A*24:02,AYSSAGASI,False
CALSEAKLYTGTASKLTF,CASSARDRMIDEQYF,HLA-A*24:02,AYSSAGASI,False
CAYRILPIQGAQKLVF,CASSRYSVGYYGYTF,HLA-A*24:02,AYSSAGASI,False
CAVTRDDKIIF,CASSDSAGGTDTQYF,HLA-A*24:02,AYSSAGASI,False
CAAWEGGGADGLTF,CASSLGTGDYEQYF,HLA-A*24:02,AYSSAGASI,False
CAASSGQNFVF,CASSEGWGMYGYTF,HLA-A*24:02,AYSSAGASI,False
CAVNTLKAAGNKLTF,CASSLFSHLIDNYGYTF,HLA-A*24:02,AYSSAGASI,False
CLVGEGSGAGSYQLTF,CASSLSDSLYNEQFF,HLA-A*24:02,AYSSAGASI,False
CAMMGTGGFKTIF,CASSRTGTFYEQYF,HLA-A*24:02,AYSSAGASI,False
CAGPSSTLGRLYF,CASSYGGLTYEQYF,HLA-A*24:02,AYSSAGASI,False
CAAKEGYSTLTF,CASSSTGGGGKDQPQHF,HLA-A*24:02,AYSSAGASI,False
CAGKEGQGFSFIF,CSARDLKTGGGYEKLFF,HLA-A*24:02,AYSSAGASI,False
CALQYSGAGSYQLTF,CASSSQIAGATKNIQYF,HLA-A*24:02,AYSSAGASI,False
CAASAAMGNTPLVF,CASSLEGGFHGYTF,HLA-A*24:02,AYSSAGASI,False
CAMRRPISSGSARQLTF,CASSHPGTRDEKLFF,HLA-A*24:02,AYSSAGASI,False
CAVGDNFNKFYF,CASSRDASSYEQYF,HLA-A*24:02,AYSSAGASI,False
CVVASGGSYIPTF,CASSQDSYGFSYQETQYF,HLA-A*24:02,AYSSAGASI,False
CALDNYGQNFVF,CASSLDPGRGQETQYF,HLA-A*24:02,AYSSAGASI,False
CAVSDSGAGSYQLTF,CASSSRQTDYEQYF,HLA-A*24:02,AYSSAGASI,False
CAVTLGGSNYKLTF,CSARNPRGEDTEAFF,HLA-A*24:02,AYSSAGASI,False
CAETPGSSNTGKLIF,CASSLPAQSSGRFFYEQFF,HLA-A*24:02,AYSSAGASI,False
CAMNPAWGGATNKLIF,CASSLMRGGTYNSPLHF,HLA-A*24:02,AYSSAGASI,False
CAMREPYTGANSKLTF,CASSQDQGGTEAFF,HLA-A*24:02,AYSSAGASI,False
CAGGGSQGNLIF,CASSIRSSYEQYF,HLA-A*24:02,AYSSAGASI,False
CALYTGANSKLTF,CASSFKGSYGYTF,HLA-A*24:02,AYSSAGASI,False
CVVSDPAGGSYIPTF,CASSLPTQVIPETQYF,HLA-A*24:02,AYSSAGASI,False
CALSDPNDYKLSF,CASALQGLPLGTDTQYF,HLA-A*24:02,AYSSAGASI,False
CAMIKAAGNKLTF,CASSGVGNYEQYF,HLA-A*24:02,AYSSAGASI,False
CAENLGGNQFYF,CASSGSGANEQYF,HLA-A*24:02,AYSSAGASI,False
CAAAGSQGNLIF,CAISGQGEYTEAFF,HLA-A*24:02,AYSSAGASI,False
CAAEGWAGRENSGGSNYKLTF,CASSLWGGSKETQYF,HLA-A*24:02,AYSSAGASI,False
CAYKGSGGSNYKLTF,CSATGLAGGEFTDTQYF,HLA-A*24:02,AYSSAGASI,False
CAGNSGNTPLVF,CASSIGNYNEQFF,HLA-A*24:02,AYSSAGASI,False
CAMRDEDNYGQNFVF,CSALTSGLLNYNEQFF,HLA-A*24:02,AYSSAGASI,False
CAVLSWGNTGKLIF,CASSYTGTSGETQYF,HLA-A*24:02,AYSSAGASI,False
CAVNWEEQGGSYIPTF,CASSQEGRGIYGYTF,HLA-A*24:02,AYSSAGASI,False
CAPTGTASKLTF,CASSLGDEAFF,HLA-A*24:02,AYSSAGASI,False
CATEYSGGSNYKLTF,CASSLALSYEQYF,HLA-A*24:02,AYSSAGASI,False
CAVAHRGSQGNLIF,CASRQEIMNTEAFF,HLA-A*24:02,AYSSAGASI,False
CAMRRPISSGSARQLTF,CASSPGLAGDNEQFF,HLA-A*24:02,AYSSAGASI,False
CALDSSAGFQKLVF,CASWTRQPNQPQHF,HLA-A*24:02,AYSSAGASI,False
CAASAMDSNYQLIW,CASSSTREKLFF,HLA-A*24:02,AYSSAGASI,False
CAMREQDAGNMLTF,CASSWDRSYEQYF,HLA-A*24:02,AYSSAGASI,False
CAVRPPGGGSQGNLIF,CASSFDTPPVYGYTF,HLA-A*24:02,AYSSAGASI,False
CAVTPNQAGTALIF,CASSAGTETSGNTIYF,HLA-A*24:02,AYSSAGASI,False
CAFMKDAGGTSYGKLTF,CASSTRSAYEQYF,HLA-A*24:02,CYTWNQMNL,False
CAGTDSNYQLIW,CATSRDNSGANVLTF,HLA-A*24:02,CYTWNQMNL,False
CASFGNEKLTF,CSARGGSKNIQYF,HLA-A*24:02,CYTWNQMNL,False
CAENTGTASKLTF,CASSRLAESTDTQYF,HLA-A*24:02,CYTWNQMNL,False
CAVPLTGGGNKLTF,CASSIRSSYEQYF,HLA-A*24:02,CYTWNQMNL,False
CAVGEYGNKLVF,CASSSLEAEAFF,HLA-A*24:02,CYTWNQMNL,False
CVVNGDTDKLIF,CATSSWTGGFDEQFF,HLA-A*24:02,CYTWNQMNL,False
CALSEAFSGFQKLVF,CASSSDDSGGSTDTQYF,HLA-A*24:02,CYTWNQMNL,False
CAMSYLYNFNKFYF,CASSYSTLYKFKFGDDF,HLA-A*24:02,CYTWNQMNL,False
CVLLSGGGADGLTF,CASSSPFVNAGANVLTF,HLA-A*24:02,CYTWNQMNL,False
CAIGPGNMLTF,CASSLQNTGELFF,HLA-A*24:02,CYTWNQMNL,False
CAVINYGGSQGNLIF,CASSIPFGAGANTGELFF,HLA-A*24:02,CYTWNQMNL,False
CAARTMKTSYDKVIF,CASSIVGGGYNEQFF,HLA-A*24:02,CYTWNQMNL,False
CAGSGSQGNLIF,CASSIRSSYEQYF,HLA-A*24:02,CYTWNQMNL,False
CATDAFRTAGNKLTF,CASAPGGPSYEQYF,HLA-A*24:02,CYTWNQMNL,False
CAVRRDNNARLMF,CASSLARGQGVYEQYF,HLA-A*24:02,CYTWNQMNL,False
CALSEARGTSYGKLTF,CASTTTGQGAPVAYEQYF,HLA-A*24:02,CYTWNQMNL,False
CAYRGILF,CASSLSRGGDTDYGYTF,HLA-A*24:02,CYTWNQMNL,False
CAVGFTGGFKTIF,CASSLTRSNTEAFF,HLA-A*24:02,CYTWNQMNL,False
CAVSLSSSGGSYIPTF,CATSLGENTEAFF,HLA-A*24:02,CYTWNQMNL,False
CIVRGGGADGLTF,CASSLIAGEHPSTDTQYF,HLA-A*24:02,CYTWNQMNL,False
CVVSAQTTSGTYKYIF,CASSLAGEEQYF,HLA-A*24:02,CYTWNQMNL,False
CARLTRDDKIIF,CAISVEGRAEKLFF,HLA-A*24:02,CYTWNQMNL,False
CILRDVSSGTYKYIF,CASSLEAGGAYNEQFF,HLA-A*24:02,CYTWNQMNL,False
CAGLNDYKLSF,CASLGRLNPYNEQFF,HLA-A*24:02,CYTWNQMNL,False
CSYNQGGKLIF,CASSLAGGTGELFF,HLA-A*24:02,CYTWNQMNL,False
CAVAPLTIINAGNMLTF,CASSIASNTGELFF,HLA-A*24:02,CYTWNQMNL,False
CAVNIVYGGSQGNLIF,CATSDTQKLDTYNEQFF,HLA-A*24:02,CYTWNQMNL,False
CAMREVDSNYQLIW,CASSLAGFNEQFF,HLA-A*24:02,CYTWNQMNL,False
CAASIRSNAGNMLTF,CASSFFISNYGYTF,HLA-A*24:02,CYTWNQMNL,False
CAASINQGGKLIF,CASSWGGGSHYGYTF,HLA-A*24:02,CYTWNQMNL,False
CAYRRRGNQFYF,CASSMREPEYGLEQYF,HLA-A*24:02,CYTWNQMNL,False
CAMHGSGAGSYQLTF,CASRQTGTGNTIYF,HLA-A*24:02,CYTWNQMNL,False
CAFPPQYSGAGSYQLTF,CSVEEPGIGGGNTIYF,HLA-A*24:02,CYTWNQMNL,False
CALGGVVPREAGTALIF,CASSSRLAGAKNIQYF,HLA-A*24:02,CYTWNQMNL,False
CAVETTDSWGKLQF,CATPIQETQYF,HLA-A*24:02,CYTWNQMNL,False
CAVSPGANNLFF,CASSLPSTGPSEIEAFF,HLA-A*24:02,CYTWNQMNL,False
CAMSEQGAQKLVF,CASSPGGPAEQYF,HLA-A*24:02,CYTWNQMNL,False
CALRAGNQFYF,CASSLVRGPNEKLFF,HLA-A*24:02,CYTWNQMNL,False
CAVDSGTYKYIF,CSAAGEPGETQYF,HLA-A*24:02,CYTWNQMNL,False
CAFIPLNDMRF,CATSSSRDSNSPLHF,HLA-A*24:02,CYTWNQMNL,False
CAASNGNQFYF,CASSLGGSAYNEQFF,HLA-A*24:02,CYTWNQMNL,False
CAIEESIYSGAGSYQLTF,CASSSGLAGGFTDTQYF,HLA-A*24:02,CYTWNQMNL,False
CAESMGPGGGNKLTF,CASSLLGGGKNIQYF,HLA-A*24:02,CYTWNQMNL,False
CAVSESEGYSTLTF,CASSPPVSRRRNEQYF,HLA-A*24:02,CYTWNQMNL,False
CAATSGAAGNKLTF,CASSPGTGGWFIFSGANVLTF,HLA-A*24:02,CYTWNQMNL,False
CAVDPETGANNLFF,CASSFNVGDTGELFF,HLA-A*24:02,CYTWNQMNL,False
CASLYGQNFVF,CASGLDSSSGNTIYF,HLA-A*24:02,CYTWNQMNL,False
CAALRGAQKLVF,CASRAGGSYEQYF,HLA-A*24:02,CYTWNQMNL,False
CALSEAHRTNAGKSTF,CASSLGVYNEQFF,HLA-A*24:02,CYTWNQMNL,False
CTSVLWTMGTTDSLL,CASSAPGQGAFNTNEKLFF,HLA-B*07:02,GPAESAAGL,False
CAVRGLGSSNTGKLIF,CASMAGTRSPNSPLHF,HLA-B*07:02,GPAESAAGL,False
CAVRDDDARLMF,CASSQSGRLADHNEQFF,HLA-B*07:02,GPAESAAGL,False
CAFMKQDSNSGYALNF,CATRGTLSTDTQYF,HLA-B*07:02,GPAESAAGL,False
CATDAVRDTDKLIF,CASSPYNQPQHF,HLA-B*07:02,GPAESAAGL,False
CILRDSEETSGSRLTF,CASSQDSGLNTEAFF,HLA-B*07:02,GPAESAAGL,False
CALSEAKLYTGTASKLTF,CASSARDRMIDEQYF,HLA-B*07:02,GPAESAAGL,False
CAYRILPIQGAQKLVF,CASSRYSVGYYGYTF,HLA-B*07:02,GPAESAAGL,False
CAVTRDDKIIF,CASSDSAGGTDTQYF,HLA-B*07:02,GPAESAAGL,False
CAAWEGGGADGLTF,CASSLGTGDYEQYF,HLA-B*07:02,GPAESAAGL,False
CAASSGQNFVF,CASSEGWGMYGYTF,HLA-B*07:02,GPAESAAGL,False
CAVNTLKAAGNKLTF,CASSLFSHLIDNYGYTF,HLA-B*07:02,GPAESAAGL,False
CLVGEGSGAGSYQLTF,CASSLSDSLYNEQFF,HLA-B*07:02,GPAESAAGL,False
CAMMGTGGFKTIF,CASSRTGTFYEQYF,HLA-B*07:02,GPAESAAGL,False
CAGPSSTLGRLYF,CASSYGGLTYEQYF,HLA-B*07:02,GPAESAAGL,False
CAAKEGYSTLTF,CASSSTGGGGKDQPQHF,HLA-B*07:02,GPAESAAGL,False
CAGKEGQGFSFIF,CSARDLKTGGGYEKLFF,HLA-B*07:02,GPAESAAGL,False
CALQYSGAGSYQLTF,CASSSQIAGATKNIQYF,HLA-B*07:02,GPAESAAGL,False
CAASAAMGNTPLVF,CASSLEGGFHGYTF,HLA-B*07:02,GPAESAAGL,False
CAMRRPISSGSARQLTF,CASSHPGTRDEKLFF,HLA-B*07:02,GPAESAAGL,False
CAVGDNFNKFYF,CASSRDASSYEQYF,HLA-B*07:02,GPAESAAGL,False
CVVASGGSYIPTF,CASSQDSYGFSYQETQYF,HLA-B*07:02,GPAESAAGL,False
CALDNYGQNFVF,CASSLDPGRGQETQYF,HLA-B*07:02,GPAESAAGL,False
CAVSDSGAGSYQLTF,CASSSRQTDYEQYF,HLA-B*07:02,GPAESAAGL,False
CAVTLGGSNYKLTF,CSARNPRGEDTEAFF,HLA-B*07:02,GPAESAAGL,False
CAETPGSSNTGKLIF,CASSLPAQSSGRFFYEQFF,HLA-B*07:02,GPAESAAGL,False
CAMNPAWGGATNKLIF,CASSLMRGGTYNSPLHF,HLA-B*07:02,GPAESAAGL,False
CAMREPYTGANSKLTF,CASSQDQGGTEAFF,HLA-B*07:02,GPAESAAGL,False
CAGGGSQGNLIF,CASSIRSSYEQYF,HLA-B*07:02,GPAESAAGL,False
CALYTGANSKLTF,CASSFKGSYGYTF,HLA-B*07:02,GPAESAAGL,False
CVVSDPAGGSYIPTF,CASSLPTQVIPETQYF,HLA-B*07:02,GPAESAAGL,False
CALSDPNDYKLSF,CASALQGLPLGTDTQYF,HLA-B*07:02,GPAESAAGL,False
CAMIKAAGNKLTF,CASSGVGNYEQYF,HLA-B*07:02,GPAESAAGL,False
CAENLGGNQFYF,CASSGSGANEQYF,HLA-B*07:02,GPAESAAGL,False
CAAAGSQGNLIF,CAISGQGEYTEAFF,HLA-B*07:02,GPAESAAGL,False
CAAEGWAGRENSGGSNYKLTF,CASSLWGGSKETQYF,HLA-B*07:02,GPAESAAGL,False
CAYKGSGGSNYKLTF,CSATGLAGGEFTDTQYF,HLA-B*07:02,GPAESAAGL,False
CAGNSGNTPLVF,CASSIGNYNEQFF,HLA-B*07:02,GPAESAAGL,False
CAMRDEDNYGQNFVF,CSALTSGLLNYNEQFF,HLA-B*07:02,GPAESAAGL,False
CAVLSWGNTGKLIF,CASSYTGTSGETQYF,HLA-B*07:02,GPAESAAGL,False
CAVNWEEQGGSYIPTF,CASSQEGRGIYGYTF,HLA-B*07:02,GPAESAAGL,False
CAPTGTASKLTF,CASSLGDEAFF,HLA-B*07:02,GPAESAAGL,False
CATEYSGGSNYKLTF,CASSLALSYEQYF,HLA-B*07:02,GPAESAAGL,False
CAVAHRGSQGNLIF,CASRQEIMNTEAFF,HLA-B*07:02,GPAESAAGL,False
CAMRRPISSGSARQLTF,CASSPGLAGDNEQFF,HLA-B*07:02,GPAESAAGL,False
CALDSSAGFQKLVF,CASWTRQPNQPQHF,HLA-B*07:02,GPAESAAGL,False
CAASAMDSNYQLIW,CASSSTREKLFF,HLA-B*07:02,GPAESAAGL,False
CAMREQDAGNMLTF,CASSWDRSYEQYF,HLA-B*07:02,GPAESAAGL,False
CAVRPPGGGSQGNLIF,CASSFDTPPVYGYTF,HLA-B*07:02,GPAESAAGL,False
CAVTPNQAGTALIF,CASSAGTETSGNTIYF,HLA-B*07:02,GPAESAAGL,False
CTSVLWTMGTTDSLL,CASSAPGQGAFNTNEKLFF,HLA-B*08:01,AAKGRGAAL,False
CAVRGLGSSNTGKLIF,CASMAGTRSPNSPLHF,HLA-B*08:01,AAKGRGAAL,False
CAVRDDDARLMF,CASSQSGRLADHNEQFF,HLA-B*08:01,AAKGRGAAL,False
CAFMKQDSNSGYALNF,CATRGTLSTDTQYF,HLA-B*08:01,AAKGRGAAL,False
CATDAVRDTDKLIF,CASSPYNQPQHF,HLA-B*08:01,AAKGRGAAL,False
CILRDSEETSGSRLTF,CASSQDSGLNTEAFF,HLA-B*08:01,AAKGRGAAL,False
CALSEAKLYTGTASKLTF,CASSARDRMIDEQYF,HLA-B*08:01,AAKGRGAAL,False
CAYRILPIQGAQKLVF,CASSRYSVGYYGYTF,HLA-B*08:01,AAKGRGAAL,False
CAVTRDDKIIF,CASSDSAGGTDTQYF,HLA-B*08:01,AAKGRGAAL,False
CAAWEGGGADGLTF,CASSLGTGDYEQYF,HLA-B*08:01,AAKGRGAAL,False
CAASSGQNFVF,CASSEGWGMYGYTF,HLA-B*08:01,AAKGRGAAL,False
CAVNTLKAAGNKLTF,CASSLFSHLIDNYGYTF,HLA-B*08:01,AAKGRGAAL,False
CLVGEGSGAGSYQLTF,CASSLSDSLYNEQFF,HLA-B*08:01,AAKGRGAAL,False
CAMMGTGGFKTIF,CASSRTGTFYEQYF,HLA-B*08:01,AAKGRGAAL,False
CAGPSSTLGRLYF,CASSYGGLTYEQYF,HLA-B*08:01,AAKGRGAAL,False
CAAKEGYSTLTF,CASSSTGGGGKDQPQHF,HLA-B*08:01,AAKGRGAAL,False
CAGKEGQGFSFIF,CSARDLKTGGGYEKLFF,HLA-B*08:01,AAKGRGAAL,False
CALQYSGAGSYQLTF,CASSSQIAGATKNIQYF,HLA-B*08:01,AAKGRGAAL,False
CAASAAMGNTPLVF,CASSLEGGFHGYTF,HLA-B*08:01,AAKGRGAAL,False
CAMRRPISSGSARQLTF,CASSHPGTRDEKLFF,HLA-B*08:01,AAKGRGAAL,False
CAVGDNFNKFYF,CASSRDASSYEQYF,HLA-B*08:01,AAKGRGAAL,False
CVVASGGSYIPTF,CASSQDSYGFSYQETQYF,HLA-B*08:01,AAKGRGAAL,False
CALDNYGQNFVF,CASSLDPGRGQETQYF,HLA-B*08:01,AAKGRGAAL,False
CAVSDSGAGSYQLTF,CASSSRQTDYEQYF,HLA-B*08:01,AAKGRGAAL,False
CAVTLGGSNYKLTF,CSARNPRGEDTEAFF,HLA-B*08:01,AAKGRGAAL,False
CAETPGSSNTGKLIF,CASSLPAQSSGRFFYEQFF,HLA-B*08:01,AAKGRGAAL,False
CAMNPAWGGATNKLIF,CASSLMRGGTYNSPLHF,HLA-B*08:01,AAKGRGAAL,False
CAMREPYTGANSKLTF,CASSQDQGGTEAFF,HLA-B*08:01,AAKGRGAAL,False
CAGGGSQGNLIF,CASSIRSSYEQYF,HLA-B*08:01,AAKGRGAAL,False
CALYTGANSKLTF,CASSFKGSYGYTF,HLA-B*08:01,AAKGRGAAL,False
CVVSDPAGGSYIPTF,CASSLPTQVIPETQYF,HLA-B*08:01,AAKGRGAAL,False
CALSDPNDYKLSF,CASALQGLPLGTDTQYF,HLA-B*08:01,AAKGRGAAL,False
CAMIKAAGNKLTF,CASSGVGNYEQYF,HLA-B*08:01,AAKGRGAAL,False
CAENLGGNQFYF,CASSGSGANEQYF,HLA-B*08:01,AAKGRGAAL,False
CAAAGSQGNLIF,CAISGQGEYTEAFF,HLA-B*08:01,AAKGRGAAL,False
CAAEGWAGRENSGGSNYKLTF,CASSLWGGSKETQYF,HLA-B*08:01,AAKGRGAAL,False
CAYKGSGGSNYKLTF,CSATGLAGGEFTDTQYF,HLA-B*08:01,AAKGRGAAL,False
CAGNSGNTPLVF,CASSIGNYNEQFF,HLA-B*08:01,AAKGRGAAL,False
CAMRDEDNYGQNFVF,CSALTSGLLNYNEQFF,HLA-B*08:01,AAKGRGAAL,False
CAVLSWGNTGKLIF,CASSYTGTSGETQYF,HLA-B*08:01,AAKGRGAAL,False
CAVNWEEQGGSYIPTF,CASSQEGRGIYGYTF,HLA-B*08:01,AAKGRGAAL,False
CAPTGTASKLTF,CASSLGDEAFF,HLA-B*08:01,AAKGRGAAL,False
CATEYSGGSNYKLTF,CASSLALSYEQYF,HLA-B*08:01,AAKGRGAAL,False
CAVAHRGSQGNLIF,CASRQEIMNTEAFF,HLA-B*08:01,AAKGRGAAL,False
CAMRRPISSGSARQLTF,CASSPGLAGDNEQFF,HLA-B*08:01,AAKGRGAAL,False
CALDSSAGFQKLVF,CASWTRQPNQPQHF,HLA-B*08:01,AAKGRGAAL,False
CAASAMDSNYQLIW,CASSSTREKLFF,HLA-B*08:01,AAKGRGAAL,False
CAMREQDAGNMLTF,CASSWDRSYEQYF,HLA-B*08:01,AAKGRGAAL,False
CAVRPPGGGSQGNLIF,CASSFDTPPVYGYTF,HLA-B*08:01,AAKGRGAAL,False
CAVTPNQAGTALIF,CASSAGTETSGNTIYF,HLA-B*08:01,AAKGRGAAL,False
