CDR3a,CDR3b,MHC,Epitope,Binding
CLVGGLARDMRF,CSVALGSDTGELFF,HLA-DQA1*05,LQPFPQPELPYGSGGS,TRUE
CALSGGTSYGKLTF,CASSQGQDTEAFF,HLA-DQA1*05,QPFPQPEQPFP,TRUE
CLVGGAYTGGFKTIF,CASSLVAETYEQYF,HLA-A*03:01,ALHGGWTTK,TRUE
CALDIYPHDMRF,CASSLDPGDTGELFF,HLA-A*02,HMTEVVRHC,TRUE
CAYTVLGNEKLTF,CASSFTPYNEQFF,HLA-A*02,ELAGIGILTV,TRUE
CAVAGYGGSQGNLIF,CASSPQGLGTEAFF,HLA-A*02,ELAGIGILTV,TRUE
CAVSFGNEKLTF,CAEGQGFVGQPQHF,HLA-A*02,ELAGIGILTV,TRUE
CAVTHYGGSQGNLIF,CASLRSAVWADTQYF,HLA-A*02,ELAGIGILTV,TRUE
CAGGGGGADGLTF,CASTLTGLGQPQHF,HLA-A*02,ELAGIGILTV,TRUE
CAVTWGGKLIF,CASSFQGLGTEAFF,HLA-A*02,ELAGIGILTV,TRUE
CAVSIGFGNVLHCG,CASSFNDEQFF,HLA-A*02,ELAGIGILTV,TRUE
CAVNNARLMF,CASSPSGLAGGHTQYF,HLA-A*02,ELAGIGILTV,TRUE
CAATIGFGNVLHCG,CASSMTSYNEQFF,HLA-A*02,ELAGIGILTV,TRUE
CAASIGFGNVLHCG,CASSLGGSNYEQYF,HLA-A*02,ELAGIGILTV,TRUE
CAAGGSNYKLTF,CASSSGLLGGQPQHF,HLA-A*02,ELAGIGILTV,TRUE
CAGGGGADGLTF,CASSQGLAGAGELFF,HLA-A*02,ELAGIGILTV,TRUE
CAVGRNAGNMLTF,CASSPALTGGLIEQYF,HLA-A*02,ELAGIGILTV,TRUE
CAAGGGADGLTF,CASSQTLVADTQYF,HLA-A*02,ELAGIGILTV,TRUE
CAVGGGADGLTF,CASSYSATGGEQYF,HLA-A*02,ELAGIGILTV,TRUE
CAVSIGFGNVLHCG,CASSLSGSGDEQFF,HLA-A*02,ELAGIGILTV,TRUE
CALGGNNRLAF,CASSLQSLLDEKLFF,HLA-A*02,ELAGIGILTV,TRUE
CAVNNNAGNMLTF,CASSLAQGWGAFF,HLA-A*02,ELAGIGILTV,TRUE
CALIDPGSGGGADGLTF,CASSETQMNTEAFF,HLA-A*02,ELAGIGILTV,TRUE
CAVNIPNDYKLSF,CSALQGLTPEAFF,HLA-A*02,ELAGIGILTV,TRUE
CAVRDARLMF,CSARENWDLSTDTQYF,HLA-A*02,ELAGIGILTV,TRUE
CVVKGPGGFKTIF,CASSYGGLGQPQHF,HLA-A*02,ELAGIGILTV,TRUE
CALEGGGADGLTF,CSARDGLNEQFF,HLA-A*02,ELAGIGILTV,TRUE
CAVIQDSNYQLIW,CASSEAELLSSYNEQFF,HLA-A*02,ELAGIGILTV,TRUE
CAGLSGSARQLTF,CASSWGLLSNQPQFRG,HLA-A*02,ELAGIGILTV,TRUE
CAENPSSNTGKLIF,CASSLFPGGNTGELFF,HLA-A*02,ELAGIGILTV,TRUE
CAVKVADKLIF,CASSSGALITVEQYF,HLA-A*02,ELAGIGILTV,TRUE
CAVSIGFGNVLHCG,CASSDSTASSEQFF,HLA-A*02,ELAGIGILTV,TRUE
CAVDTGFQKLVF,CASSNSYEQYF,HLA-A*02,ELAGIGILTV,TRUE
CAVNKGGSEKLVF,CASGTGGLAVYEQYF,HLA-A*02,ELAGIGILTV,TRUE
CAVSIGFGNVLHCG,CASSPSQGGNTEAFF,HLA-A*02,ELAGIGILTV,TRUE
CAVKFYF,CASSLGVLSLGREQYF,HLA-A*02,ELAGIGILTV,TRUE
CAVNMGFQKLVF,CASSFSSGSPHEQFF,HLA-A*02,ELAGIGILTV,TRUE
CAASMGFGNVLHCG,CASSSTSGAQGDTQYF,HLA-A*02,ELAGIGILTV,TRUE
CAVEIIQGAQKLVF,CASTRQGLGQPQHF,HLA-A*02,ELAGIGILTV,TRUE
CAVNQFYF,CASSLPGLAGDRAYEQYF,HLA-A*02,ELAGIGILTV,TRUE
CAAGTASKLTF,CASRLQGLGQPQHF,HLA-A*02,ELAGIGILTV,TRUE
CAVRDDKIIF,CASSSSGTSGVYEQYF,HLA-A*02,ELAGIGILTV,TRUE
CAVNTGFQKLVF,CASSPATGSNQPQHF,HLA-A*02,ELAGIGILTV,TRUE
CAEGGRGGNKLTF,CASSQEGQARGYTF,HLA-A*02,ELAGIGILTV,TRUE
CAVNSFLGAGGTSYGKLTF,CASSLGMGQPQHF,HLA-A*02,ELAGIGILTV,TRUE
CAVGMNNDMRF,CASSTGGLAGEQYF,HLA-A*02,ELAGIGILTV,TRUE
CAAPEAGGTSYGKLTF,CASSGGEGQPQHF,HLA-A*02,ELAGIGILTV,TRUE
CAVIARGDQFYF,CASSLGWNQPQHF,HLA-A*02,ELAGIGILTV,TRUE
CAVTLSNFGNEKLTF,CASRTQSSYEQYF,HLA-A*02,ELAGIGILTV,TRUE
CAMTRSNFGNEKLTF,CASSFSQTSGTGRIYYGYTF,HLA-A*02,ELAGIGILTV,TRUE
CAMTQSNFGNEKLTF,CASSSRDEAFF,HLA-A*02,ELAGIGILTV,TRUE
CAMTRSNFGNEKLTF,CASSLIQDPGELFF,HLA-A*02,ELAGIGILTV,TRUE
CVVNRGGNKLVFG,CASSQEALMGEQYF,HLA-A*02,ELAGIGILTV,TRUE
CAETPSSTSGTYKYIFG,CSARPRALSGATGELFF,HLA-A*02,ELAGIGILTV,TRUE
CGADMLSGTASKLTFG,CASSLGDTEAFF,HLA-A*02,ELAGIGILTV,TRUE
CLVLLPLGSYIPTFG,CSARGGGDGANEQFF,HLA-A*02,ELAGIGILTV,TRUE
CAVRPGGAGPFFVVF,CASSFNMATGQYF,HLA-A*01:01,EVDPIGHLY,TRUE
CAGNTGTASKLTF,CASSGLAGGPVSGANVLTF,HLA-A*03:01,ALHGGWTTK,TRUE
CIVSHNAGNMLTF,CASSLERETQYF,HLA-DQA1*03:01,GQVELGGGNAVEVCKGS,TRUE
CAFMGYSGAGSYQLTF,CAISELVTGDSPLHF,HLA-A*02:01:48,HMTEVVRHC,TRUE
CVVQPGGYQKVTF,CASSEGLWQVGDEQYF,HLA-A*02:01:48,HMTEVVRHC,TRUE
CVVQPGGYQKVTF,CASSEGLWQVGDEQYF,HLA-A*02:01,HMTEVVRHC,TRUE
CAMSGLKEDSSYKLIF,CASSIQQGADTQYF,HLA-A*02:01,HMTEVVRHC,TRUE
CAMSGLKEDSSYKLIF,CASSIQQGADTQYF,HLA-A*02:01:48,HMTEVVRHC,TRUE
CAVNALLGNQFYF,CASSMGGTYEQYF,HLA-A*02:01:48,ILDQVPFSV,TRUE
CAVNALLGNQFYF,CASSMGGTYEQYF,HLA-A*02:01:48,ITDQVPFSV,TRUE
CAVNARRNTPLVF,CASSITLSSYNEQFF,HLA-A*02:01:48,IMDQVPFSV,TRUE
CAVNARRNTPLVF,CASSITLSSYNEQFF,HLA-A*02:01:48,ITDQVPFSV,TRUE
CLVGDMDQAGTALIF,CASSLGQTNYGYTF,HLA-C*08:02,GADGVGKSA,TRUE
CAAAMDSSYKLIF,CASSDPGTEAFF,HLA-C*08:02,GADGVGKSAL,TRUE
CLVGDRDQAGTALIF,CASSFGQSSTYGYTF,HLA-C*08:02,GADGVGKSA,TRUE
CLVGDMDQAGTALIF,CASSLGRASNQPQHF,HLA-C*08:02,GADGVGKSA,TRUE
CLVGDMDQAGTALIF,CASSLGEGRVDGYTF,HLA-C*08:02,GADGVGKSA,TRUE
CAVFTFNAGGTSYGKLTF,CASSPGALNTEAFF,HLA-A*02:01,ELAGIGILTV,TRUE
CAVGGGADGLTF,CASSPAALSGAYEQYF,HLA-A*02:01,ELAGIGILTV,TRUE
CAVGTAWRSGGGADGLTF,CASSRRSSGELFF,HLA-A*02:01,ELAGIGILTV,TRUE
CAVPIKAAGNKLTF,CASSFQGLGQPQHF,HLA-A*02:01,ELAGIGILTV,TRUE
CAVSVNMEYGNKLVF,CASSRDSALWISTDTQYF,HLA-A*02:01,ELAGIGILTV,TRUE
CAFSNTGNQFYF,CASSRRSSGELFF,HLA-A*02:01,ELAGIGILTV,TRUE
CAVPPAVYNFNKFYF,CSASETGVGQPQHF,HLA-A*02:01,EAAGIGILTV,TRUE
CAVNESGGGADGLTF,CASSQQGLGQPQHF,HLA-A*02:01,EAAGIGILTV,TRUE
CAALTGFQKLVF,CSVSDLGVGQPQHF,HLA-A*02:01,EAAGIGILTV,TRUE
CAVPPAVYNFNKFYF,CASSQGDWGGSQPQHF,HLA-A*02:01,EAAGIGILTV,TRUE
CAVNNARLMF,CASSRDSALWISTDTQYF,HLA-A*02:01,EAAGIGILTV,TRUE
CAVNLAWNNNARLMF,CASRLGTGPEAFF,HLA-A*02:01,EAAGIGILTV,TRUE
CAVNSGNQFYF,CASSFGLGTEAFF,HLA-A*02:01,EAAGIGILTV,TRUE
CAVRHAGGTSYGKLTF,CASSLSNEGNEQYF,HLA-A*02:01,EAAGIGILTV,TRUE
CAVNRNEKLTF,CASSPPGLSGNIQYF,HLA-A*02:01,ELAGIGILTV,TRUE
CAVGTAWRSGGGADGLTF,CASSPGTLADTQYF,HLA-A*02:01,ELAGIGILTV,TRUE
CAVKGQTGANNLFF,CASSAGYGQPQHF,HLA-A*02:01,ELAGIGILTV,TRUE
CAVNRNEKLTF,CASSQEIGSEQPQHF,HLA-A*02:01,ELAGIGILTV,TRUE
CAVNSGNQFYF,CASRPTGMGQPQHF,HLA-A*02:01,ELAGIGILTV,TRUE
CAVNGNNNDMRF,CASAWGGMTNEQYF,HLA-A*02:01,ELAGIGILTV,TRUE
CAVSRGTGDFNKFYF,CASSETGGTEAFF,HLA-A*02:01,EAAGIGILTV,TRUE
CAALNTGTASKLTF,CASSDQGLGTEAFF,HLA-A*02:01,EAAGIGILTV,TRUE
CAVNSGNQFYF,CASSYLGMGQPQHF,HLA-A*02:01,EAAGIGILTV,TRUE
CAVNSGNQFYF,CASSLGDVDEYF,HLA-A*02:01,EAAGIGILTV,TRUE
CAVSAAGNKLTF,CASRSLGQGAEKLFF,HLA-A*02:01,ELAGIGILTV,TRUE
CVVNHSGGSYIPTF,CASSFLMTSGDPYEQYF,HLA-A*02:01:48,GVYDGREHTV,TRUE
CAVKSGGSYIPTF,CASSYLNRDSALDF,HLA-A*02:01:48,SLLMWITQV,TRUE
CAVRDINSGAGSYQLTF,CSVGGSGGADTQYF,HLA-A*02:01:48,SLLMWITQV,TRUE
CALTRGPGNQFYF,CASSSPGGVSTEAFF,HLA-A*02:01:48,SLLMWITQV,TRUE
CAVGGNDWNTDKLIF,CASSPLDVSISSYNEQFF,HLA-A*02:01:48,SLSKILDTV,TRUE
CAVRPTSGGSYIPTF,CASSYVGNTGELFF,HLA-A*02:01:48,SLLMWITQV,TRUE
CAFMDSNYQLIW,CASSRTSPTDTQYF,HLA-A*02:06:01:03,KQWLVWLFL,TRUE
CAVNDGGRLTF,CAWSETGLGMGGWQF,HLA-A*02:01:48,AAGIGILTV,TRUE
CAVNVAGKSTF,CAWSETGLGTGELFF,HLA-A*02:01:48,AAGIGILTV,TRUE
CAVNFGGGKLIF,CASSWSFGTEAFF,HLA-A*02:01:48,ELAGIGILTV,TRUE
CATDAGYNQGGKLIF,CASSAGNTIYF,HLA-DQA1*03:01:01,VEELYLVAGEEGC,TRUE
CAVNFGGGKLIF,CASSWSFGTEAFF,HLA-A*02:01:48,AAGIGILTV,TRUE
CAMREVLYNTDKLIF,CASSDLDSGVNTEAFF,HLA-A*02,RMFPNAPYL,TRUE
CAASLYDKVIF,CATAQGLSSYEQYF,HLA-A*02,RMFPNAPYL,TRUE
CAYWDSGYALNF,CACPGPLTYEQYF,HLA-A*02,RMFPNAPYL,TRUE
CLVVDQKLVF,CASSGGHTGSNEQFF,HLA-B*07:02,APRGPHGGAASGL,TRUE
CASSRWGGSEKLVF,CASSDSRTGGTDTQYF,HLA-A*24:02,KYTKAFLV,TRUE
CLVGEILDNFNKFYF,CASSQRQEGDTQYF,HLA-B*07:02,APRGPHGGAASGL,TRUE
CAVNDQGGGADGLTF,CASSWWDTGELFF,HLA-A*02,RMFPNAPYL,TRUE
CAVSEGGDYKLSF,CAWGTLATEQYF,HLA-A*02,RMFPNAPYL,TRUE
CAMSLYYGGSQGNLIF,CASSLEIFGGIADTDTQYF,HLA-A*02,KIFGSLAFL,TRUE
CAGQPLGGSNYKLTF,CASSANPGDSSNEKLFF,HLA-E*01:01:01:03,VMAPRTLVL,TRUE
CAGGGGADGLTF,CASSQGLAGAGELFF,HLA-A*02:01:48,ELAGIGILTV,TRUE
CAVGGGADGLTF,CASSQGLAGAGELFF,HLA-A*02:01:48,ELAGIGILTV,TRUE
CILRRLNDYKLSF,CASSLGDRGNEKLFF,HLA-DQA1*01:03,NSKEETGHLENGN,TRUE
CAVDSATSGTYKYIF,CASSYQGTEAFF,HLA-A*02:01:48,ILAKFLHWL,TRUE
CAMRGDSSYKLIF,CASSLWEKLAKNIQYF,HLA-A*02:01:48,AQWGPDPAAA,TRUE
CASTAGPNFGNEKLTF,CASSANRGPDTEAFF,HLA-C*08:02,FGDVGSTLF,TRUE
CAVTPNSGGYQKVTF,CASTAGLLGSSYNEQFF,HLA-DRA*01:01,NHVVDISKSGLITIA,TRUE
CAVRDRGTGGFKTIF,CASITKDRAYEQYF,HLA-B*08:01,ELLVRINRL,TRUE
CAPSYSSASKIIF,CAWSAASGGAQDTQYF,HLA-A*03:01,MLFSHGLVK,TRUE
CAMSGYTNAGKSTF,CASSPGTVKETQYF,HLA-A*03:01,EMLFSHGLVK,TRUE
CAMREDNNARLMF,CASSQEFVGAVLDTQYF,HLA-A*03:01,TLREIRRYQK,TRUE
CAVLSSGGSNYKLTF,CASSFIGGTDTQYF,HLA-A*02:01,YLEPGPVTA,TRUE
CAVDNFNKFYF,CASSSQGGYGYTF,HLA-A*01:01,KVDPIGHVY,TRUE
CAGSGSRLTF,CASSFDRGYGYTF,HLA-A*01:01,KVDPIGHVY,TRUE
CAFTELNSGGSNYKLTF,CASSLSGGLLRTGELFF,HLA-C*03:03,FVVPYMIYLL,TRUE
CVVNTNAGKSTF,CASSGRVTGGFYNEQFF,HLA-A*30:02,VQIISCQY,TRUE
CASSGGNTPLVF,CASSFGGAYEQYF,HLA-B*15:01,VQIISCQY,TRUE
CAVTKYSWGKLQF,CASRPGWMAGGVELYF,HLA-A*02:01:48,ELAGIGILTV,TRUE
CAYFGAQKLVF,CASRPSRGTNYGYTF,HLA-A*02:01,KLYGLDWAEL,TRUE
CARYYGQNFVF,CASSERGMVEAFF,HLA-A*02:01,KLYGLDWAEL,TRUE
CALDDRGSTLGRLYF,CASSPRNLGPSGSYEQYF,HLA-A*02:01,KLYGLDWAEL,TRUE
CVVSDLYNTDKLIF,CASSQNYEQYF,HLA-A*02:01,ALDPHSGHFV,TRUE
CAMSSLSGNTGKLIF,CASSYSWGAGYEQYF,HLA-A*02:01,ALDPHSGHFV,TRUE
CALPYGNKLVF,CASTPTGAYEQYF,HLA-A*02:01,ALDPHSGHFV,TRUE
CAVILRSNDYKLSF,CSAGTGELFF,HLA-A*02:01,ALDPHSGHFV,TRUE
CALNPFNAGNMLTF,CSARVGDTGELFF,HLA-A*02:01,ALSPVIPHI,TRUE
CAVGEAGGGNKLTF,CASSYDSTTGELFF,HLA-A*02:01,ALSPVIPHI,TRUE
CAFMQFDMRF,CASTPGGYEQYF,HLA-A*02:01,KLFEFLVYGV,TRUE
CAVDTNTDKLIF,CASSQGYEQYF,HLA-A*02:01,KLFEFLVYGV,TRUE
CAVRPGGAGPFFVVF,CASSFNMATGQYF,HLA-A*01:01:73,ESDPIVAQY,TRUE
CAVRPGGAGPFFVVF,CASSFNMATGQYF,HLA-A*01:01:73,EVDPIGHLY,TRUE
CAASSSAGGTSYGKLTF,CASRPRDPVTQYF,HLA-DRA*01:02:03,LQPLALEGSLQKRG,TRUE
CAASVYAGGTSYGKLTF,CASRPRRDNEQFF,HLA-DRA*01:01:02,QPLALEGSLQKRG,TRUE
CAVNVAGKSTF,CAWSETGLGTGELFF,HLA-A*02:01:48,EAAGIGILTV,TRUE
CAVEGDTGFQKLVF,CASSSPRSSRDTDTQYF,HLA-A*02:01,VLLGVKLFGV,TRUE
CAASLSGGGADGLTF,CASSLDRKAFF,HLA-A*02:01,TLWCSPIKV,TRUE
CGADFLMNRDDKIIF,CASRAVINTDTQYF,HLA-B*07:02,APARLERRHSA,TRUE
CAVHRDYKLSF,CASSPGPNQPQHF,HLA-B*38:01,YHSIEWA,TRUE
CAVSADYKLSF,CASSPGPNQPQHF,HLA-B*38:01,YHSIEWA,TRUE
CAVSADYKLSF,CASTPTGNTEAFF,HLA-B*38:01,YHSIEWA,TRUE
CAVPSGSARQLTF,CASSLDFSRQETQYF,HLA-A*03:01,WLIRETQPITK,TRUE
CAVIKGYSTLTF,CASSLYLASNTGELFF,HLA-A*03:01,WLIRETQPITK,TRUE
CAVQAWGFGNVLHCF,CASSDRNTNYGYTF,HLA-A*02:01,GLLDEDFYA,TRUE
CAVKSWSGPGWGNQAGTALIF,CASSMRVQSNTGELFF,HLA-A*02:01,GLLDEDFYA,TRUE
CVGDFNNAGNMLTF,CASSPGREQYF,HLA-B*38:01,HQNPVTGLLL,TRUE
CAMRERGTSYDKVIF,CASRDGRVHQPQHF,HLA-B*07:02,APARLERRHSA,TRUE
CAVRDNYGQNFVF,CASSLSWGSSYNEQFF,HLA-B*07:02,RVSTLRVSL,TRUE
CAASGISGSRLTF,CASRDHRVIYGYTF,HLA-C*14:02,SYMIMEIE,TRUE
CAVRSAAAGNKLTF,CASSRSTGGSGNTIYF,HLA-B*44:02,GEEDGAGGHSL,TRUE
CAETRGGATNKLIF,CASSQAGGTGELFF,HLA-B*44:02,GEEDGAGGHSL,TRUE
CAVADGQKLLF,CASSSTGADSHEQFF,HLA-B*38:01,RHDLPPYRVYL,TRUE
CATDPSYSSASKIIF,CASSLLKAANYGYTF,HLA-B*07:02,APARLERRHSA,TRUE
CALSLYSGAGSYQLTF,CASSLAQGGETQYF,HLA-DPA1*01:03:05,QAFWIDLFETIG,TRUE
CAVDSATALPYGYIF,CASSYQGTEAFF,HLA-A*02:01:48,ILAKFLHWL,TRUE
CAVNFGGGKLIF,CASSWSFGTEAFF,HLA-A*02:01:48,ELAGIGILTV,TRUE
CAVNDGGRLTF,CAWSETGLGMGGWQF,HLA-A*02:01:48,ELAGIGILTV,TRUE
CAASSFGNEKLTF,CATSALGDTQYF,HLA-DQA1*01:11,RLLMLFAKDVVSRN,TRUE
CAVSGGGADGLTF,CASSFLGTGVEQYF,HLA-A*02:01:48,EAAGIGILTV,TRUE
CAVSGGGADGLTF,CASSFLGTGVEQYF,HLA-A*02:01:98,ALGIGILTV,TRUE
CGTETNTGNQFYF,CASSLGRYNEQFF,HLA-A*02:01,YLEPGPVTA,TRUE
CAASTSGGTSYGKLTF,CASSLGSSYEQYF,HLA-A*02:01,YLEPGPVTA,TRUE
CAVRPTSGGSYIPTF,CASSYVGNTGELFF,HLA-A*02:01,SLLMWITQC,TRUE
CAVNFGGGKLIF,CASSLSFGTEAFF,HLA-A*02:01,AAGIGILTV,TRUE
CAGGTGNQFYF,CAISEVGVGQPQHF,HLA-A*02:01,AAGIGILTV,TRUE
CATDGDTPLVF,CASSIGGPYEQYF,HLA-A*02:01,YLEPGPVTA,TRUE
CAASLPQGGSEKLVF,CASSDQGGDNEQFF,HLA-DRA*01:01,ATGFKQSSKALQRPVAS,TRUE
CAFMWGLGQNFVF,CASSVERENTGELFF,HLA-A*25:01,WSYDSTLLAY,TRUE
CALSEARGGATNKLIF,CASSRDTVNTEAFF,HLA-A*02:01,VLDLFQGQL,TRUE
CALSEARGGATNKLIF,CASSRDTVNTEAFF,HLA-A*02:01,MMDFFNAQM,TRUE
CALSEARGGATNKLIF,CASSRDFVSNEQYF,HLA-A*02:01,MMDFFNAQM,TRUE
CALSSRGSTLGRLYF,CASSPSGLAGSNLGNEQFF,HLA-A*02:01,KLEQLDWTV,TRUE
CALSSRGSTLGRLYF,CASSPSGLAGSNLGNEQFF,HLA-A*02:01,TMETIDWKV,TRUE
CALSSRGSTLGRLYF,CASSPSGLAGSNLGNEQFF,HLA-A*02:01,TLEELDWCL,TRUE
CALSSRGSTLGRLYF,CASSPSGLAGSNLGNEQFF,HLA-A*02:01,LLEDLDWDV,TRUE
CALSSRGSTLGRLYF,CASSPSGLAGSNLGNEQFF,HLA-A*02:01,VLEEVDWLI,TRUE
CALSSRGSTLGRLYF,CASSPSGLAGSNLGNEQFF,HLA-A*02:01,NMEYMTWDV,TRUE
CALSSRGSTLGRLYF,CASSPSGLAGSNLGNEQFF,HLA-A*02:01,NVEYYDIKL,TRUE
CAVRRGNNDMRF,CASNEGNSGNTIYF,HLA-DQA1*03:01,GDFGLATEKSRWSGS,TRUE
CIVRAYSGYSTLTF,CASGARQIPYTF,HLA-DQA1*03:01,GDFGLATEKSRWSGS,TRUE
CAVTSNAGKSTF,CASSLSAAGGGYGYTF,HLA-DQA1*03:01,GDFGLATEKSRWSGS,TRUE
CAVTGANNLFF,CASSIEGPTGELFF,HLA-A*02,VAANIVLTV,TRUE
CAGTRNNLFF,CASGGSSYEQYF,HLA-A*02,VAANIVLTV,TRUE
CAGGSNDYKLSF,CASSSVGVDTQYF,HLA-A*02,VAANIVLTV,TRUE
CALSEATYNQGGKLIF,CASSIFPNPGNTIYF,HLA-A*02,VAANIVLTV,TRUE
CAMREGLTGGFKTIF,CASSPFLTGSNTEAFF,HLA-A*02,VAANIVLTV,TRUE
CALSPAETSDYKLSF,CASTLTGFAEAFF,HLA-A*02,VAANIVLTV,TRUE
CAVDMGNTPLVF,CASSPSWLSGVTQYF,HLA-A*02,VAANIVLTV,TRUE
CALRSGYALNF,CASSDQETQYF,HLA-A*02,VAANIVLTV,TRUE
CAVRDIFNAGNMLTF,CASSIVSSSYNEQFF,HLA-A*02,VAANIVLTV,TRUE
CAFYSGGGADGLTF,CASRAGSFSTDTQYF,HLA-A*02,VAANIVLTV,TRUE
CAASGTLTTSGTYKYIF,CASSQEGTAYEQYF,HLA-A*02,VAANIVLTV,TRUE
CAVVRTQGGSEKLVF,CASSPWTGIPYNSPLHF,HLA-A*02,VAANIVLTV,TRUE
CAGILSYGQNFVF,CASSEVGQGFNGYTF,HLA-A*02,VAANIVLTV,TRUE
CLLMEYGNKLVF,CASQSYRVGSEQYF,HLA-A*02,VAANIVLTV,TRUE
CAFFPYGQNFVF,CASQSYRVGSEQYF,HLA-A*02,VAANIVLTV,TRUE
CAGGTGNQFYF,CAISEVGVGQPQHF,HLA-A*02:01:48,ELAGIGILTV,TRUE
CAVNFGGGKLIF,CASSLSFGTEAFF,HLA-A*02:01:48,AAGIGILTV,TRUE
CAVNFGGGKLIF,CASSLSFGTEAFF,HLA-A*02:01:48,ELAGIGILTV,TRUE
CAVTTDSWGKLQF,CASRPGLAGGRPEQYF,HLA-A*02:01:48,LGYGFVNYI,TRUE
CAARPDSNYQLIW,CASSQGGDEQFF,HLA-A*02:01,ALYGFVPVL,TRUE
CATDDSGGYQKVTF,CASSGELRGAEKLFF,HLA-A*02:01,AVGSYVYSV,TRUE
CAAPGNYGQNFVF,CASSYGGEQPQHF,HLA-A*02:01,NLNCCSVPV,TRUE
CAAYRSGAGSYQLTF,CASSNGYGNQPQHF,HLA-A*02:01,ALYGFVPVL,TRUE
CAFYNQGGKLIF,CASSVEGVADEQYF,HLA-A*02:01,AVGSYVYSV,TRUE
CAALTDSWGKLQF,CASSDLQGGGPGEQYF,HLA-A*02:01,ALYGFVPVL,TRUE
CAVISGGGADGLTF,CASTIALGYEQYF,HLA-A*02:01,NLNCCSVPV,TRUE
CALEAGNKLTF,CASSSGGGNEQFF,HLA-A*02:01,NLNCCSVPV,TRUE
CAVSESRNRDDKIIF,CASSSGGGNEQFF,HLA-A*02:01,NLNCCSVPV,TRUE
CAESGGNNNDMRF,CASSPSLQVAQHF,HLA-A*02:01,ALYGFVPVL,TRUE
CAVSDARNYQLIW,CATSDPGTTNTGELFF,HLA-A*02:01,ALYGFVPVL,TRUE
CAVEVLQGAQKLVF,CASSLGGGAYEQYF,HLA-A*02:01,ALYGFVPVL,TRUE
CAVTGNQFYF,CSASPGYNEQFF,HLA-A*02:01,VVMSWAPPV,TRUE
CAASRDSGYALNF,CASSLAGESSYNEQFF,HLA-A*02:01,VVMSWAPPV,TRUE
CAMREANNYGQNFVF,CASSLGDPNTEAFF,HLA-A*02:01,KLFEFLVYGV,TRUE
CAVNLDQTGANNLFF,CASSLGGYSPLHF,HLA-A*02:01,VVMSWAPPV,TRUE
CAMREGGNYGQNFVF,CASSTQGQPQHF,HLA-A*02:01,VVMSWAPPV,TRUE
CAVGAGEAAGNKLTF,CASSLGGSYTF,HLA-A*02:01,VVMSWAPPV,TRUE
CAGVLDSNYQLIW,CASSPWTPTTDTQYF,HLA-A*02:01,VVMSWAPPV,TRUE
CAVRGYSGGGADGLTF,CASNFPNISEGTCSNQPQHF,HLA-A*02:01,VVMSWAPPV,TRUE
CAVRGYSGGGADGLTF,CQAGGRLGELFF,HLA-A*02:01,VVMSWAPPV,TRUE
CAASSFGNEKLTF,CATSALGDTQYF,HLA-DQA1*01:11,NPVVHFFKNIVTPR,TRUE
CAVRPTSGGSYIPTF,CASSYVGNTGELFF,HLA-A*02:01,SLLMWITQC,TRUE
CAVNFGGGKLIF,CASSLSFGTEAFF,HLA-A*02:01,AAGIGILTV,TRUE
CALSDPRGGSQGNLIF,CASRGEGYGYTF,HLA-DRA*01:01,PGVLLKEFTVSGNIL,TRUE
CAFMQGKSTF,CASGYQNQPQHF,HLA-DRA*01:01,PGVLLKEFTVSGNIL,TRUE
CAVIIQGAQKLVF,CASSTQTELPQHF,HLA-DRA*01:01,PGVLLKEFTVSGNIL,TRUE
CAGTQGGSEKLVF,CASSVMGTQYF,HLA-DRA*01:01,PGVLLKEFTVSGNIL,TRUE
CAFISTQGGSEKLVF,CASSPLRPSYEQYF,HLA-DRA*01:01,PGVLLKEFTVSGNIL,TRUE
CAMRQGGSEKLVF,CASSGQGAGTQYF,HLA-DRA*01:01,PGVLLKEFTVSGNIL,TRUE
CALRDSGGGADGLTF,CASSVMTGLNTEAFF,HLA-DRA*01:01,PGVLLKEFTVSGNIL,TRUE
CAVPNSGNTPLVF,CASSVIYEQYF,HLA-DRA*01:01,PGVLLKEFTVSGNIL,TRUE
CAVPNSGNTPLVF,CASSIIYEQYF,HLA-DRA*01:01,PGVLLKEFTVSGNIL,TRUE
CAEAENQAGTALIF,CASSGLAGVTGELFF,HLA-DRA*01:01,PGVLLKEFTVSGNIL,TRUE
CAVVPMDSNYQLIW,CASSVGGGVTDTQYF,HLA-A*68:01,MVNTVAGAMK,TRUE
CTVYGGATNKLIF,CSARGGSYNSPLHF,HLA-DRA*01:01:02,FSWGAEGQRPGF,TRUE
CVVQPGGYQKVTF,CASSEGLWQVGDEQYF,HLA-A*02:01,HMTEVVRHC,TRUE
CALDIYPHDMRF,CASSLDPGDTGELFF,HLA-A*02:01,HMTEVVRHC,TRUE
CAFMGYSGAGSYQLTF,CAISELVTGDSPLHF,HLA-A*02:01,HMTEVVRHC,TRUE
CAASKSAIMVVLQTSSSL,CASSIQQGADTQYF,HLA-A*02:01,HMTEVVRHC,TRUE
CALITGGGNKLTF,CASRLQGWNSPLHF,HLA-DRA*01:01,VVRHCPHHERCSDSD,TRUE
CAWNSGGSNYKLTF,CASSYSQAWGQPQHF,HLA-DRA*01:01,RNTFRHSVVVPCE,TRUE
CAVRVWDYKLSF,CASSISAGGDGYTF,HLA-DRA*01:01,HYNYMCNSSCMGSMN,TRUE
CAVKGDYKLSF,CASSLVNTEAFF,HLA-DRA*01:01,HYNYMCNSSCMGSMN,TRUE
CAVYTGGFKTIF,CASNLGGGSTDTQYF,HLA-A*68:01,SSCMGGMNWR,TRUE
CAFYYGGSQGNLIF,CASSFGSGSTDTQYF,HLA-A*68:01,SSCMGGMNWR,TRUE
CAVYPGGSQGNLIF,CASSLGTGSTDTQYF,HLA-A*68:01,SSCMGGMNWR,TRUE
CAVTLSGGYNKLIF,CASSSRDYEQYF,HLA-DPA1*01:03,SCMGGMNWRPILTII,TRUE
CAMRRWWDSNYQLIW,CASTTGTSGQNTGELFF,HLA-DRA*01:01,KALARALKEGRIR,TRUE
CAVGRSNSGGYQKVTF,CAWSALAGARDTQYF,HLA-DRA*01:01,GAVGVGKSAL,TRUE
CAVTVVNAGNNRKLIW,CASSLGLPGTDTQYF,HLA-DRA*01:01,GAVGVGKSAL,TRUE
CAVSVNTDKLIF,CSAPPLAGDETQYF,HLA-DQA1*01:03,YVMAYVMAGVGS,TRUE
CAVEDDYKLSF,CASSLILDSPLHF,HLA-A*30:02,MTLHGHMMY,TRUE
CAMTLYSSASKIIF,CASSVTFRTGPMYGYTF,HLA-A*30:02,MTLHGHMMY,TRUE
CAVRSREYSTLTF,CASSLDLDSDGYTF,HLA-A*30:02,MTLHGHMMY,TRUE
CASESAGNMLTF,CASSESENSYGYTF,HLA-A*30:02,MTLHGHMMY,TRUE
CAGLQAQKLVF,CASSPPGSKAYGYTF,HLA-A*30:02,MTLHGHMMY,TRUE
CALSEALGFLSKLTF,CASGTAGGPSTDTQYF,HLA-A*30:02,MTLHGHMMY,TRUE
CAVGPGGSYDKVIF,CASSLTGGGNYGYTF,HLA-A*30:02,MTLHGHMMY,TRUE
CAPHNNARLMF,CASSFLADGELFF,HLA-A*30:02,MTLHGHMMY,TRUE
CAVSSSGDSSYKLIF,CASSLSWGETQYF,HLA-A*30:02,MTLHGHMMY,TRUE
CAVEGAGSYQLTF,CASSYHGQGAVDTQYF,HLA-A*30:02,MTLHGHMMY,TRUE
CAVMDSSYKLIF,CASSEGDRETGELFF,HLA-A*30:02,MTLHGHMMY,TRUE
CALQGWMADSWGKLQF,CASSTRLARNNEQFF,HLA-A*30:02,MTLHGHMMY,TRUE
CAYRSAEANSKLTF,CASSEGYWGTGRDTQYF,HLA-A*30:02,MTLHGHMMY,TRUE
CAYRSARYTDKLIF,CASSLTGRETQYF,HLA-A*30:02,MTLHGHMMY,TRUE
CAVRPTSGGSYIPTF,CASSYVGAAGELFF,HLA-A*02:01,SLLMWITQC,TRUE
CAVPDDAGNMLTF,CASSELPAGGTNEQFF,HLA-A*02:01,RLARLALVL,TRUE
CASMYSGGGADGLTF,CASSFFSNTGELFF,HLA-A*02:01,RLARLALVL,TRUE
CASGGGADGLTF,CASSFLTDTQYF,HLA-A*02:01,RLARLALVL,TRUE
CAGGGGADGLTF,CASSYMGPEAFF,HLA-A*02:01,RLARLALVL,TRUE
CSSGGGADGLTF,CASMDLAFKQYF,HLA-A*02:01,RLARLALVL,TRUE
CAYRSGSDGGSQGNLIF,CASSQVSGYEQYF,HLA-A*02:01,RLARLALVL,TRUE
CAVRDDYGQNFVF,CASSPQGDNEQFF,HLA-A*02:01,RLARLALVL,TRUE
CILPLAGGTSYGKLTF,CASSLGQAYEQYF,HLA-B*44:05:01,EEYLQAFTY,TRUE
CILPLAGGTSYGKLTF,CASSLGQAYEQYF,HLA-B*44:05:01,EEYLKAWTF,TRUE
CAVNVAGKSTF,CAWSETGLGTGELFF,HLA-A*02:01:48,ELAGIGILTV,TRUE
CATDRGTDKLIF,CASSPGVGTEAFF,HLA-B*40:01,EFTVSGNIL,TRUE
CAEGDTGRRALTF,CASSPGASYEQYF,HLA-B*40:01,ESITGSLGPLL,TRUE
CAGMDSNYQLIW,CASSLPLGYEQYF,HLA-C*03:04,LAMPFATPM,TRUE
CALQGWVRGADGLTF,CASSQDSHSTSTDTQYF,HLA-A*02:01,KASEKIFYV,TRUE
CAVEPMEYGNKLVF,CASSALFSGANVLTF,HLA-A*02:01,KASEKIFYV,TRUE
CAVATDSWGKLQF,CASSLLPEGTGRVSGYTF,HLA-A*24:02,VYFFLPDHL,TRUE
CAYRSSNFNEKLTF,CATSSFRMTGDNSPLHF,HLA-A*02:01,KASEKIFYV,TRUE
CAVAHSGGYQKVTF,CASSWEYEQYF,HLA-A*02:01,KASEKIFYV,TRUE
CALEVRSSASKIIF,CSANPRTTLYEQYF,HLA-B*18:01,MEVDPIGHLY,TRUE
CVVRGMDSSYKLIF,CATSSEDSSNQPQHF,HLA-C*06:02,HRRGSRSYV,TRUE
CVVSFSGNTPLVF,CASSSSYSNQPQHF,HLA-B*07:02,APRGPHGGAASGL,TRUE
CALSESYSGAGSYQLTF,CASSLASGSNQPQHF,HLA-B*07:02,RVRFFFPSL,TRUE
CILRDTVGSQGNLIF,CASSESQGDYYGYTF,HLA-A*02:01,VLNGTVHPV,TRUE
CAVYGGATNKLIF,CASSPHAGGVDEKLFF,HLA-B*18:01,EEAAGIGIL,TRUE
CLVGDVEGSQGNLIF,CASSHHSGGIYNEQFF,HLA-C*05:01,FQDYIKSYL,TRUE
CAANSGNTPLVF,CASSLMGGGNTIYF,HLA-C*07:01,RYGSFSVTL,TRUE
CALFLASSSFSKLVF,CASSDWVSYEQYF,HLA-A*02:01:48,ALWGFFPVL,TRUE
CAVRPLLDGTYIPTF,CASSYLGNTGELFF,HLA-A*02:01:48,SLLMWITQC,TRUE
CALYTGANSKLTF,CASSLGPVYEQYF,HLA-A*02:01,TLWCSPIKV,TRUE
CAASQLGGKLIF,CASSEGHFSGNTIYF,HLA-A*02:01,TLWCSPIKV,TRUE
CAEKKNSGNTPLVF,CASGGAIDTDTQYF,HLA-A*02:01,TLWCSPIKV,TRUE
CAVLQRRSGGSNYKLTF,CASSSGLAGEQFF,HLA-A*02:01,TLWCSPIKV,TRUE
CAVHGDDYKLSF,CASSFFGSNQPQHF,HLA-A*02:01,TLWCSPIKV,TRUE
CATGNSGGSNYKLTF,CASSFSNDYEQYF,HLA-A*02:01,TLWCSPIKV,TRUE
CAVRFLLGGGGADGLTF,CASGSSGQGEYGELFF,HLA-A*02:01,TLWCSPIKV,TRUE
CAVRDLTLGNDMRF,CASSEDLLRDTHQPQHF,HLA-A*02:01,TLWCSPIKV,TRUE
CARPAAERDDKIIF,CASSLIQVGYEQYF,HLA-A*02:01,TLWCSPIKV,TRUE
CAASSVATDKLIF,CASSESRSGNQPQHF,HLA-A*02:01,FMPDFDLHL,TRUE
CAVIPWGANNLFF,CASSLYRGTGELFF,HLA-A*02:01,FMPDFDLHL,TRUE
CAFEDSGGSNYKLTF,CASSHQAGALYNEQFF,HLA-A*29:02,EVLPFFLFF,TRUE
CALTGGSTLGRLYF,CASSLNSGHTQYF,HLA-A*29:02,QTNPVTLQY,TRUE
CALIQGAQKLVF,CATGTGGNDYEQYF,HLA-A*29:02,TLYSLTLLY,TRUE
CATEPRGGYQKVTF,CASSNRGYDEQYF,HLA-B*44:03,TEDEHFEFY,TRUE
CAYRIYYGNKLVF,CSVEDRRGPFYGYTF,HLA-B*44:03,TEDEHFEFY,TRUE
CAVGRTGTYKYIF,CASSQYAVRVGDTEAFF,HLA-A*02:01,FLIYLDVSV,TRUE
CAVAGGGGADGLTF,CASSPPGRYYEQYF,HLA-A*02:01,FLIYLDVSV,TRUE
CVVNTGGSYIPTF,CATSEGPGQGISGANVLTF,HLA-A*02:01,FLIYLDVSV,TRUE
CAVSDEGTGGFKTIF,CASSFGGGLQETQYF,HLA-A*02:01,CISSCNPNL,TRUE
CAYRSVDMEYGNKLVF,CASSSTRGWADTQYF,HLA-A*02:01,KLTESLHKV,TRUE
CAALIQGAQKLVF,CASTYHGTGYF,HLA-DRA*01:02:03,GELIGTLNAAKVPAD,TRUE
CAALIQGAQKLVF,CASTYHGTGYF,HLA-DRA*01:01:02,GELIGILNAAKVPAD,TRUE
CAVDRGSTLGRLYF,CASSQIRETQYF,HLA-DRA*01:01:02,GELIGILNAAKVPAD,TRUE
CAGPRFTSGTYKYIF,CASSPTLYNEQFF,HLA-A*02:01,GVYALIAGA,TRUE
CAMIRGADGLTF,CASSLSYLNEQFF,HLA-A*02:01,GVYALIAGA,TRUE
CAVPWGGNTGKLIF,CASHPVGSLTDTQYF,HLA-A*02:01,GVYALIAGA,TRUE
CIVSRARLMF,CASSEWVFWSSYNSPLHF,HLA-A*02:01,GVYALIAGA,TRUE
CAVRPTSGGSYIPTF,CASSYVGNTGELFF,HLA-A*02:01:48,SLLMWITQC,TRUE
CAVGGRASGSARQLTF,CASSTRPGTEAFF,HLA-DQA*01,LLEFYLAMPFATP,TRUE
CAASNRFSGGYNKLIF,CSARDRIAVYNEQFF,HLA-DQA*01,LLEFYLAMPFATP,TRUE
CAERAGTASKLTF,CASTLALGGGANEQFF,HLA-DQA*01,LLEFYLAMPFATP,TRUE
CWSPNQAGTALIF,CAISRDTRRGQPQHF,HLA-DQA*01,LLEFYLAMPFATP,TRUE
CAVKKSSGSARQLTF,CASSPARDGGGNEQFF,HLA-DQA*01,LLEFYLAMPFATP,TRUE
CAAISNAGGTSYGKLTF,CASSTTGKRGEQYF,HLA-DQA*01,LLEFYLAMPFATP,TRUE
CAAIRSSGSRLTF,CASSQSTVRYGYTF,HLA-DQA*01,LLEFYLAMPFATP,TRUE
CAPVSNAGKSTF,CASSVGPSGGASELFF,HLA-DQA*01,LLEFYLAMPFATP,TRUE
CAASRNFGNEKLTF,CASSVGPNGSNQPQHF,HLA-DQA*01,LLEFYLAMPFATP,TRUE
CAGPYTGANSKLTF,CASSLGRRGGPYNEQFF,HLA-DQA*01,LLEFYLAMPFATP,TRUE
CAASSPSGGYQKVTF,CASSVAPSGVGTQYF,HLA-DQA*01,LLEFYLAMPFATP,TRUE
CASISNTGNQFYF,CASSPNRVYGYTF,HLA-DQA*01,LLEFYLAMPFATP,TRUE
CAEYSGAGSYQLTF,CASRLRWGAAAGELFF,HLA-DQA*01,LLEFYLAMPFATP,TRUE
CAVCTLYNFNKEYF,CASLTDNNEQFF,HLA-DPA1*01:03,SPNNFLSYYRLTRFLSRVIK,TRUE
CAVAPYDRGSTLGRLYF,CASSTGQGLETQYF,HLA-DPA1*01:03,VFVQSVLPYFVATKLAKIRK,TRUE
CAGVKDSNYQLIW,CAWSSYNEQFF,HLA-DPA1*01:03,VFVQSVLPYFVATKLAKIRK,TRUE
CALSDLSYGGATNKLIF,CASSKGQGLGNQPQHF,HLA-DPA1*01:03,YNYIASFFIETGFCDSGILS,TRUE
CAVEVNSGTYKYIF,CASRRDLAAFF,HLA-DPA1*01:03,AISRKMVELVHFLLLKYRAR,TRUE
CALSVGTYKYIF,CASSPGTGGRETQYF,HLA-DPA1*01:03,AISRKMVELVHFLLLKYRAR,TRUE
CAFMKRAETSGSRLTF,CASSYWPTRETQYF,HLA-DPA1*01:03,SGWGDPHYITFDGTYYTFLD,TRUE
CVVSGGVNGGATNKLIF,CASSLTGGVSYEQYF,HLA-DPA1*01:03,SLLMWITQCFLPVF,TRUE
CAASVRGSTLGRLYF,CASSLGTGGTGELFF,HLA-DPA1*01:03,DFHFEVFNFVPCSI,TRUE
CAVSGGRGSTLGRLYF,CSVQGGLDSNYGYTF,HLA-DPA1*01:03,DFHFEVFNFVPCSI,TRUE
CAYRSNNFNKFYF,CASSLNTGAGYGYTF,HLA-DPA1*01:03,DFHFEVFNFVPCSI,TRUE
CAVEERTGGFKTIF,CASSLPSGGAPGTGELFF,HLA-DPA1*01:03,DFHFEVFNFVPCSI,TRUE
CLVGDLGANAGNMLTF,CASSIATTNTGELFF,HLA-DPA1*01:03,FNNFTVSFWLRVPKVSASHLE,TRUE
CLVGDLGANAGNMLTF,CASSLETGTNYEQYF,HLA-DPA1*01:03,FNNFTVSFWLRVPKVSASHLE,TRUE
CAVALYGGATNKLIF,CASSLDIGNNEQFF,HLA-DPA1*01:03,FNNFTVSFWLRVPKVSASHLE,TRUE
CAGRSGGSNYKLTF,CASSIATTNTGELFF,HLA-DPA1*01:03,FNNFTVSFWLRVPKVSASHLE,TRUE
CAVESGNTGKLIF,CASSISSTGELFF,HLA-A*02:01,RLPGVLPRA,TRUE
CAGYPGYSTLTF,CASSLGQYNSPLHF,HLA-A*02:01,RLPGVLPRA,TRUE
CAVRINYKLSF,CASSRVTSGHNEQFF,HLA-A*02:01,RLPGVLPRA,TRUE
CAVRDNNARLMF,CAIDPTGSLNQPQHF,HLA-A*02:01,RLPGVLPRA,TRUE
CAVRDGHRDDKIIF,CASSLGVRAQKTQYF,HLA-A*02:01,RLPGVLPRA,TRUE
CAYNTGGFKTIF,CATGPRGSSYNEQFF,HLA-A*02:01,RLPGVLPRA,TRUE
CAESQGNLIF,CASSQSPGGEQFF,HLA-A*02:01,RLPGVLPRA,TRUE
CAYRSPVSGNQFYF,CASTPPRGPQHF,HLA-A*02:01,RLPGVLPRA,TRUE
CAGGSGTASKLTF,CASSVAGSYGDTQYF,HLA-A*02:01,RLPGVLPRA,TRUE
CAGAGEAGAQKLVF,CASSPTGLVYEQFF,HLA-A*02:01,RLPGVLPRA,TRUE
CATDRDQGAQKLVF,CASSQEVGIWQTQYF,HLA-A*02:01,RLPGVLPRA,TRUE
CAESMSYQKVTF,CASSLEASTDTQYF,HLA-A*02:01,RLPGVLPRA,TRUE
CTSNYQLIW,CASSLFRETEAFF,HLA-A*02:01,RLPGVLPRA,TRUE
CAVSGGNQFYF,CASSLTGETEKLFF,HLA-A*02:01,RLPGVLPRA,TRUE
CAYRTPLRDDKIIF,CASSDTAGSSYNEQFF,HLA-A*02:01,RLPGVLPRA,TRUE
CAVSPYNNNDMRF,CASRPLAAQETQYF,HLA-A*02:01,RLPGVLPRA,TRUE
CAVENYQLIW,CASSQGQEKETQYF,HLA-A*02:01,RLPGVLPRA,TRUE
CAMREGGSQGNLIF,CASRFDGSNQPQHF,HLA-A*02:01,RLPGVLPRA,TRUE
CAMRGYQKVTF,CASSHELTRADTQYF,HLA-A*02:01,RLPGVLPRA,TRUE
CALSEVDRLMF,CASSLTGTDTQYF,HLA-A*02:01,RLPGVLPRA,TRUE
CAEMEGTALIF,CASSQGAAEAFF,HLA-A*02:01,RLPGVLPRA,TRUE
CAAERDDKIIF,CASSMTSGSPYNEQFF,HLA-A*02:01,RLPGVLPRA,TRUE
CAVLGNQFYF,CASSLVAGTDGYTF,HLA-A*02:01,RLPGVLPRA,TRUE
CAVKGAGANSKLTF,CASRSDRVTEHTQYF,HLA-A*02:01,RLPGVLPRA,TRUE
CAYYPWNTGNQFYF,CASSDGSYEQYF,HLA-A*02:01,RLPGVLPRA,TRUE
CAVSDYGQNFVF,CASSDSGTEAFF,HLA-A*02:01,RLPGVLPRA,TRUE
CAESEGADGLTF,CSASEGYTF,HLA-A*02:01,RLPGVLPRA,TRUE
CAVRNDYKLSF,CASSYPTSGYNEQFF,HLA-A*02:01,RLPGVLPRA,TRUE
CAVITTDSWGKLQF,CASSSGLAGASNEQFF,HLA-A*02:01,RLPGVLPRA,TRUE
CADPTDSWGKLQF,CASSLIGLAEQFF,HLA-A*02:01,RLPGVLPRA,TRUE
CVVIGPFNDYKLSF,CSVEKGNNYGYTF,HLA-A*02:01,RLPGVLPRA,TRUE
CAFMKHEDTGGNTPLVF,CASSLSQGIYYEQYF,HLA-A*02:01,RLPGVLPRA,TRUE
CAFDRGSSNAGKLIF,CASEGVHEQFF,HLA-A*02:01,LLIRWQHFL,TRUE
CAGLPYGQNFVF,CASSPVGWGNTIYF,HLA-A*02:01,AALPILFQV,TRUE
CATDKGSGGSNYKLTF,CASSTMGDYYEQYF,HLA-A*02:01,ALLLQLFTL,TRUE
CAALGGDKIIF,CASSLWAGNTIYF,HLA-A*02:01,ALLPGLPAA,TRUE
CAVRNTGNQFYF,CAINSGFGSPLHF,HLA-A*02:01,ALLPGLPAA,TRUE
CAAPGNYGQNFVF,CSASQIYEQYF,HLA-A*02:01,ALLPGLPAA,TRUE
CAGIVRDDKIIF,CASSFSLQYEQYF,HLA-A*02:01,ALLPGLPAA,TRUE
CAFLQGGSEKLVF,CASSLFGLAGVEETQYF,HLA-A*02:01,RLPGVLPRA,TRUE
CAFMKHEDSGAGSYQLTF,CASSQAISDREVWDQETQYF,HLA-A*02:01,RLPGVLPRA,TRUE
CVGGGGSNYKLTF,CASSLTPPGSYNEQFF,HLA-A*02:01,RLPGVLPRA,TRUE
CAPSLMDTGRRALTF,CASSFGGDGYNEQFF,HLA-A*02:01,RLPGVLPRA,TRUE
CASGLPDTPLVF,CASSLRDRGNQPQHF,HLA-A*02:01,RLPGVLPRA,TRUE
CAMIEWDTGRRALIF,CSVEDLGAGVSNEQFF,HLA-A*02:01,RLPGVLPRA,TRUE
CAFFEYDNNARLMF,CASSYEDHEQYF,HLA-A*02:01,RLPGVLPRA,TRUE
CALSDRDGGTSYGKLTF,CASSYSPGYEQYF,HLA-A*02:01,RLPGVLPRA,TRUE
CAVPLRADLTKLVF,CASSLEVGLAPNEQFF,HLA-A*02:01,RLPGVLPRA,TRUE
CALTEVDSSYKLIF,CASSLAGGSYEQYF,HLA-A*02:01,RLPGVLPRA,TRUE
CALSEATSGTYKYIF,CASSLITGDTEAFF,HLA-A*02:01,RLPGVLPRA,TRUE
CAMRAFGNEKLTF,CASSPRDEQFF,HLA-A*02:01,RLGEVRHPV,TRUE
CALFLASSSFSKLVF,CASSDWVSYEQYF,HLA-A*02:01:48,ALWGFFPVL,TRUE
CASSRWGGSEKLVF,CASSDSRTGGTDTQYF,HLA-A*24:02,KYTKAFLV,TRUE
CAVHHLNRDDKIIF,CASSADLGTREQYF,HLA-A*02:01,LLDTVLVNV,TRUE
CAPSKYNNNDMRF,CAISGTEDGELFF,HLA-A*02:01,RQFDITSVSV,TRUE
CAVSPLTSGTYKYIF,CAWSEGDETQYF,HLA-A*24:02,DYIIRSHKV,TRUE
CALSTSMDSNYQLIW,CASSCWDRSTDTQYF,HLA-A*02:01,FVNLEQHVV,TRUE
CAFDNYGQNFVF,CASSLTGSFNEQFF,HLA-C*03:03,YLHAYAKAL,TRUE
CAVNVFNKFYF,CASSFLITDTQYF,HLA-C*05:01,LSDAFVSV,TRUE
CAVQAGTALIF,CASSQPGGGNTEAFF,HLA-B*35:01,FPNIHMETC,TRUE
CVVSAPDTGRRALTF,CASSSGQGFTDTQYF,HLA-C*03:03,LAVFPNIHM,TRUE
CAVVLSYNTDKLIF,CASSLSPPGYLETQYF,HLA-C*12:02,RTHPGRPFF,TRUE
CAVTDSNYQLIW,CATSDFQRGEETQYF,HLA-B*39:01,MRTHPGRPFF,TRUE
CAVAPDNYGQNFVF,CATYSSGANVLTF,HLA-C*12:02,FVGPLDEDF,TRUE
CAVNLLTDSWGKFQF,CATMGSGGNEQFF,HLA-B*35:01,FAFRWVLGIAY,TRUE
CAAYSGGGADGLTF,CASSSVAGITYEQYF,HLA-A*02:01,SISAFNLDVV,TRUE
CAVSYSGSARQLTF,CASNPGGRGEKLFF,HLA-A*02:01,ITADVNYNL,TRUE
CAGLLGDSGAGSYQLTF,CAISESWMSSYNEQFF,HLA-B*40:01,FEADTFFHFV,TRUE
CAAPDAGGTSYGKLTF,CASSPLNPYNEQFF,HLA-C*07:01,KALDYIHHV,TRUE
CAMSPTYSGAGSYQLTF,CSASLLGEGYEQYF,HLA-A*01:01,ALDYIHHVGYV,TRUE
CAASRGPAGGTSYGKLTF,CASSQDAWWLSQPQHF,HLA-A*24:02,AGVNQISYW,TRUE
CATDEGNFVF,CASSPGQRETQYF,HLA-C*06:02,LRFLRNGLT,TRUE
CAYRRRNSGYALNF,CASSLRVWSSYEQYF,HLA-A*24:02,EMQLTPFFI,TRUE
CAGLLGDSGAGSYQLTF,CAISESWMSSYNEQFF,HLA-A*02:01,SLLKLGKLPL,TRUE
CATDEVGDMRF,CAISGSLYNEQFF,HLA-C*07:02,ARHIHEGASL,TRUE
CALSEETDRGSTLGRLYF,CASSQDGGFEQFF,HLA-C*07:02,FRSTRFLHI,TRUE
CAGGGSQGNLIF,CASSQDTGGYSGNTIYF,HLA-B*08:01,VLKNRYLVL,TRUE
CALSDHNTDKLIF,CASISDSYNEQFF,HLA-C*07:02,SRVLHKLEV,TRUE
CVVNMYNQGGKLIF,CASSYSGPNYEQYF,HLA-A*02:01,SLTQILLTWT,TRUE
CAVNSYGKLTF,CASSDGTLGNSPLHF,HLA-A*02:01,HMWRAAFTAER,TRUE
CAASEGDDKIIF,CASSLAWAPEQYF,HLA-A*02:01,LGLWYLQTALE,TRUE
CAVNRAGGSYIPTF,CASSQGQGVLGMKKLFF,HLA-A*02:01,FQVIQPERV,TRUE
CALSEATGFGNEKLTF,CAISDPRDSYEQYF,HLA-C*04:01,IWDYVNKELA,TRUE
CLVIEAGNNRKLIW,CATSDLGLEVDEQFF,HLA-A*11:01,VMVNHLHKY,TRUE
CAMTRGGGGNKLTF,CASSYGGPEQFF,HLA-B*57:01,VSFGLQFQF,TRUE
CAAHSGGYQKVTF,CASSEDEQEYSYEQYF,HLA-C*07:01,KRKEPLKI,TRUE
CIVRLAPYSGNTPLVF,CASISGFMGLMNTEAFF,HLA-C*07:01,FRLIARLL,TRUE
CAVKGDYKLSF,CASSDRSYNEQFF,HLA-B*35:01,RPSTAEKYIF,TRUE
CAVNFGGGKLIFF,CASSLSFGTEAF,HLA-A*02:01,EAAGIGILTV,TRUE
CAVNFGGGKLIFF,CASSLSFGTEAF,HLA-A*02:01,AAGIGILTV,TRUE
CAVNFGGGKLIFF,CASSLSFGTEAF,HLA-A*02:01,ALGIGILTV,TRUE
CAASLIQGAQKLVF,CASSPGGNEQLF,HLA-A*02:01,ITDQVPFSV,TRUE
CAFMDSNYQLIW,CASSRTSPTDTQYF,HLA-A*02:06,KQWLVWLLL,TRUE
CAASSFGNEKLTF,CATSALGDTQYF,HLA-DQA1*01:02,ENPVVHFFKNIVTPR,TRUE
CAFHGARLMF,CASSLESGFLSGYTF,HLA-A*24:02,CYTWNQMNL,TRUE
CRGLVSGTASKLTF,CASSYGVGQPQHF,HLA-A*02:01,ELAGIGILTV,TRUE
CAVNYGNKLVF,CSASAGLAEAFF,HLA-A*02:01,ELAGIGILTV,TRUE
CAVRNDMRF,CASSPQGQGNGYTF,HLA-A*02:01,ELAGIGILTV,TRUE
CAVGGNNRLAF,CASSEDFSGNTIYF,HLA-A*02:01,ELAGIGILTV,TRUE
CAVTDRF,CASSWDGAGNIQYF,HLA-A*02:01,ELAGIGILTV,TRUE
CAVGAGSARQLTF,CASSLSQGGNEQFF,HLA-A*02:01,ELAGIGILTV,TRUE
CAVNLAGGTSYGKLTF,CASSFAPGNTIYF,HLA-A*02:01,ELAGIGILTV,TRUE
CAVVQGAQKLVF,CASSYLTGTGAYEQYF,HLA-A*02:01,ELAGIGILTV,TRUE
CAVSIKAAGNKLTF,CASSPGMGSGYTF,HLA-A*02:01,ELAGIGILTV,TRUE
CAVGANSGYSTLTF,CASSLEGQGGSPLHF,HLA-A*02:01,ELAGIGILTV,TRUE
CAVDTGRRALTF,CASTTSELAKNIQYF,HLA-A*02:01,ELAGIGILTV,TRUE
CAVAI,CSARQGAEAFF,HLA-A*02:01,ELAGIGILTV,TRUE
CAAQGAQKLVF,CASSQGLVSGSPLHF,HLA-A*02:01,ELAGIGILTV,TRUE
CASNSGGGADGLTF,CASSSEAGLAATDTQYF,HLA-A*02:01,ELAGIGILTV,TRUE
CVGPRTF,CASSLTGLGQPQHF,HLA-A*02:01,ELAGIGILTV,TRUE
CAVINYQLIW,CASSYYLAGTSIYEQYF,HLA-A*02:01,ELAGIGILTV,TRUE
CAVGSSGSARQLTF,CATSAGQGAFSGELFF,HLA-A*02:01,ELAGIGILTV,TRUE
CAMSPSNFGNEKLTF,CASSQDFVLYSGNTIYF,HLA-A*02:01,ELAGIGILTV,TRUE
CAVRAHSGGGADGLTF,CASSPGGGASYEQYF,HLA-A*03:01,RIAAWMATY,TRUE
CAVSGGADGLTF,CASSLGYTGDYEQYF,HLA-A*02:01,ELAGIGILTV,TRUE
CAVVEGGGADGLTF,CASSLSPFYSYGYTF,HLA-A*02:01,ELAGIGILTV,TRUE
CAVASGGADGLTF,CAWGYTGGGQPQHF,HLA-A*02:01,ELAGIGILTV,TRUE
CAVSQGGADGLTF,CASSLTGGAEAFF,HLA-A*02:01,ELAGIGILTV,TRUE
CAADNARLMF,CASSIASLLAGGTDTQYF,HLA-A*02:01,ELAGIGILTV,TRUE
CLVGDKAAGNKLTF,CSAMGQGARGRRGYNSPLHF,HLA-A*24:02,CYTWNQMNL,TRUE
CAVSMDSNYQLIW,CASSTQVGYEQYF,HLA-A*02:01,RMFPNAPYL,TRUE
CAVNQVTGGGNKLTF,CASSLGGLGQPQHF,HLA-A*02:01,ELAGIGILTV,TRUE
CAVGGTGKLIF,CASGLSGDEQYF,HLA-A*02:01,ELAGIGILTV,TRUE
CALSQVSGGSYIPTF,CATSDYTSDTQYF,HLA-A*02:01,SLLMWITQV,TRUE
CAGNNARLMF,CASRGTGLGNQPQHF,HLA-A*02:01,ELAGIGILTV,TRUE
CAASHSGTSYGKLTF,CASSLSLAGELFF,HLA-A*02:01,ELAGIGILTV,TRUE
CAVDSGGGADGLTF,CASSEGGVGAGELFF,HLA-A*02:01,ELAGIGILTV,TRUE
CAVNEGLGSARQLTF,CATSDSSGGSGYTF,HLA-A*02:01,ELAGIGILTV,TRUE
CAASAGTGNQFYF,CASSPGEGLYEQYF,HLA-A*02:01,ELAGIGILTV,TRUE
CALTPRDDMRF,CASSYGLNQPQHF,HLA-A*02:01,ELAGIGILTV,TRUE
CAVNLGSYIPTF,CATSWGGSGELFF,HLA-A*02:01,ELAGIGILTV,TRUE
CATAGPNSGGSNYKLTF,CASSFRAPFDSPLHF,HLA-A*02:01,FLASKIGRLV,TRUE
CAASSFSGTYKYIF,CASSLTPPAVAGNEQFF,HLA-A*02:01,ELAGIGILTV,TRUE
CAVNDGNKLVF,CASSLSWNQPQHF,HLA-A*02:01,ELAGIGILTV,TRUE
CAVNKITGGGNKLTF,CASKIQGSPEAFF,HLA-A*02:01,ELAGIGILTV,TRUE
CAPPSF,CASSWGQGSPLHF,HLA-A*02:01,ELAGIGILTV,TRUE
CAVSTGFQKLVF,CASSLGETQYF,HLA-A*02:01,ELAGIGILTV,TRUE
CAVSGGYNKLIF,CASSYGGVGAYEQYF,HLA-A*02:01,ELAGIGILTV,TRUE
CAGPREARQLTF,CSATPTGVGQPQHF,HLA-A*02:01,ELAGIGILTV,TRUE
CAVKTGGYQKVTF,CASSLDLSGGITDTQYF,HLA-A*02:01,YLNDHLEPWI,TRUE
CAVIGYSSASKIIF,CASSVDALSSYEQYF,HLA-A*02:01,ELAGIGILTV,TRUE
CAVNYGGSQGNLIF,CASSQDLLSGAQYF,HLA-A*02:01,ELAGIGILTV,TRUE
CAVPYGGATNKLIF,CASRQGWLLMADTQYF,HLA-A*02:01,ELAGIGILTV,TRUE
CAVNNARLMF,CASSLSGGLAFEPDTQYF,HLA-A*02:01,ELAGIGILTV,TRUE
CGVSGGGADGLTF,CASTDSPGLAGGYEQYF,HLA-A*02:01,ELAGIGILTV,TRUE
CAVPTDSWGKLQF,CASSPTGVGQPQHF,HLA-A*02:01,ELAGIGILTV,TRUE
CAASEQGGKLIF,CASSSGFGQPQHF,HLA-A*02:01,ELAGIGILTV,TRUE
CAVGGGGADGLTF,CASSQAQLNTEAFF,HLA-A*02:01,ELAGIGILTV,TRUE
CAVGNSGGYQKVTF,CASSQDHNRGQGYTF,HLA-A*02:01,ELAGIGILTV,TRUE
CKGGSQGNLIF,CASSFQGLGYEQYF,HLA-A*02:01,ELAGIGILTV,TRUE
CAMSISYNNNDMRF,CASSQGAFSVEQYF,HLA-A*02:01,ELAGIGILTV,TRUE
CAVGAGRRALTF,CATALGDSYEQYF,HLA-A*02:01,ELAGIGILTV,TRUE
CAPGAGRRALTF,CASSLLNEQFF,HLA-A*02:01,ELAGIGILTV,TRUE
CAKGGSGYSTLTF,CASSQEPGGAGGYTF,HLA-A*02:01,ELAGIGILTV,TRUE
CAMRPNNQFYF,CASSFLAGGPYNEQFF,HLA-A*02:01,YLNDHLEPWI,TRUE
CAVNRPLTGGGNKLTF,CASSQATSGIFVYEQYF,HLA-A*02:01,ELAGIGILTV,TRUE
CAVPITGGGNKLTF,CASSYSSFGTDTQYF,HLA-A*02:01,ELAGIGILTV,TRUE
CAVSSLGGGSQGNLIF,CASSYWNQPQHF,HLA-A*02:01,ELAGIGILTV,TRUE
CAVDGTGANNLFF,CASSLAPSGEQFF,HLA-A*02:01,ELAGIGILTV,TRUE
CAGARHSFGNEKLTF,CASSLYTRNQPQHF,HLA-A*02:01,IMDQVPFSV,TRUE
CAVRGTGTASKLTF,CASRQLRGLMAYEQYF,HLA-A*02:01,ELAGIGILTV,TRUE
CAVKDSGGGADGLTF,CASSPQGLGQPQHF,HLA-A*02:01,ELAGIGILTV,TRUE
CAVNNDMRF,CASSSPGTGAYGYTF,HLA-A*02:01,ELAGIGILTV,TRUE
CAASRGQKLLF,CSVEDASGGTTDTQYF,HLA-A*02:01,ELAGIGILTV,TRUE
CAVSPDKLIF,CSASAGNQPQHF,HLA-A*02:01,ELAGIGILTV,TRUE
CAVKGNNDMRF,CASSYSALAYEQYF,HLA-A*02:01,ELAGIGILTV,TRUE
CAATGGGGNKLTF,CASSVGGRTGELFF,HLA-A*02:01,IMDQVPFSV,TRUE
CAMSGSNFGNEKLTF,CSVEKGTGELFF,HLA-A*02:01,ELAGIGILTV,TRUE
CAAPGGATNKLIF,CASSYSTPSWTDTQYF,HLA-A*02:01,ELAGIGILTV,TRUE
CAVNPTGGFKTIF,CASCAGMGNEQYF,HLA-A*02:01,ELAGIGILTV,TRUE
CAVNAPSATNKLIF,CASSYGEGSYEQYF,HLA-A*02:01,ELAGIGILTV,TRUE
CAVKNTDKLIF,CASSDSPLSGSPLHF,HLA-A*02:01,ELAGIGILTV,TRUE
CARRDPTGRRALTF,CAISSDSGDEQFF,HLA-A*02:01,YLNDHLEPWI,TRUE
CAARVDMYSGGGADGLTF,CASRPSFLAAFSNEQFF,HLA-A*02:01,ELAGIGILTV,TRUE
CAVFSGGYQKVTF,CASSLGINTEAFF,HLA-A*02:01,ELAGIGILTV,TRUE
CRVGGGADGLTF,CASTLGEGSEAFF,HLA-A*02:01,ELAGIGILTV,TRUE
CAGTRDGGFKTIF,CASSLLGGTIDTQYF,HLA-A*02:01,KTWGQYWQV,TRUE
CAVNAPGSSGDKLTF,CASSHFGLGQPQHF,HLA-A*02:01,ELAGIGILTV,TRUE
CAVSNNNDMRF,CASSQDRWLSGQPQHF,HLA-A*02:01,ELAGIGILTV,TRUE
CAFSGGYQKVTF,CASSFRLAGTGELFF,HLA-A*02:01,ELAGIGILTV,TRUE
CAVNRGFGNVLHC,CASSLGTGDGYTF,HLA-A*02:01,ELAGIGILTV,TRUE
CAVGIIQGAQKLVF,CASSLQGIGNTIYF,HLA-A*02:01,ELAGIGILTV,TRUE
CAVNWWEYGNKLVF,CSARDGTSAEYF,HLA-A*02:01,ELAGIGILTV,TRUE
CAASSGGSYIPTF,CASSQDTSGSGLWTEAFF,HLA-A*02:01,ELAGIGILTV,TRUE
CAVSMDGLMF,CASSGTQPGLGGEQFF,HLA-A*02:01,ELAGIGILTV,TRUE
CAEGGGSQGNLIF,CASSLAGLAGGELFF,HLA-A*02:01,ELAGIGILTV,TRUE
CAVNFRDDKIIF,CSASQGLNTGELFF,HLA-A*02:01,KTWGQYWQV,TRUE
CAVKDQAGTALIF,CASSYGTGQPQHF,HLA-A*02:01,ELAGIGILTV,TRUE
CAVGGGGADGLTF,CASSSSLAGGGELFF,HLA-A*02:01,ELAGIGILTV,TRUE
CAVRGRAGGSYIPTF,CASSQGTGQGETQYF,HLA-A*24:02,CYTWNQMNL,TRUE
CAGQGGKLIF,CSAALGLGEKLFF,HLA-A*02:01,ELAGIGILTV,TRUE
CAVTGGFQKLVF,CASSHTGLGQPQHF,HLA-A*02:01,ELAGIGILTV,TRUE
CALNLGGSQGNLIF,CASPWSWDAEAFF,HLA-A*02:01,FLASKIGRLV,TRUE
CAVEGGADGLTF,CATSDPSGTGVETQYF,HLA-A*02:01,ELAGIGILTV,TRUE
CAVKGDMRF,CASSYGEISGNTIYF,HLA-A*02:01,ELAGIGILTV,TRUE
CAVDNYGQNFVF,CASSYGVLSTDTQYF,HLA-A*02:01,ELAGIGILTV,TRUE
CAVNNARLMF,CASRMGTGTEAFF,HLA-A*02:01,ELAGIGILTV,TRUE
CAIMRGADGLTF,CASSAGLIGANVLTF,HLA-A*02:01,ELAGIGILTV,TRUE
CAPSGGGADGLTF,CASSPIGYTEAFF,HLA-A*02:01,ELAGIGILTV,TRUE
CAGGGSYIPTF,CASSSTDTQYF,HLA-A*02:01,ELAGIGILTV,TRUE
CAMREGYGGKSTF,CASSPRQGHNEQFF,HLA-A*02:01,IMDQVPFSV,TRUE
CAVNNARLMF,CASSPSAQGNEQYF,HLA-A*02:01,ELAGIGILTV,TRUE
CPPSSGGYNKLIF,CASSFWGRTGELFF,HLA-A*02:01,ELAGIGILTV,TRUE
CAVTSVGNKLTF,CASSLSGTNGYTF,HLA-A*02:01,ELAGIGILTV,TRUE
CAVPLAGTGRRALTF,CASSILGVSTDTQYF,HLA-A*02:01,ELAGIGILTV,TRUE
CAVNGGGADGLTF,CASSLPGLAGEETQYF,HLA-A*02:01,ELAGIGILTV,TRUE
CAVNIGKLTF,CSARDTGGGSGELFF,HLA-A*02:01,ELAGIGILTV,TRUE
CAVYGIQGAQKLVF,CASSLGLEGTNQPQHF,HLA-A*02:01,KTWGQYWQV,TRUE
CAMRESSNSNSGYALNF,CASSPRGGTADTQYF,HLA-A*02:01,IMDQVPFSV,TRUE
CAVNSGTDKLIF,CASRFISLGQPQHF,HLA-A*02:01,ELAGIGILTV,TRUE
CAVNIGGGADGLTF,CASSSGQGNEQYF,HLA-A*02:01,ELAGIGILTV,TRUE
CAVNIRGKLIF,CSVPGGQGLNEQYF,HLA-A*02:01,ELAGIGILTV,TRUE
CAVNGFGNEKLTF,CASSQEEGAYNSPLHF,HLA-A*02:01,ELAGIGILTV,TRUE
CAVTYSGAGSYQLTF,CASSQARGDTEAFF,HLA-A*02:01,ELAGIGILTV,TRUE
CAVNVRGKLIF,CAWGGVQGINEQYF,HLA-A*02:01,ELAGIGILTV,TRUE
CAVPNSGGGADGLTF,CASSPGLAGGEQFF,HLA-A*02:01,ELAGIGILTV,TRUE
CAVDSGNTPLVF,CASSLDTLAGGQFF,HLA-A*02:01,ELAGIGILTV,TRUE
CAVSNYQLIW,CASTSGDNEQFF,HLA-A*02:01,ELAGIGILTV,TRUE
CAEFQGAQKLVF,CASSPTGLGQPQHF,HLA-A*02:01,ELAGIGILTV,TRUE
CAVNTGGFKTIF,CASSLPMLYEQFF,HLA-A*02:01,ELAGIGILTV,TRUE
CATGAGGADGLTF,CASGEAFF,HLA-A*02:01,ELAGIGILTV,TRUE
CAVAQGGSEKLVF,CASRGQGLGQPQHF,HLA-A*02:01,ELAGIGILTV,TRUE
CAAYSGGGADGLTF,CASSPQTEYGYTF,HLA-A*02:01,ELAGIGILTV,TRUE
CAIPQKAAGNKLTF,CASSFPQFVTGLPEAFF,HLA-A*02:01,ELAGIGILTV,TRUE
CAVSTGGGADGLTF,CASTPGQGGSPLHF,HLA-A*02:01,ELAGIGILTV,TRUE
CAVDARLMF,CASSPLSRQGGTGELFF,HLA-A*02:01,ELAGIGILTV,TRUE
CAVRTRNSGNTPLVF,CASSLRGLGQPQHF,HLA-A*02:01,ELAGIGILTV,TRUE
CAGKNYGGSQGNLIF,CASSPFPSTDTQYF,HLA-A*02:01,FLASKIGRLV,TRUE
CAVGGSARQLTF,CASSEGQTGNTIYF,HLA-A*02:01,ELAGIGILTV,TRUE
CAVNLGLTAGGTSYGKLTF,CASRAGTEISGYGYTF,HLA-A*02:01,ELAGIGILTV,TRUE
CALGNTDKLIF,CASSAKGLGNTIYF,HLA-A*02:01,ELAGIGILTV,TRUE
CAVISYGGATNKLIF,CASSLGGGTGELFF,HLA-A*02:01,KTWGQYWQV,TRUE
CAVHEGGSQGNLIF,CSAREGNQPQHF,HLA-A*02:01,ELAGIGILTV,TRUE
CAVNNTGNMLTF,CASKNSQGTGNEQFF,HLA-A*02:01,ELAGIGILTV,TRUE
CAASRGTNAGKSTF,CASSITGWGGTEAFF,HLA-A*02:01,SLLMWITQV,TRUE
CAVSI,CASSGRAGTGVQFF,HLA-A*02:01,ELAGIGILTV,TRUE
CAATYSGAGSYQLTF,CASSNQETQYF,HLA-A*02:01,ELAGIGILTV,TRUE
CAVNGGGADGLTF,CASSPGVLASNEQFF,HLA-A*02:01,ELAGIGILTV,TRUE
CAAGGAGNMLTF,CASSLGEGNTIYF,HLA-A*02:01,ELAGIGILTV,TRUE
CAVDSGGGADGLTF,CASSSPANEGTDTQYF,HLA-A*02:01,ELAGIGILTV,TRUE
CAVLNARLMF,CASSSGGARETQYF,HLA-A*02:01,ELAGIGILTV,TRUE
CAVNPGGNKLTF,CATSGGMGAEAFF,HLA-A*02:01,ELAGIGILTV,TRUE
CAVTTDSWGKLQF,CSARPRTSGSGAGELFF,HLA-A*02:01,ELAGIGILTV,TRUE
CAMARSNFGNEKLTF,CASTPAADDRPVGNTIYF,HLA-A*02:01,ELAGIGILTV,TRUE
CAVNGNQFYF,CASSQEEESLGYEQYF,HLA-A*02:01,ELAGIGILTV,TRUE
CAMREANAGGTSYGKLTF,CASSAGGGGQYF,HLA-A*02:01,ELAGIGILTV,TRUE
CAFTGGSQGNLIF,CSVMDPMSGYTIYF,HLA-A*02:01,ELAGIGILTV,TRUE
CAVINYQLIW,CASSLDRDASYNEQFF,HLA-A*02:01,ELAGIGILTV,TRUE
CSNYKLTF,CASSWDRVLYEQYF,HLA-A*02:01,SLLMWITQV,TRUE
CAVNRGFGNVLHC,CASSSGGGGQFF,HLA-A*02:01,ELAGIGILTV,TRUE
CAVNAGNMLTF,CASSDPIGGYGYTF,HLA-A*02:01,ELAGIGILTV,TRUE
CAVNGFDMRF,CASSQDMGWGTDTQYF,HLA-A*02:01,FLASKIGRLV,TRUE
CALGGYSSASKIIF,CASTTTGTSSYEQYF,HLA-A*02:01,ELAGIGILTV,TRUE
CATGGTGRRALTF,CASSQEGGDGYTF,HLA-A*02:01,ELAGIGILTV,TRUE
CAVNGNARLMF,CSLIQGLGTEAFF,HLA-A*02:01,ELAGIGILTV,TRUE
CAVGIMWDDMRF,CASSAPGTGHYEQYF,HLA-A*02:01,ELAGIGILTV,TRUE
CAASI,CASSLGTDTQYF,HLA-A*02:01,ELAGIGILTV,TRUE
CAVKAGNKLTF,CASSEAVLAGGPGDF,HLA-A*02:01,ELAGIGILTV,TRUE
CAVPFGNYGQNFVF,CASSPTGVGQPQHF,HLA-A*02:01,ELAGIGILTV,TRUE
CLVGDMRSGAGSYQLTF,CASISGFVGGDHQETQYF,HLA-A*02:01,ELAGIGILTV,TRUE
CAVNNARLMF,CAISEPGLLSGANVLTF,HLA-A*02:01,ELAGIGILTV,TRUE
CAVNPDRDDKIIF,CASSASALSYEQYF,HLA-A*02:01,ELAGIGILTV,TRUE
CAVNPSGYALNF,CASSLGGLGQPQHF,HLA-A*02:01,ELAGIGILTV,TRUE
CAVNLNTDKLIF,CASSSQGLGNTIYF,HLA-A*02:01,ELAGIGILTV,TRUE
CAVGGGKLIF,CASNKGMNQPQHF,HLA-A*02:01,ELAGIGILTV,TRUE
CAVNQGGKLIF,CASGDSGNTIYF,HLA-A*02:01,ELAGIGILTV,TRUE
CATDANDYKLSF,CASSIGQGETQYF,HLA-A*02:01,FLASKIGRLV,TRUE
CAVKGDDKIIF,CASSQGILSGELFF,HLA-A*02:01,ELAGIGILTV,TRUE
CAVNTGDMRF,CASSPGQGLDTQYF,HLA-A*02:01,ELAGIGILTV,TRUE
CASNTGNQFYF,CASSGAGQENNSPLHF,HLA-A*02:01,SLLMWITQV,TRUE
CAMREALFSGGYNKLIF,CASSLASGATYQETQYF,HLA-A*02:01,KVLEYVIKV,TRUE
CAVSGGADGLTF,CASSLGGNEQFF,HLA-A*02:01,ELAGIGILTV,TRUE
CAFRKWGGADGLTF,CASSQYGNQPQHF,HLA-A*02:01,KVLEYVIKV,TRUE
CAPGGSGNTPLVF,CASSEGGGALSTDTQYF,HLA-A*02:01,ELAGIGILTV,TRUE
CAVEGSSGSARQLTF,CASSSDGNEQFF,HLA-A*02:01,ELAGIGILTV,TRUE
CAVNIETGANNLFF,CASRPTGLGQPQHF,HLA-A*02:01,ELAGIGILTV,TRUE
CAVNDQFYF,CASSPGQLLMNTEAFF,HLA-A*02:01,ELAGIGILTV,TRUE
CAVDSNSGGYQKVTF,CASSYLLTGTSRQETQYF,HLA-A*24:02,CYTWNQMNL,TRUE
CALSDLDSNYQLIW,CASSLYTDTQYF,HLA-A*02:01,RMFPNAPYL,TRUE
CAVGGTGRRALTF,CASSQAEGAGTEAFF,HLA-A*02:01,ELAGIGILTV,TRUE
CAVPYSGGGADGLTF,CASSPHPGTGGYEQYF,HLA-A*02:01,ELAGIGILTV,TRUE
CAVKNAGNKLTF,CASSLNDFYEQYF,HLA-A*02:01,ELAGIGILTV,TRUE
CAVTKGGYNKLIF,CASSTTLTSTGELFF,HLA-A*02:01,ELAGIGILTV,TRUE
CAIDLRSAGGTSYGKLTF,CASSLSVIAGGRETQYF,HLA-A*24:02,CYTWNQMNL,TRUE
CAAGGNNARLMF,CASSPGTVSGQPQHF,HLA-A*02:01,ELAGIGILTV,TRUE
CAANQAGTALIF,CASSQGVLLGQPQHF,HLA-A*02:01,ELAGIGILTV,TRUE
CAVNQGQGAQKLVF,CAWSLPGLSYEQYF,HLA-A*02:01,ELAGIGILTV,TRUE
CAVNPRGSGYALNF,CAAGWGIGTEAFF,HLA-A*02:01,ELAGIGILTV,TRUE
CAMSADNQGGKLIF,CASSQASGGSTNTGELFF,HLA-A*02:01,YLNDHLEPWI,TRUE
CLVLSSGSARQLTF,CASSFGTGAGGELFF,HLA-A*24:02,CYTWNQMNL,TRUE
CAPYSGNTPLVF,CATSEQGQSLTTYNEQFF,HLA-A*02:01,ELAGIGILTV,TRUE
CAPGGGGNKLTF,CATSDLFNNEQFF,HLA-A*02:01,ELAGIGILTV,TRUE
CAVKIQGAQKLVF,CASSQDGGDETPNTEAFF,HLA-A*24:02,CYTWNQMNL,TRUE
CAMREGRGFGNVLHC,CASSTGFGSPLHF,HLA-A*02:01,ELAGIGILTV,TRUE
CAVRQNFVF,CASSQEVSYVPQNYEQYF,HLA-A*02:01,ELAGIGILTV,TRUE
CAAGAGSYQLTF,CASSQGQGQPQHF,HLA-A*02:01,ELAGIGILTV,TRUE
CAAPKRKAAGNKLTF,CASSWGVMNTEAFF,HLA-A*02:01,ELAGIGILTV,TRUE
CAVSGRGSTLGRLYF,CASSWGQMNTEAFF,HLA-A*02:01,ELAGIGILTV,TRUE
CAVREAAGNKLTF,CASRVQGLLMHYEQYF,HLA-A*02:01,ELAGIGILTV,TRUE
CVVTPSNFGNEKLTF,CASSLAGLAGETQYF,HLA-A*02:01,ELAGIGILTV,TRUE
CAVSLGFGNVLHC,CASSNPTGIYEQYF,HLA-A*02:01,ELAGIGILTV,TRUE
CAVRPDKLIF,CASREREGLAVYNEQFF,HLA-A*02:01,ELAGIGILTV,TRUE
CAVTGSNFGNEKLTF,CSARPGEQGGDGYTF,HLA-A*02:01,ELAGIGILTV,TRUE
CILRDRGGSNYKLTF,CASTSYEQYF,HLA-A*02:01,FLASKIGRLV,TRUE
CAVTPTDSWGKLQF,CASSYGMGQPQHF,HLA-A*02:01,ELAGIGILTV,TRUE
CAVGGYRGAGSYQLTF,CASSLEPTANQPQHF,HLA-A*02:01,KVLEYVIKV,TRUE
CAVPGSTGNQFYF,CASSFGFGQPQHF,HLA-A*02:01,ELAGIGILTV,TRUE
CAGNAGGTSYGKLTF,CASSWGQGSAYTF,HLA-A*02:01,ELAGIGILTV,TRUE
CAADPGFQKLVF,CASGMSGGAENEQFF,HLA-A*02:01,ELAGIGILTV,TRUE
CAVNTPPFYF,CASSIRSSYEQYF,HLA-A*02:01,ELAGIGILTV,TRUE
CAGLDFGNEKLTF,CASSLATSPLMNTEAFF,HLA-A*02:01,ELAGIGILTV,TRUE
CAVNILGNTGFQKLVF,CASSPMGVGGNTIYF,HLA-A*02:01,ELAGIGILTV,TRUE
CAYRSARGSQGNLIF,CASSRRWGQGTWRGYEQYF,HLA-A*24:02,CYTWNQMNL,TRUE
CAVNLAGGTSYGKLTF,CASSPGLGNTIYF,HLA-A*02:01,ELAGIGILTV,TRUE
CAVSFSGGYNKLIF,CASSDGGLGQPQHF,HLA-A*02:01,ELAGIGILTV,TRUE
CAVRNAGNNRKLIW,CASSFSLSGGYTF,HLA-A*02:01,ELAGIGILTV,TRUE
CAWKSNQFYF,CASSQELLSSGELFF,HLA-A*02:01,ELAGIGILTV,TRUE
CAAPSNNNDMRF,CASSYGFNQPQHF,HLA-A*02:01,ELAGIGILTV,TRUE
CAASKASGTYKYIF,CASSPGTGLGQPQHF,HLA-A*02:01,ELAGIGILTV,TRUE
CAVSSNSGGYQKVTF,CASNMGGLLSTDTQYF,HLA-A*02:01,ELAGIGILTV,TRUE
CAVNGGGATNKLIF,CAIPGPSNTEAFF,HLA-A*02:01,ELAGIGILTV,TRUE
CAVKNARLMF,CSARDLGSGTGELFF,HLA-A*02:01,ELAGIGILTV,TRUE
CAVNGGSNSGYALNF,CASSYGTGNGYTF,HLA-A*02:01,ELAGIGILTV,TRUE
CAVNGNKLVF,CASSPGPLAGGDNEQFF,HLA-A*02:01,ELAGIGILTV,TRUE
CAEGDNDMRF,CASSLGGGVLFF,HLA-A*02:01,KTWGQYWQV,TRUE
CAVGVQGAQKLVF,CASSVDSGAGTEAFF,HLA-A*02:01,ELAGIGILTV,TRUE
CAVSGGADGLTF,CASSQGGSPLHF,HLA-A*02:01,ELAGIGILTV,TRUE
CAVRRPDNYGQNFVF,CASSPRTSGGVETQYF,HLA-A*02:01,YLNDHLEPWI,TRUE
CAVTPGGYQKVTF,CASSYSGSGNEQFF,HLA-A*02:01,ELAGIGILTV,TRUE
CALSEMF,CASSYGGTSGGPFF,HLA-A*24:02,CYTWNQMNL,TRUE
CAVGSDGQKLLF,CASSEKGGRETQYF,HLA-A*02:01,FLASKIGRLV,TRUE
CAADYSGAGSYQLTF,CASSLGFGGREAYEQYF,HLA-A*02:01,RMFPNAPYL,TRUE
CLVGDSPDSGAGSYQLTF,CAISESATVSYGYTF,HLA-A*02:01,ELAGIGILTV,TRUE
CAASYWAGGADGLTF,CASRFRTLQETQYF,HLA-A*24:02,CYTWNQMNL,TRUE
CAVKRSNFGNEKLTF,CASSQGFYLSGWDTGELFF,HLA-A*02:01,ELAGIGILTV,TRUE
CAVPSGNTPLVF,CASSEYGGGVAGELFF,HLA-A*02:01,ELAGIGILTV,TRUE
CAMGPSGGSYIPTF,CASSRGQINQPQHF,HLA-A*02:01,KTWGQYWQV,TRUE
CAASNSGYALNF,CASSSPSGSGTGELFF,HLA-A*02:01,ELAGIGILTV,TRUE
CAVPAGGTSYGKLTF,CASSPGSGNTIYF,HLA-A*02:01,ELAGIGILTV,TRUE
CAVDTGGGADGLTF,CARGQDAANTGELFF,HLA-A*02:01,ELAGIGILTV,TRUE
CAVNPGGKLQF,CASSQAQIQTGELFF,HLA-A*02:01,ELAGIGILTV,TRUE
CAVNPDRGSTLGRLYF,CAISDPDRTGDEQYF,HLA-A*02:01,RMFPNAPYL,TRUE
CAVNGGNQFYF,CASSLEMGAGTEAFF,HLA-A*02:01,ELAGIGILTV,TRUE
CAVNPGWGGSNYKLTF,CASSVTGQLQETQYF,HLA-A*02:01,ELAGIGILTV,TRUE
CAASFGLRGYSTLTF,CASSIIDRSGTEAFF,HLA-A*02:01,IMDQVPFSV,TRUE
CAVKRSNFGNEKLTF,CASSYTPVSMNTEAFF,HLA-A*02:01,ELAGIGILTV,TRUE
CAVKGSTF,CATSGSSGTEAFF,HLA-A*02:01,ELAGIGILTV,TRUE
CAVNAGNDMRF,CASSYGQGWGYTF,HLA-A*02:01,ELAGIGILTV,TRUE
CAVSI,CASSPPGEEAFF,HLA-A*02:01,ELAGIGILTV,TRUE
CAVNTYSGAGSYQLTF,CASSSQGVGNTIYF,HLA-A*02:01,ELAGIGILTV,TRUE
CAVSGNEKLTF,CASSVYLSGNTIYF,HLA-A*02:01,ELAGIGILTV,TRUE
CALSEGQTGANNLFF,CASSWGGLSNQPQHF,HLA-A*02:01,ELAGIGILTV,TRUE
CAVKRGSQGNLIF,CASSLAWGQPQHF,HLA-A*02:01,ELAGIGILTV,TRUE
CAVNKDFNKFYF,CASSAGGSNEQFF,HLA-A*02:01,ELAGIGILTV,TRUE
CAVTSNSNSGYALNF,CASSPQGVGQPQHF,HLA-A*02:01,ELAGIGILTV,TRUE
CAASGGYQKVTF,CASKPGRDGFNYGYTF,HLA-A*02:01,ELAGIGILTV,TRUE
CAVGGGADGLTF,CASSLGGLGGSEQYF,HLA-A*02:01,ELAGIGILTV,TRUE
CAGRYLNYGGSQGNLIF,CASSLLPAGHEQYF,HLA-A*02:01,IMDQVPFSV,TRUE
CALNTGGFKTIF,CASSQETSGGASQFF,HLA-A*02:01,ELAGIGILTV,TRUE
CAVPQAGTALIF,CASSPGALNTEAFF,HLA-A*02:01,ELAGIGILTV,TRUE
CAVNAGNMLTF,CATSRGQGNEQYF,HLA-A*02:01,ELAGIGILTV,TRUE
CAVGISGGYQKVTF,CASSSGTGSPLHF,HLA-A*02:01,ELAGIGILTV,TRUE
CAVNPSGGYNKLIF,CASAPGQGWGYTF,HLA-A*02:01,ELAGIGILTV,TRUE
CAETTGALYSGAGSYQLTF,CASSDTETGGLETQYF,HLA-A*02:01,ELAGIGILTV,TRUE
CAVNGYSGAGSYQLTF,CASSYGPSWGYTF,HLA-A*02:01,ELAGIGILTV,TRUE
CAVNTGFQKLVF,CASSLSGNEQFF,HLA-A*02:01,ELAGIGILTV,TRUE
CILWVAAGNKLTF,CASSLGLAGGGGIEQFF,HLA-A*02:01,ELAGIGILTV,TRUE
CAPRRNYGQNFVF,CASSPGQGGYEQYF,HLA-A*02:01,IMDQVPFSV,TRUE
CAVNAGNQFYF,CASSLGFLTGELFF,HLA-A*02:01,ELAGIGILTV,TRUE
CAVMDTGRRALTF,CASSYSWDRGINTEAFF,HLA-A*02:01,KTWGQYWQV,TRUE
CAGGDDKIIF,CSASRTGLGQPQHF,HLA-A*02:01,ELAGIGILTV,TRUE
CAVNAGGFKTIF,CASSQEGNTGELFF,HLA-A*02:01,ELAGIGILTV,TRUE
CAVTRDDKIIF,CASSTDRAAQPQHF,HLA-A*02:01,FLASKIGRLV,TRUE
CAYRSAQETSGSRLTF,CASSQGLLGGELFF,HLA-A*02:01,ELAGIGILTV,TRUE
CAVMDSSYKLIF,CASSDAGGHTDTQYF,HLA-A*02:01,CLLWSFQTSA,TRUE
CAMRSTGNQFYF,CASSQDPSRTYEQYF,HLA-A*02:01,FLASKIGRLV,TRUE
CALPSGGTSYGKLTF,CSVEVAGHDEQYF,HLA-A*02:01,YLNDHLEPWI,TRUE
CAEKDDKIIF,CASSFQGLGTEAFF,HLA-A*02:01,ELAGIGILTV,TRUE
CAATDNNARLMF,CASSYGALLGYGYTF,HLA-A*02:01,ELAGIGILTV,TRUE
CAAKEGYSTLTF,CASSSTGGGEKDQPQHF,HLA-A*02:01,CLLGTYTQDV,TRUE
CARRGGADGLTF,CASSLALAGPYEQYF,HLA-A*02:01,ELAGIGILTV,TRUE
CAVNMEVSRGGGADGLTF,CASTLGGLGQPQHF,HLA-A*02:01,ELAGIGILTV,TRUE
CAVRDSNYQLIW,CASSQERGGPDTQYF,HLA-A*02:01,CLLGTYTQDV,TRUE
CAVMDSNYQLIW,CASSEAGDTGELFF,HLA-A*02:01,IMDQVPFSV,TRUE
CAVKEYGNKLVF,CASSPSELADTQYF,HLA-A*02:01,ELAGIGILTV,TRUE
CAVNNNNDMRF,CASSFQGLGTEAFF,HLA-A*02:01,ELAGIGILTV,TRUE
CAVKNNDMRF,CASSQDGLLGELFF,HLA-A*02:01,ELAGIGILTV,TRUE
CAVGAGGYNKLIF,CASSLGASAGELFF,HLA-A*02:01,ELAGIGILTV,TRUE
CAVNTGISGGGADGLTF,CASNHLGIGQPQHF,HLA-A*02:01,ELAGIGILTV,TRUE
CALRRGYGNNRLAF,CASSSWDIQTNTGELFF,HLA-A*02:01,ELAGIGILTV,TRUE
CAVGGFGNVLHC,CASSQTRGAGNTIYF,HLA-A*02:01,ELAGIGILTV,TRUE
CAVNEAGGYNKLIF,CASSYMGLGAYEQYF,HLA-A*02:01,ELAGIGILTV,TRUE
CLVDEAGTALIF,CSASQGLMNTEAFF,HLA-A*02:01,ELAGIGILTV,TRUE
CAMREGSGDSNYQLIW,CASSFGQGLSEQFF,HLA-A*02:01,ELAGIGILTV,TRUE
CAGPRYAQGAQKLVF,CASSFQGLGQPQHF,HLA-A*02:01,ELAGIGILTV,TRUE
CAVNAGFQKLVF,CASSLGVEAFF,HLA-A*02:01,ELAGIGILTV,TRUE
CAVRDAHNNAGNMLTF,CASSVTSSRGGTDTQYF,HLA-A*02:01,CLLWSFQTSA,TRUE
CAVNAGNMLTF,CASSQLGPGQPQHF,HLA-A*02:01,ELAGIGILTV,TRUE
CAVKTDSWGKLQF,CASSPGELVPNTEAFF,HLA-A*02:01,ELAGIGILTV,TRUE
CASPSGNTPLVF,CASSEVVLAGGQSEQFF,HLA-A*02:01,ELAGIGILTV,TRUE
CAVEDSWGKLQF,CASSLGTGDGYGYTF,HLA-A*02:01,IMDQVPFSV,TRUE
CAVNPANARLMF,CASIIQGMGQPQHF,HLA-A*02:01,ELAGIGILTV,TRUE
CAVKTHKLSF,CASSDGGGGSEAFF,HLA-A*02:01,ELAGIGILTV,TRUE
CAVNPGGFKTIF,CASSMGPGFEQYV,HLA-A*02:01,ELAGIGILTV,TRUE
CAVIHNTGNQFYF,CASMGLTLRDTQYF,HLA-A*02:01,ELAGIGILTV,TRUE
CVVSESVGRGNEKLTF,CASSWYGGTNYGYTF,HLA-A*02:01,FLASKIGRLV,TRUE
CAVAGGGADGLTF,CASNPQGAGQPQHF,HLA-A*02:01,ELAGIGILTV,TRUE
CAVNSDMRF,CASSSTGLGNTIYF,HLA-A*02:01,ELAGIGILTV,TRUE
CVVARYGGSQGNLIF,CASRPGTGGNTEAFF,HLA-A*24:02,CYTWNQMNL,TRUE
CAVMDYGQNFVF,CASSLGEGGGYGYTF,HLA-A*02:01,YLNDHLEPWI,TRUE
CAMRGPRGSTLGRLYF,CSARDRAGKETQYF,HLA-A*02:01,FLASKIGRLV,TRUE
CAEASGNTGKLIF,CASSQGMGQGSGNTEAFF,HLA-A*02:01,KTWGQYWQV,TRUE
CAGNTPLVF,CASSLGLGQPQHF,HLA-A*02:01,ELAGIGILTV,TRUE
CAENKAPSNTGKLIF,CASSHWHGTVLNQPQHF,HLA-A*24:02,CYTWNQMNL,TRUE
CAIGPGNMLTF,CATSGGMGQPQHF,HLA-A*02:01,ELAGIGILTV,TRUE
CAVTIVLEGGSQGNLIF,CASSLYQETQYF,HLA-A*02:01,KVLEYVIKV,TRUE
CAVRDRDTGRRALTF,CASSHIAGQETQYF,HLA-A*02:01,FLASKIGRLV,TRUE
CAVSDQETSGSRLTF,CASSSTGSRQETQYF,HLA-A*02:01,FLASKIGRLV,TRUE
CAVRIGSQGNLIF,CASSLLQGTEAFF,HLA-A*02:01,IMDQVPFSV,TRUE
CAIGPGNMLTF,CASTVTSANYNEQFF,HLA-A*02:01,IMDQVPFSV,TRUE
CAVNPLRDDKIIF,CASSFGPNNEQFF,HLA-A*02:01,ELAGIGILTV,TRUE
CAVNRGDMRF,CASSDSGNTIYF,HLA-A*02:01,ELAGIGILTV,TRUE
CLVGEGGGSQGNLIF,CASSLGQGVAEQYF,HLA-A*02:01,RMFPNAPYL,TRUE
CGSGDYKLSF,CASMAVGANVLTF,HLA-A*02:01,ELAGIGILTV,TRUE
CAASSIGEQQTRF,CASSPSTGGLFYNEQFF,HLA-A*02:01,CLLWSFQTSA,TRUE
CALSGPRIQGAQKLVF,CASSQESGLAHNEQFF,HLA-A*02:01,FLASKIGRLV,TRUE
CAENPYSGAGSYQLTF,CASRRGTVYNEQFF,HLA-A*02:01,FLASKIGRLV,TRUE
CAEGGSQGNLIF,CASSLGNEKLFF,HLA-A*02:01,KTWGQYWQV,TRUE
CDRYSTLTF,CASSFGALNTEAFF,HLA-A*02:01,ELAGIGILTV,TRUE
CAVNYGQNFVF,CASSQDPHGGDYNEQFF,HLA-A*02:01,ELAGIGILTV,TRUE
CAAWGKLQF,CASSLNPGGNVLTF,HLA-A*02:01,ELAGIGILTV,TRUE
CAASSLSGSYIPTF,CASRLSGSAYEQYF,HLA-A*02:01,KVLEYVIKV,TRUE
CAVSGQGGKLIF,CASSLGPVIQYF,HLA-A*02:01,IMDQVPFSV,TRUE
CAIGPGNMLTF,CSVDLEANYGYTF,HLA-A*02:01,FLASKIGRLV,TRUE
CALINSGGGADGLTF,CASSLAGGVDTQYF,HLA-A*02:01,KTWGQYWQV,TRUE
CAMSPSNFGNEKLTF,CAIPRRAVSGNTIYF,HLA-A*02:01,ELAGIGILTV,TRUE
CAMREYYAGGTSYGKLTF,CATSRDRVAEKLFF,HLA-A*02:01,ELAGIGILTV,TRUE
CAASRGTGANNLFF,CASSNGYEQYF,HLA-A*02:01,RMFPNAPYL,TRUE
CAVGGGGADGLTF,CASSYGDGNQPQHF,HLA-A*02:01,ELAGIGILTV,TRUE
CALSGPNTGNQFYF,CASSLGILGGSLEPQHF,HLA-A*02:01,KVLEYVIKV,TRUE
CAPSGGGADGLTF,CASSSDEHENIQYF,HLA-A*02:01,ELAGIGILTV,TRUE
CAVNDMRF,CASSPGPGNEQFF,HLA-A*02:01,ELAGIGILTV,TRUE
CAMSYSNFGNEKLTF,CASIGLSSGNTIYF,HLA-A*02:01,ELAGIGILTV,TRUE
CAVESGAGSYQLTF,CASGYNTEAFF,HLA-A*02:01,ELAGIGILTV,TRUE
CAVNPTSYDKVIF,CASSFGGASGYTF,HLA-A*02:01,ELAGIGILTV,TRUE
CAGRGNEKLTF,CASSPTGGAETQYF,HLA-A*02:01,ELAGIGILTV,TRUE
CATDWDGYQLIW,CASSSQVNYEQYF,HLA-A*02:01,FLASKIGRLV,TRUE
CAVRGTYNTDKLIF,CASSSTGELFF,HLA-A*02:01,FLASKIGRLV,TRUE
CLRPGDDMRF,CSVDLEANYGYTF,HLA-A*24:02,CYTWNQMNL,TRUE
CAVNMDTGNQFYF,CASSPHSYEQYF,HLA-A*02:01,ELAGIGILTV,TRUE
CAMAYSNFGNEKLTF,CASSPGTPSLTGELFF,HLA-A*02:01,ELAGIGILTV,TRUE
CAVNRDYKLSF,CSVAGTSGRGPDTQYF,HLA-A*02:01,ELAGIGILTV,TRUE
CAPRNSKLTF,CSVAGTTGYEQYF,HLA-A*02:01,KVLEYVIKV,TRUE
CASMTSGTYKYIF,CASSLEIAQETQYF,HLA-A*02:01,KTWGQYWQV,TRUE
CAVHLNAGGTSYGKLTF,CASSIWGISGQPQHF,HLA-A*02:01,ELAGIGILTV,TRUE
CVRRAGGSYIPTF,CASSFGGGEQFF,HLA-A*02:01,ELAGIGILTV,TRUE
CAVMDSNYQLIW,CASSPPEGGADTQYF,HLA-A*02:01,FLASKIGRLV,TRUE
CALIPDSNYKLTF,CASNDRGMFNEQFF,HLA-A*02:01,CLLWSFQTSA,TRUE
CLVGDIENYGQNFVF,CASSEVQGSTYEQYV,HLA-A*02:01,KTWGQYWQV,TRUE
CGTHDNYGQNFVF,CASSLANSYNEQFF,HLA-A*02:01,SLLMWITQV,TRUE
CAVKKGRDDKIIF,CASSYLIATTFNSPLHF,HLA-A*02:01,ELAGIGILTV,TRUE
CAVNGALTF,CASSLDQGWHQYF,HLA-A*02:01,ELAGIGILTV,TRUE
CAANAGNMLTF,CASSLGGGTEAFF,HLA-A*02:01,ELAGIGILTV,TRUE
CIVRPRGGYNKLIF,CASTIIGTGGIHGELFF,HLA-A*02:01,IMDQVPFSV,TRUE
CAMRRPISSGSARQLTF,CASSQDPVTSGGRSYEQFF,HLA-A*02:01,KTWGQYWQV,TRUE
CAVRADNTDKLIF,CASSQEDWYNEQFF,HLA-A*02:01,KTWGQYWQV,TRUE
CAVTEGGKLIF,CAISVVGGSYNEQFF,HLA-A*02:01,ELAGIGILTV,TRUE
CAVNGGDDKIIF,CASSLAGGTDTQYF,HLA-A*02:01,KTWGQYWQV,TRUE
CAVGLGFGNVLHC,CASSWEGNTEAFF,HLA-A*02:01,ELAGIGILTV,TRUE
CAQFTMNRDDKIIF,CSARAYGTSTTSTDTQYF,HLA-A*02:01,KTWGQYWQV,TRUE
CAVNRVRDARLMF,CASRVGNTEAFF,HLA-A*02:01,FLASKIGRLV,TRUE
CAMSLSNFGNEKLTF,CASSPGTGILYGYTF,HLA-A*02:01,ELAGIGILTV,TRUE
CAMRSVPRTASKLTF,CASSLGGAQPQHF,HLA-A*02:01,ELAGIGILTV,TRUE
CAVRGRVSTDKLIF,CASSQDQGITEAFF,HLA-A*02:01,CLLWSFQTSA,TRUE
CAEPNNRLAF,CATSRVGTNQPQHF,HLA-A*02:01,ELAGIGILTV,TRUE
CAAFNYQLIW,CASSPGQGGTEAFF,HLA-A*02:01,ELAGIGILTV,TRUE
CAENISPPTSSSL,CASSYSLGGGNTIYF,HLA-A*02:01,ELAGIGILTV,TRUE
CAVIQINDYKLSF,CASSLGQDGYTF,HLA-A*02:01,FLASKIGRLV,TRUE
CAFDNARLMF,CASSSWTGMNTEAFF,HLA-A*02:01,ELAGIGILTV,TRUE
CAVDNARLMF,CASTPGVAGGPGETQYF,HLA-A*02:01,ELAGIGILTV,TRUE
CAVLNNARLMF,CSVDGSGGLYEQYF,HLA-A*02:01,ELAGIGILTV,TRUE
CAVRGSSNTGKLIF,CASSQEETAVSGNTIYF,HLA-A*02:01,ELAGIGILTV,TRUE
CILRDFAGNQFYF,CASSLGGSYEQYV,HLA-A*02:01,FLASKIGRLV,TRUE
CAVLEGGGADGLTF,CASSPGLAGGTQYF,HLA-A*02:01,ELAGIGILTV,TRUE
CAVSGGGADGLTF,CASSHGRGNEQYF,HLA-A*02:01,ELAGIGILTV,TRUE
CVVSDLRYSTLTF,CASSPGTGLSYEQYF,HLA-A*02:01,FLASKIGRLV,TRUE
CAMREGWGGNTPLVF,CASSSGQGATNEKLFF,HLA-A*02:01,KVLEYVIKV,TRUE
CAVGFQKLVF,CASSGIPGNEQFF,HLA-A*02:01,ELAGIGILTV,TRUE
CAVNWEEQGGSYIPTF,CASRVSGSLSYNEQFF,HLA-A*02:01,FLASKIGRLV,TRUE
CAPSNSGGYQKVTF,CASSYGSGDGYTF,HLA-A*02:01,ELAGIGILTV,TRUE
CAVREEDYKLSF,CASSFRGPNLYTEAFF,HLA-A*02:01,KLQCVDLHV,TRUE
CAVPGGKSTF,CASSYGGNQPQHF,HLA-A*02:01,ELAGIGILTV,TRUE
CAVPLSNDYKLSF,CASSRQGENIQYF,HLA-A*02:01,ELAGIGILTV,TRUE
CAVNVGGTSYGKLTF,CASSLSLGGTEAFF,HLA-A*02:01,ELAGIGILTV,TRUE
CAVNAGGDKIIF,CAWSTGTGWPLHF,HLA-A*02:01,ELAGIGILTV,TRUE
CAVTGARLMF,CASSKARGNNQPQHF,HLA-A*02:01,ELAGIGILTV,TRUE
CIVRVEDSNYQLIW,CASSQLFNLGQGFPGNTIYF,HLA-A*02:01,KTWGQYWQV,TRUE
CADDMRF,CASSLGYQGRETQYF,HLA-A*02:01,ELAGIGILTV,TRUE
CAVDLMKTSYDKVIF,CASRTGLASTDTQYF,HLA-A*02:01,FLASKIGRLV,TRUE
CAVKGGGKLIF,CASSPEFEVWADTQYF,HLA-A*02:01,ELAGIGILTV,TRUE
CAVNQGRALTF,CASSLGPGSPLHF,HLA-A*02:01,ELAGIGILTV,TRUE
CAVNTGGFKTIF,CASTLGGGQPQHF,HLA-A*02:01,ELAGIGILTV,TRUE
CAVKNARLMF,CATSRDPLNEGEQYF,HLA-A*02:01,ELAGIGILTV,TRUE
CAPSAGKLTF,CSASIAGVGNEQFF,HLA-A*02:01,ELAGIGILTV,TRUE
CAVGPNAGKSTF,CASSPGQGYEQYF,HLA-A*02:01,ELAGIGILTV,TRUE
CAVNTGGFKTIF,CASSYSTGYEQYF,HLA-A*02:01,ELAGIGILTV,TRUE
CAASNYQLIW,CASSLTGGYEQYF,HLA-A*02:01,ELAGIGILTV,TRUE
CAVDNARLMF,CASSFDQTNQPQHF,HLA-A*02:01,ELAGIGILTV,TRUE
CAVSQTGANNLFF,CASSPTGLGSPLHF,HLA-A*02:01,ELAGIGILTV,TRUE
CAAKLSDSSYKLIF,CSAMTSGSSYEQYF,HLA-A*02:01,FLASKIGRLV,TRUE
CAVPNTDKLIF,CASSPGTRLGWATEAFF,HLA-A*02:01,ELAGIGILTV,TRUE
CAASLNTGKLIF,CAILGQGYGYTF,HLA-B*07:02,APRGPHGGAASGL,TRUE
CAMRGDSSYKLIF,CASSLWEKLAKNIQYF,HLA-A*02:01:48,ALWGPDPAAA,TRUE
CATGNDYKLSF,CASQTFSPGQTQF,HLA-B*07:02,APRGPHGGAASGL,TRUE
CAVRGTSGYALNF,CATSFAPGQGEHGYTF,HLA-A*24:02,LYPEFIASI,TRUE
CAMSPLLETGANNLFF,CASSTSTGQGWHYGYTF,HLA-A*24:02,MLIGIPVYV,TRUE
CAGPTTSGTYKYIF,CASSLVSPSEQFF,HLA-A*02:01,YLSNIIPAL,TRUE
CVVSASYNTDKLIF,CASSLFTGTNEQFF,HLA-A*02:01,QLCDVMFYL,TRUE
CAVIDYKLSF,CASSLDQGAQDNEQFF,HLA-A*02:01,YLYDRLLRV,TRUE
CVVSAAQAGTALIF,CASSASTGRNQPQHF,HLA-DRA*01:01,DPPALASTNAEVT,TRUE
CAMSAGANTGNQFYF,CASSLARRQYGYTF,HLA-DRA*01:01,DPPALASTNAEVT,TRUE
CILRAPSGNTPLVF,CASSSQGFYNIQYF,HLA-DRA*01:01,DPPALASTNAEVT,TRUE
CVVSPSGGSYIPTF,CASSPGSPSSYEQYF,HLA-DRA*01:01,DPPALASTNAEVT,TRUE
CALSDPQIKAAGNKLTF,CASSIRNYSNQPQHF,HLA-DRA*01:01,DPPALASTNAEVT,TRUE
CAVAPSQAGTALIF,CASSLRTGQNTEAFF,HLA-DRA*01:01,DPPALASTNAEVT,TRUE
CAFMKRTNRDDKIIF,CASSGGTPYNSPLHF,HLA-DRA*01:01,DPPALASTNAEVT,TRUE
CAVGTSYDKVIF,CASRPWTGANEKLFF,HLA-B*35:01,MPYGYVLNEF,TRUE
CVVFTGGGNKLTF,CASTPQVNYGYTF,HLA-DRA*01:01,GYNSYSVSNSEKHIM,TRUE
CVVFGGNNARLMF,CASTLQANYGYTF,HLA-DRA*01:01,GYNSYSVSNSEKHIM,TRUE
CTVYGGATNKLIF,CSARGGSYNSPLHF,HLA-DRA*01:02:03,FSWGAEGQRPGFGSGG,TRUE
CAGGTGNQFYF,CAISEVGVGQPQHF,HLA-A*02:01:48,AAGIGILTV,TRUE
CALLQGAQKLVF,CSVESGQDYGYTF,HLA-DRA*01,MTEYKLVVVGAVGVGKSALTIQLI,TRUE
CATDGETSGSRLTF,CSASRGATGQPQHF,HLA-DPA1*01:04,MTEYKLVVVGAVGVGKSALTIQLI,TRUE
CAAEAGNHRGSTLGRLYF,CASSLAAGGYFNEQFF,HLA-A*11:01,VVVGADGVGK,TRUE
CAVNPKYTGGFKTIF,CASSQDVTSEWVDTIYF,HLA-C*01:02,AVGVGKSAL,TRUE
CAEYIQGAQKLVF,CASSQEDNEQFF,HLA-C*01:02,AVGVGKSAL,TRUE
CAMRANTDKLIF,CASRLGNTGELFF,HLA-DQA1*05:01,MTEYKLVVVGAGDVGKSALTIQLI,TRUE
CAMRANTDKLIF,CASRQGNTGELFF,HLA-DQA1*05:01,MTEYKLVVVGAGDVGKSALTIQLI,TRUE
CAMRGASQGGSEKLVF,CASSLTSGGFDEQFF,HLA-A*11:01,VVGAVGVGK,TRUE
CAASTGGGNKLTF,CSAREGAGGMGTQYF,HLA-DRA*01:01,MTEYKLVVVGAVGVGKSALTIQLI,TRUE
CAVEGAGSYQLTF,CSASNRLAVNEQFF,HLA-DQA1*05:05,MTEYKLVVVGARGVGKSALTIQLI,TRUE
CAASGNTGTASKLTF,CASSNQLVTGGYGYTF,HLA-DRA*01,MTEYKLVVVGARGVGKSALTIQLI,TRUE
CALSEAGTYKYIF,CASSVAGGGQETQYF,HLA-A*03:01,VVVGAVGVGK,TRUE
CAVNPPDTGFQKLVF,CASSLSFRQGLREQYF,HLA-A*11:01,VVVGAVGVGK,TRUE
CLVGDFNSNSGYALNF,CASKVYGYTF,HLA-B*07:02,GARGVGKSAL,TRUE
CAVRPTSGGSYIPTF,CASSYVGNTGELFF,HLA-A*02:01:48,SLLMWITQC,TRUE
CAVRPTSGGSYIPTF,CASSYVGNTGELFF,HLA-A*02:01:48,SLLMWITQC,TRUE
CALSESHNNAGNMLTF,CAASQNTEAFF,HLA-A*01:01,ILDTAGKEEY,TRUE
CAESSGGGFKTIF,CASSTPGPSAYEQYF,HLA-A*01:01,ILDTAGKEEY,TRUE
CALSESGDAAGNKLTF,CAEGENTEAFF,HLA-A*01:01,ILDTAGKEEY,TRUE
CALSETINNAGNMLTF,CASSQNTEAFF,HLA-A*01:01,ILDTAGKEEY,TRUE
CAVRPTSGGSYIPTF,CASSYVGNTGELFF,HLA-A*02:01:48,SLLMWITQV,TRUE
CAYRSVPKVSGSRLTF,CASSLRGGQSYEQYF,HLA-A*02:01,MLYQHLLPL,TRUE
CAVSGNTGKLIF,CASSQWDNQPQHF,HLA-B*08:01,WMRLLPLL,TRUE
CAASLKTSYDKVIF,CAISEGAPNTEAFF,HLA-A*01:01,FGDHPGHSY,TRUE
CALSGGDSSYKLIF,CASSLADRVNTEAFF,HLA-DRA*01:02:03,VHFFKNIVTPRTPG,TRUE
CATDTTSGTYKYIF,CSARDLTSGANNEQFF,HLA-DRA*01:02:03,ENPVVHFFKNIVTP,TRUE
CASVDGNNRLAF,CASSLGWRGGRYNEQF,HLA-A*02:01,YMLDLQPET,TRUE
CAVNVFPGNQFYF,CASSLGQTYEQYF,HLA-A*68:02,EIFDRYGEEV,TRUE
CALDMFSGGYNKLIF,CATSRVKTSGGYEQYF,HLA-A*68:02,EIFDRYGEEV,TRUE
CVVNDGTGNQFYF,CASSVVDADTQYF,HLA-A*02:06,SVCAGILSYGV,TRUE
CAASIGSNDYKLSF,CASSVVDADTQYF,HLA-A*02:06,SVCAGILSYGV,TRUE
CVAASYNTDKLIF,CASSQVGRGRGAFF,HLA-A*02:06,SVCAGILSYGV,TRUE
CAENSGGSNYKLTF,CASSWERAGKAFF,HLA-DRA*01,VVVGAVGVGKSALTIQLIQN,TRUE
CAMREGPRGGGNKLTF,CSANPIAANSYNEQFF,,MTEYKLVVVGADGVGKSALTIQLI,TRUE
CAMREGPRGGGNKLTF,CSANPIAANSYNEQFF,,MTEYKLVVVGADGVGKSALTIQLI,TRUE
CAATSTDRGSTLGRLYF,CSARDPATNEKLFF,,MTEYKLVVVGADGVGKSALTIQLI,TRUE
CALSEAGAFSGGSNYKLTF,CASSLALGQGDTEAFF,,MTEYKLVVVGADGVGKSALTIQLI,TRUE
CAVFSSGSARQLTF,CASSQAWGGADGELFF,,MTEYKLVVVGADGVGKSALTIQLI,TRUE
CAVDKDCGYQKVTF,CSASPRAGQLSSYNSPLHF,HLA-A*11:01,VVVGAVGVGK,TRUE
CATDPGGFKTIF,CASSLYGGSISYEQYF,HLA-A*11:01,VVGAXGVGK,TRUE
CAERNGGATNKLIF,CASSQDRTGAYSPLHF,HLA-B*35:01,FPLDVGSIVAY,TRUE
CAVTTDSWGKLQF,CASRPGLAGGRPEQYF,HLA-A*02:01:48,LLYGFVNYI,TRUE
CAVTTDSWGKLQF,CASRPGLAGGRPEQYF,HLA-A*02:01:48,LLYGFVNYV,TRUE
CLVVDQKLVF,CASSGGHTGSNEQFF,HLA-B*07:02,APRGPHGGAASGL,TRUE
CLVGEILDNFNKFYF,CASSQRQEGDTQYF,HLA-B*07:02,APRGPHGGAASGL,TRUE
CAFFGQGAQKLVF,CASSLSASGGATDTQYF,HLA-DQA1*03:01,GQVELGGGPGAGSCQ,TRUE
CAVQAGGNNRLAF,CASSLERDGYTF,HLA-DQA1*03:01,GQVELGGGPGAGSCQ,TRUE
CIVSHNAGNMLTF,CASSLERETQYF,HLA-DQA1*03:01,GQVELGGGPGAGSCQ,TRUE
CIVRVEIQGAQKLVF,CASSLGPGQRETQYF,HLA-DQA1*03:01,GQVELGGGPGAGSCQ,TRUE
CIAIYNFNKFYF,CASSLEASSYNSPLHF,HLA-DQA1*03:01,GQVELGGGPGAGSCQ,TRUE
CAFFGQGAQKLVF,CASSLSASGGATDTQYF,HLA-DQA1*03:01,GQVELGGGNAVEVCK,TRUE
CAVQAGGNNRLAF,CASSLERDGYTF,HLA-DQA1*03:01,GQVELGGGNAVEVCK,TRUE
CIVSHNAGNMLTF,CASSLERETQYF,HLA-DQA1*03:01,GQVELGGGNAVEVCK,TRUE
CIVRVEIQGAQKLVF,CASSLGPGQRETQYF,HLA-DQA1*03:01,GQVELGGGNAVEVCK,TRUE
CAFFGQGAQKLVF,CASSLSASGGATDTQYF,HLA-DQA1*03:01,GQVELGGGNAVEVLK,TRUE
CAVQAGGNNRLAF,CASSLERDGYTF,HLA-DQA1*03:01,GQVELGGGNAVEVLK,TRUE
CIVSHNAGNMLTF,CASSLERETQYF,HLA-DQA1*03:01,GQVELGGGNAVEVLK,TRUE
CIVRVEIQGAQKLVF,CASSLGPGQRETQYF,HLA-DQA1*03:01,GQVELGGGNAVEVLK,TRUE
CIVRDSNYQLIW,CSANRDGGGYTF,HLA-DQA1*03:01,GQVELGGGNAVEVCK,TRUE
CAVGGTSGSARQLTF,CAISEGERGSNYGYTF,HLA-DQA1*03:01,GQVELGGGNAVEVCK,TRUE
CAVGFNAGKSTF,CASSLGPTGTNTEAFF,HLA-DQA1*03:01,GQVELGGGNAVEVCK,TRUE
CAMRPNNAGNMLTF,CATSRGNQGPNQPQHF,HLA-DQA1*03:01,GQVELGGGNAVEVCK,TRUE
CIVRVNNAGNMLTF,CASSRLDNGYTF,HLA-DQA1*03:01,GQVELGGGNAVEVCK,TRUE
CAVNQAGTALIF,CASSWAYNEQFF,HLA-DQA1*03:01,GQVELGGGNAVEVCK,TRUE
CAVRDGGSYIPTF,CASSLLPDRGHEQYF,HLA-DQA1*03:01,GQVELGGGNAVEVCK,TRUE
CALSEVNTGGFKTIF,CAISLQGSRSGANVLTF,HLA-DQA1*03:01,GQVELGGGNAVEVCK,TRUE
CIVRVEIQGAQKLVF,CASSLGPGLRETQYF,HLA-DQA1*03:01,GQVELGGGPGAGSCQ,TRUE
CIVRVGYNAGNMLTF,CSAIAGPNQPQHF,HLA-DQA1*03:01,GQVELGGGPGAGSCQ,TRUE
CIVRVGYNAGNMLTF,CSAIAGPNQPQHF,HLA-DQA1*03:01,GQVELGGGNAVEVCK,TRUE
CIVRPQKGGSQGNLIF,CASSHHSTDTQYF,HLA-DQA1*03:01,GQVELGGGNAVEVCK,TRUE
CIVRVAIEGSQGNLIF,CASSLRRGDTIYF,HLA-DQA1*03:01,GQVELGGGPGAGSCQ,TRUE
CIVRVAIEGSQGNLIF,CASSLRRGDTIYF,HLA-DQA1*03:01,GQVELGGGNAVEVCK,TRUE
CIVRLQSGGFKTIF,CSAYSPGDRDFSNYGYTF,HLA-DQA1*03:01,GQVELGGGNAVEVCK,TRUE
CAVDIQGAQKLVF,CASSLRTAISRTDTQYF,HLA-DQA1*03:01,GQVELGGGNAVEVCK,TRUE
CGTLAFGNEKLTF,CASHRGKGNSPLHF,HLA-DQA1*03:01,GQVELGGGNAVEVCK,TRUE
CAGQLWNTGNQFYF,SHLRGASTDTQ,HLA-DQA1*03:01,GQVELGGGNAVEVCK,TRUE
CAVNHGNEKLTF,CASSPWEGRMDTEAFF,HLA-DQA1*03:01,GQVELGGGPGAGSCQ,TRUE
CAVNHGNEKLTF,CASSPWEGRMDTEAFF,HLA-DQA1*03:01,GQVELGGGNAVEVCK,TRUE
CVVVSNTGKLIF,CASSQWVSGEDEQFF,HLA-DQA1*03:01,GQVELGGGNAVEVCK,TRUE
CASSRWGGSEKLVF,CASSDSRTGGTDTQYF,HLA-A*24:02,KYTKAFLV,TRUE
CAVHHLNRDDKIIF,CASSADLGTREQYF,HLA-A*02:01,LLDTVLVNV,TRUE
CAPSKYNNNDMRF,CAISGTEDGELFF,HLA-A*02:01,RQFDITSVSV,TRUE
CAVSPLTSGTYKYIF,CAWSEGDETQYF,HLA-A*24:02,DYIIRSHKV,TRUE
CALSTSMDSNYQLIW,CASSCWDRSTDTQYF,HLA-A*02:01,FVNLEQHVV,TRUE
CAFDNYGQNFVF,CASSLTGSFNEQFF,HLA-C*03:03,YLHAYAKAL,TRUE
CAVNVFNKFYF,CASSFLITDTQYF,HLA-C*05:01,LSDAFVSV,TRUE
CAVQAGTALIF,CASSQPGGGNTEAFF,HLA-B*35:01,FPNIHMETC,TRUE
CVVSAPDTGRRALTF,CASSSGQGFTDTQYF,HLA-C*03:03,LAVFPNIHM,TRUE
CAVVLSYNTDKLIF,CASSLSPPGYLETQYF,HLA-C*12:02,RTHPGRPFF,TRUE
CAVTDSNYQLIW,CATSDFQRGEETQYF,HLA-B*39:01,MRTHPGRPFF,TRUE
CAVAPDNYGQNFVF,CATYSSGANVLTF,HLA-C*12:02,FVGPLDEDF,TRUE
CAVNLLTDSWGKFQF,CATMGSGGNEQFF,HLA-B*35:01,FAFRWVLGIAY,TRUE
CAAYSGGGADGLTF,CASSSVAGITYEQYF,HLA-A*02:01,SISAFNLDVV,TRUE
CAVSYSGSARQLTF,CASNPGGRGEKLFF,HLA-A*02:01,ITADVNYNL,TRUE
CAGLLGDSGAGSYQLTF,CAISESWMSSYNEQFF,HLA-B*40:01,FEADTFFHFV,TRUE
CAAPDAGGTSYGKLTF,CASSPLNPYNEQFF,HLA-C*07:01,KALDYIHHV,TRUE
CAMSPTYSGAGSYQLTF,CSASLLGEGYEQYF,HLA-A*01:01,ALDYIHHVGYV,TRUE
CAASRGPAGGTSYGKLTF,CASSQDAWWLSQPQHF,HLA-A*24:02,AGVNQISYW,TRUE
CATDEGNFVF,CASSPGQRETQYF,HLA-C*06:02,LRFLRNGLT,TRUE
CAYRRRNSGYALNF,CASSLRVWSSYEQYF,HLA-A*24:02,EMQLTPFFI,TRUE
CAGLLGDSGAGSYQLTF,CAISESWMSSYNEQFF,HLA-A*02:01,SLLKLGKLPL,TRUE
CATDEVGDMRF,CAISGSLYNEQFF,HLA-C*07:02,ARHIHEGASL,TRUE
CALSEETDRGSTLGRLYF,CASSQDGGFEQFF,HLA-C*07:02,FRSTRFLHI,TRUE
CAGGGSQGNLIF,CASSQDTGGYSGNTIYF,HLA-B*08:01,VLKNRYLVL,TRUE
CALSDHNTDKLIF,CASISDSYNEQFF,HLA-C*07:02,SRVLHKLEV,TRUE
CVVNMYNQGGKLIF,CASSYSGPNYEQYF,HLA-A*02:01,SLTQILLTWT,TRUE
CAVNSYGKLTF,CASSDGTLGNSPLHF,HLA-A*02:01,HMWRAAFTAER,TRUE
CAASEGDDKIIF,CASSLAWAPEQYF,HLA-A*02:01,LGLWYLQTALE,TRUE
CAVNRAGGSYIPTF,CASSQGQGVLGMKKLFF,HLA-A*02:01,FQVIQPERV,TRUE
CALSEATGFGNEKLTF,CAISDPRDSYEQYF,HLA-C*04:01,IWDYVNKELA,TRUE
CLVIEAGNNRKLIW,CATSDLGLEVDEQFF,HLA-A*11:01,VMVNHLHKY,TRUE
CAMTRGGGGNKLTF,CASSYGGPEQFF,HLA-B*57:01,VSFGLQFQF,TRUE
CAAHSGGYQKVTF,CASSEDEQEYSYEQYF,HLA-C*07:01,KRKEPLKI,TRUE
CIVRLAPYSGNTPLVF,CASISGFMGLMNTEAFF,HLA-C*07:01,FRLIARLL,TRUE
CAVKGDYKLSF,CASSDRSYNEQFF,HLA-B*35:01,RPSTAEKYIF,TRUE
